id,idiom_src,meaning_src,idiom_tgt,meaning_tgt,confidence,verified,lang_pair
2,অকর্মার ধাড়ি,অকাজে অগ্রগণ্য; কোন কাজের নয়; নিতান্ত অলস ব্যক্তি,आँखों का काँटा,A person who is disliked or irritating.,HIGH,False,bn-hi
5,অকাজের গোঁসাই,অনুচিত কাজ করতে মুখিয় থাকা ব্যক্তি,आँखों का काँटा,A person who is disliked or irritating.,HIGH,False,bn-hi
10,অকালপক্ব,ডেঁপো; বয়সের তুলনায় বেশি পাকা; বালকবয়সে বড়দের মতো আচরণকারী,छोटा मुँह बड़ी बात,Talking beyond one's status.,HIGH,False,bn-hi
14,অকালসন্ধ্যা,অসময়ে আগত সময়,सांप भी मर जाए और लाठी भी न टूटे,Finding a solution that satisfies all parties without loss.,HIGH,False,bn-hi
15,অকালসন্ধ্যা,অসময়ে আগত সময়,सांप भी मर जाए और लाठी भी न टूटे,Finding a solution that satisfies all parties without loss.,HIGH,False,bn-hi
18,অকূল,কঠিন বিপদ; চরম মহাসংকট,खून खौलना,To feel extreme anger.,HIGH,False,bn-hi
19,অকূলতারণ,বিপদে যে রক্ষা করে এমন ব্যক্তি,आँखों का काँटा,A person who is disliked or irritating.,HIGH,False,bn-hi
20,অকূলে কূল পাওয়া,নিরুপায় অবস্থা থেকে উদ্ধার পাওয়া; গভীর সঙ্কটে সাহায্য পাওয়া; মহাবিপদ থেকে উদ্ধার পাওয়া,तिनके का सहारा,A small help in a difficult situation.,HIGH,False,bn-hi
21,অকূলে ডোবা,ভীষণ বিপদ বা মহাসঙ্কটে পড়া,खून खौलना,To feel extreme anger.,HIGH,False,bn-hi
24,অকূলের ভেলা,একান্ত নিরুপায় অবস্থার শেষ অবলম্বন,पानी सिर से गुजरना,Situation getting out of control.,HIGH,False,bn-hi
26,অক্টোপাস,চারিদিক থেকে আসা মারাত্মক আক্রমণ,सांप भी मर जाए और लाठी भी न टूटे,Finding a solution that satisfies all parties without loss.,HIGH,False,bn-hi
27,অক্ষয়বট,অতিপ্রাচীন ব্যক্তি; অতিবৃদ্ধ ব্যক্তি,थक कर चूर होना,To be extremely tired.,HIGH,False,bn-hi
30,অক্ষরে অক্ষরে,কিছুমাত্র অন্যথা না করে; কোন ব্যতিক্রম না করে; যথাযথভাবে; সম্পূর্ণভাবে,सांप भी मर जाए और लाठी भी न टूटे,Finding a solution that satisfies all parties without loss.,HIGH,False,bn-hi
34,অগতির গতি,অনন্যোপায়ের উপায়,पानी सिर से गुजरना,Situation getting out of control.,HIGH,False,bn-hi
35,অগত্যা মধুসূদন,অনন্যোপায় হয়ে; নিমরাজী,पानी सिर से गुजरना,Situation getting out of control.,HIGH,False,bn-hi
36,অগভীর জলের পুঁটিমাছ,অল্প ধন/বিদ্যা নিয়ে বড়াইকারী লোক,आँखों का काँटा,A person who is disliked or irritating.,HIGH,False,bn-hi
37,অগর-মগর করা,নানা অজুহাত দেখানো; কিছু করা বা না করার পক্ষে নানা অজুহাত/ওজর/যুক্তি দেখানো,नाक ऊँची करना,To make proud.,HIGH,False,bn-hi
38,অগস্ত্যযাত্রা,"চিরদিনের জন্য প্রস্থান; শেষযাত্রা, যে-যাত্রায় বিদেশযাত্রী আর ঘরে ফিরে আসে না",आसमान से गिरा खजूर में अटका,From bad to worse.,HIGH,False,bn-hi
40,অগাধ জল,চরম বিপদ,खून खौलना,To feel extreme anger.,HIGH,False,bn-hi
41,অগাধ জলের মাছ,খুব চালাক লোক; সুচতুর ব্যক্তি; যার মনোভাব বোঝা যায় না,पैर जमाना मुश्किल होना,Hard to establish oneself.,HIGH,False,bn-hi
42,অগ্নি-অবতার,অতি ক্রুদ্ধব্যক্তি,थक कर चूर होना,To be extremely tired.,HIGH,False,bn-hi
43,অগ্নিকন্যা,অতিতেজস্বী নারী,थक कर चूर होना,To be extremely tired.,HIGH,False,bn-hi
45,অগ্নিগর্ভ,অত্যন্ত উত্তেজনাপূর্ণ; উত্তপ্ত,थक कर चूर होना,To be extremely tired.,HIGH,False,bn-hi
47,অগ্নিদাতা,হিন্দুদের মধ্যে যে মৃতের মুখাগ্নি করে,आँखों का काँटा,A person who is disliked or irritating.,MEDIUM,False,bn-hi
48,অগ্নিপরীক্ষা,কঠিন পরীক্ষা; কঠিন পরিস্থিতির সম্মুখীন,तिनके का सहारा,A small help in a difficult situation.,HIGH,False,bn-hi
55,অগ্নিমূর্তি,অতিশয় ক্রুদ্ধ,थक कर चूर होना,To be extremely tired.,HIGH,False,bn-hi
56,অগ্নিমূল্য,অত্যন্ত আক্রা; চড়াদাম,थक कर चूर होना,To be extremely tired.,HIGH,False,bn-hi
58,অগ্নিশর্মা,"অত্যন্ত কোপনস্বভাব-ব্যক্তি; ক্রুদ্ধ, ক্ষিপ্ত",थक कर चूर होना,To be extremely tired.,HIGH,False,bn-hi
59,অগ্নিসংস্কার,মন্ত্র পড়ে শবদাহ; মৃতদেহ সৎকার,दिल पर पत्थर रखना,To control emotions with difficulty.,HIGH,False,bn-hi
66,অগ্রপশ্চাৎ,অগ্রপশ্চাৎ বিবেচনা না করে কাজ করলে ফল ভালো হয় না,सांप भी मर जाए और लाठी भी न टूटे,Finding a solution that satisfies all parties without loss.,HIGH,False,bn-hi
72,অঙ্কুরে বিনষ্ট,শুরুতেই নাশ/বিনাশ,आसमान से गिरा खजूर में अटका,From bad to worse.,HIGH,False,bn-hi
75,অঙ্কস্থ,আয়ত্ব; হস্তগত,छोटा मुँह बड़ी बात,Talking beyond one's status.,HIGH,False,bn-hi
76,অঙ্কস্থ,আয়ত্ব; হস্তগত,छोटा मुँह बड़ी बात,Talking beyond one's status.,HIGH,False,bn-hi
77,অঙ্গ জল হওয়া,ভয় পাওয়া,खून खौलना,To feel extreme anger.,HIGH,False,bn-hi
80,অঙ্গুলিত্রান,সতর্কতামূলক ব্যবস্থা গ্রহণ করা,दिल पर लेना,To take something personally.,HIGH,False,bn-hi
81,অঙ্গুলি নির্দেশ,আঙ্গুলের ইসারা; আঙ্গুলের নির্দেশ,दिल पर पत्थर रखना,To control emotions with difficulty.,HIGH,False,bn-hi
87,অজগ্রাম,নিতান্ত অপরিচিত ক্ষুদ্রপল্লী,तिनके का सहारा,A small help in a difficult situation.,HIGH,False,bn-hi
89,অজাতশত্রু,যার শত্রু নাই; যার শত্রু জন্মায়নি; যে শত্রুতা করে না,नाक ऊँची करना,To make proud.,HIGH,False,bn-hi
90,অজাতশ্মশ্রু,যার গোঁফদাড়ি জন্মায়নি; অপ্রাপ্তবয়স্ক বা অল্পবয়স্ক,कान पकड़ना,To promise not to repeat a mistake.,HIGH,False,bn-hi
91,অজা যুদ্ধ,যেখানে লড়াই থেকে আস্ফালন বেশি; যেকাজে আড়ম্বর বেশি ফললাভ সামান্য,दिल पर पत्थर रखना,To control emotions with difficulty.,HIGH,False,bn-hi
95,অঞ্চলনিধি,অত্যন্ত প্রিয়বোধে যা আঞ্চলের নীচে ঢেকে রাখা হয়; স্বামী বা সন্তান; মূলতঃ আদরের পুত্রসন্তান,खून खौलना,To feel extreme anger.,HIGH,False,bn-hi
96,অঞ্চলপ্রভাব,স্বামীর উপর স্ত্রীর প্রভাব/প্রভুত্ব; স্ত্রীর একান্ত অনুগত,थक कर चूर होना,To be extremely tired.,HIGH,False,bn-hi
98,অতশত,খুঁটিনাটি; নানাবিধ বিষয়,दीवारों के कान होना,Confidential matters may be overheard.,HIGH,False,bn-hi
100,অতিগর্জনে ফোঁটাবৃষ্টি,হাঁকডাকওয়ালারা কাজের বেলায় অষ্টরম্ভা,ऊँट के मुँह में जीरा,Too little for need.,HIGH,False,bn-hi
105,অতিলোভে তাঁতী নষ্ট,অতিরিক্ত লোভে সম্পূর্ণ ক্ষতি হয়,रंग में भंग डालना,To ruin enjoyment.,HIGH,False,bn-hi
106,অথৈ জল,চরম সংকট; ভীষণ বিপদ,खून खौलना,To feel extreme anger.,HIGH,False,bn-hi
107,অথৈ জলের মাছ,সুচতুর ব্যক্তি; চাপা স্বভাবের লোক,दिल पर पत्थर रखना,To control emotions with difficulty.,HIGH,False,bn-hi
108,অদল-বদল,তুল্যবিষয়ের পরিবর্তন,सांप भी मर जाए और लाठी भी न टूटे,Finding a solution that satisfies all parties without loss.,HIGH,False,bn-hi
109,অদানে অব্রাহ্মণে,সৎ বা সার্থক কাজে নয়; সাধারণত বাজে কাজে অর্থ ও পরিশ্রম ব্যয় সম্পর্কে প্রযোজ্য হয়,कान पकड़ना,To promise not to repeat a mistake.,HIGH,False,bn-hi
110,অদিনে অক্ষণে,শুভ বা প্রশস্ত দিন বা সময় নয়; খুবই দুর্দিনে এবং কুক্ষণে,आसमान से गिरा खजूर में अटका,From bad to worse.,HIGH,False,bn-hi
111,অদৃষ্টের কিল,ভাগ্যবিপর্যয়; ভাগ্যের মার; কপালের ফের; গ্রহের ফের; বিধির বিড়ম্বনা,आसमान से गिरा खजूर में अटका,From bad to worse.,HIGH,False,bn-hi
112,অধঃপাতে যাওয়া,উচ্ছন্নে যাওয়া; কুসংসর্গে নষ্ট হওয়া; দুশ্চরিত্র হওয়া,कान खड़े होना,To become alert.,HIGH,False,bn-hi
113,অধমাধম,অধমেরও অধম; অত্যন্ত নিকৃষ্ট/নীচ,थक कर चूर होना,To be extremely tired.,HIGH,False,bn-hi
114,অধিকগর্জনে অল্পবর্ষণ,বেশি গর্জন বা হুমকির পর অল্প কাজ বা ফলাফল,आसमान सिर पर उठाना,To create a lot of noise or chaos.,HIGH,False,bn-hi
115,অধিক সন্ন্যাসীতে গাজন নষ্ট,অবাঞ্ছিত বহুব্যক্তির সমাবেশে মতভেদজনিত কারণে সমস্ত কাজকর্ম পণ্ড,सांप भी मर जाए और लाठी भी न टूटे,Finding a solution that satisfies all parties without loss.,HIGH,False,bn-hi
122,অনন্তরূপিণী,নানারূপধারিণী,आँखों का काँटा,A person who is disliked or irritating.,HIGH,False,bn-hi
125,অনভ্যাসের ফোঁটা,আচমকা সৌভাগ্যের অস্বস্তি,रातों-रात बदल जाना,Sudden change.,HIGH,False,bn-hi
127,অনাগতবিধাতা,আগাম উদ্যোগকারী; ভবিষ্যতের জন্য সংস্থানকারী; ভাবি অনিষ্টের প্রতিকারক; যে পরিণামের চিন্তায় আগাম ব্যবস্থা গ্রহণ করে বা প্রস্তুত থাকে,आँखों का काँटा,A person who is disliked or irritating.,HIGH,False,bn-hi
131,অনামুখো,কুৎসিত ব্যক্তি; যার মুখ দেখলে অমঙ্গল হয়,मुँह की खाना,To face defeat.,HIGH,False,bn-hi
132,অনাসৃষ্টি,অদ্ভূত; কুৎসিত; সৃষ্টিছাড়া,पानी सिर से गुजरना,Situation getting out of control.,HIGH,False,bn-hi
134,অনিষ্ট হতে ইষ্টলাভ,মন্দঘটনা থেকে ভালো ঘটনার উৎপত্তি; সমতুল্য- শাপে বর; অহিতে বিপরীত,आसमान से गिरा खजूर में अटका,From bad to worse.,HIGH,False,bn-hi
135,অনুপান,ঔষধের সাথে বা পরে পান করা মিষ্টিরস,दिल पर पत्थर रखना,To control emotions with difficulty.,HIGH,False,bn-hi
136,অনুরোধে ঢেঁকি গিলা,অনুরোধ এড়াতে না পেরে অনিচ্ছা সত্ত্বেও কোনো কাজ করা,हाथ जोड़ना,To request humbly.,HIGH,False,bn-hi
137,অনুরোধে ঢেঁকি গেলা,অনুরোধে দুরূহ কাজ করতে সম্মত হওয়া,तिनके का सहारा,A small help in a difficult situation.,HIGH,False,bn-hi
138,অনুলোম বিবাহ,উচ্চবর্ণের পাত্রের সাথে নীচবর্ণের পাত্রীর বিয়ে,दिल पर पत्थर रखना,To control emotions with difficulty.,HIGH,False,bn-hi
139,অনেক কাঠখড় পুড়িয়ে,বহু চেষ্টা ও পরিশ্রম করে,कलेजा ठंडा होना,To feel satisfied after revenge.,HIGH,False,bn-hi
140,অনেক জলের মাছ,অত্যন্ত চালাক; চালচলন টের পাওয়া যায় না এমন সুচতুর ব্যক্তি,थक कर चूर होना,To be extremely tired.,HIGH,False,bn-hi
141,অনেক সন্ন্যাসীতে গাজন নষ্ট,বহুজনের কর্তৃত্ব থাকলে অনুষ্ঠানে কাজের থেকে অকাজ বেশি হয়; ফলে কাজকর্মে বিশৃঙ্খলা দেখা দেয়,सिर पर चढ़ाना,To spoil someone with too much affection.,HIGH,False,bn-hi
142,অন্তর টিপুনি,গোপন ব্যথা; অন্যের অজ্ঞাতে কারো মনে গোপনে আঘাত,नज़रबंद करना,To restrict someone's freedom.,HIGH,False,bn-hi
146,অন্তর্দাহ,ঈর্ষাজনিত কারণে গাত্রদাহ,दिल में आग लगना,To feel jealousy or anger.,HIGH,False,bn-hi
148,অন্ধ ও খোঁড়ার পথ চলা,অন্ধের সাহায্যে খোঁড়ার পথ চলা,पानी सिर से गुजरना,Situation getting out of control.,HIGH,False,bn-hi
149,অন্ধকার দেখা,বিপদের আশঙ্কায় বা ভয়ে ও ভাবনায় দিশেহারা হওয়া,कान खड़े होना,To become alert.,HIGH,False,bn-hi
151,অন্ধকারে উকুন বাছা,যে কাজ করা কোনমতে সম্ভব নয়,सांप भी मर जाए और लाठी भी न टूटे,Finding a solution that satisfies all parties without loss.,HIGH,False,bn-hi
153,অন্ধকারে ঢিল ছোঁড়া,কার্যসিদ্ধি হতে পারে এই আশায় অনিশ্চয়তা সত্বেও কিছু করা,सांप भी मर जाए और लाठी भी न टूटे,Finding a solution that satisfies all parties without loss.,HIGH,False,bn-hi
154,অন্ধকারে থাকা,কিছু না জানা; কোন বিষয়ে সম্পূর্ণ অজ্ঞ বা অনভিহিত থাকা,बंदर क्या जाने अदरक का,Someone is unaware of the value or significance of something.,HIGH,False,bn-hi
158,অন্ধগোলাঙ্গুলন্যায়,মুর্খের উপদেশে গরুর লেজ ধরে চলতে দিয়ে এক অন্ধের যেরকম দুর্দশা হয়েছিল সেইরকম,आँखों का काँटा,A person who is disliked or irritating.,HIGH,False,bn-hi
159,অন্ধপঙ্গুন্যায়,একজনের সম্পূর্ণ শক্তি না থাকলে অন্যের সাহায্য নিয়ে কাজ যে সম্পন্ন করা যায় সেইরকম,तिनके का सहारा,A small help in a difficult situation.,HIGH,False,bn-hi
161,অন্ধ পরম্পরা অন্যায়,অনেক অজ্ঞব্যক্তি একসাথে মিলিত হয়ে কাজ করলেও ইষ্টসাধন যে হয় না সেইরকম,सांप भी मर जाए और लाठी भी न टूटे,Finding a solution that satisfies all parties without loss.,HIGH,False,bn-hi
162,অন্ধবিশ্বাস,নির্বিচার যুক্তিহীন আস্থা; যুক্তি দিয়ে বিচার না ক’রে কোনকিছু মনে নেওয়া; যুক্তিহীন গভীর বিশ্বাস,सांप भी मर जाए और लाठी भी न टूटे,Finding a solution that satisfies all parties without loss.,HIGH,False,bn-hi
164,অন্ধ হওয়া,কারো দোষ না দেখা বা পক্ষপাতদুষ্ট হওয়া,नज़रबंद करना,To restrict someone's freedom.,HIGH,False,bn-hi
165,অন্ধহস্তীন্যায়,হাতীর স্বরূপ কি জানতে গিয়ে কয়েকজন অন্ধের যেমন ধারণা হয়েছিল তেমন; অনভিজ্ঞ ব্যক্তি কোন বস্তুর একদেশ দর্শন করে চরম সিদ্ধান্তে উপনীত হলে তাদের অন্ধহস্তীন্যায়ের অন্ধের সাথে তুলনা করা হয়,खून खौलना,To feel extreme anger.,HIGH,False,bn-hi
170,অন্ন ওঠা,আয়ু/পরমায়ু শেষ হওয়া,छोटा मुँह बड़ी बात,Talking beyond one's status.,HIGH,False,bn-hi
171,অন্নগত প্রাণ,ব্যঙ্গার্থে আহার্য ছাড়া বাঁচে না এমন; অন্নের অভাবে প্রাণ যায় যায় অবস্থা,सांप भी मर जाए और लाठी भी न टूटे,Finding a solution that satisfies all parties without loss.,HIGH,False,bn-hi
172,অন্নচিন্তা চমৎকারা,আহার জোটনোর চিন্তা অতি কঠিন ব্যাপার,थक कर चूर होना,To be extremely tired.,HIGH,False,bn-hi
174,অন্নজল ওঠা,চাকরি হারানো; জীবিকা অর্জনের উপায় শেষ,छोटा मुँह बड़ी बात,Talking beyond one's status.,HIGH,False,bn-hi
176,অন্নজলের বরাত ওঠা,আয়ু শেষ হওয়া,छोटा मुँह बड़ी बात,Talking beyond one's status.,HIGH,False,bn-hi
177,অন্নদাস,ব্যঙ্গে-পেটের জন্য পরের আজ্ঞাবহ; ভাতুড়িয়া,आँखों का काँटा,A person who is disliked or irritating.,HIGH,False,bn-hi
178,অন্নধ্বংস করা,ব্যঙ্গে অলসভাবে জীবন কাটানো; বসে বসে খাওয়া,सांप भी मर जाए और लाठी भी न टूटे,Finding a solution that satisfies all parties without loss.,HIGH,False,bn-hi
183,অন্ন মারা,জীবিকার পথ বন্ধ কর,छोटा मुँह बड़ी बात,Talking beyond one's status.,HIGH,False,bn-hi
188,অপত্যস্নেহ,"সন্তানের প্রতি পিতামাতার স্নেহ, ভালোবাসা",छोटा मुँह बड़ी बात,Talking beyond one's status.,HIGH,False,bn-hi
191,অপাঙ্ক্তেয়,গুরুত্বহীন; পাতে পড়ে না; মর্যাদাহীন,सांप भी मर जाए और लाठी भी न टूटे,Finding a solution that satisfies all parties without loss.,HIGH,False,bn-hi
196,অবলা-অখলা,খলতাশূন্য সরলপ্রকৃতির নারী,आसमान से गिरा खजूर में अटका,From bad to worse.,HIGH,False,bn-hi
197,অবশ্য অবশ্য,নিশ্চয়ই; বলা বাহুল্য,जुबान फिसलना,To say something unintentionally.,HIGH,False,bn-hi
198,অবস্থা বুঝে ব্যবস্থা,পরিস্থিতি বিবেচনায় কার্যক্রম,पानी सिर से गुजरना,Situation getting out of control.,HIGH,False,bn-hi
200,অবাকজলপান,তেল লবণ লঙ্কা সহযোগে নানা ভাজাভুজি মিশিয়ে প্রস্তুত মুখরোচক খাদ্য,दिल पर पत्थर रखना,To control emotions with difficulty.,HIGH,False,bn-hi
202,অভদ্রাকাল,আকাল; দুঃসময়; দুঃর্ভিক্ষের সময়,पैर जमाना मुश्किल होना,Hard to establish oneself.,HIGH,False,bn-hi
204,অভেদাত্মা হরিহর,অভিন্নহৃদয় বন্ধু,दिल पर पत्थर रखना,To control emotions with difficulty.,HIGH,False,bn-hi
205,অমনি অমনি,বিনাকারণ; শুধু শুধু,सांप भी मर जाए और लाठी भी न टूटे,Finding a solution that satisfies all parties without loss.,HIGH,False,bn-hi
206,অমনি একরকম,মোটামুটি ভালো; ভালোও নয় আবার মন্দও নয় এমন অবস্থা,सांप भी मर जाए और लाठी भी न टूटे,Finding a solution that satisfies all parties without loss.,HIGH,False,bn-hi
208,অমাবস্যার অন্ধকার,নিবিড় হতাশাজনক অবস্থা,पानी सिर से गुजरना,Situation getting out of control.,HIGH,False,bn-hi
209,অমাবস্যার চাঁদ,অদর্শনীয় বা দুর্লভ বস্তু; যার দেখা পাওয়া যায় না,सांप भी मर जाए और लाठी भी न टूटे,Finding a solution that satisfies all parties without loss.,HIGH,False,bn-hi
210,অমৃতং বালভাষিতম,শিশুর কথা বড়ই শ্রুতিমধুর; তাদের অসংযত কথাবার্তাও কারও বিরক্তি উৎপাদন করে না,नाक में दम करना,To annoy greatly.,HIGH,False,bn-hi
213,অমৃতে অরুচি,অতিপ্রিয় খাদ্যের প্রতি অনীহা; অতিপ্রিয় বস্তুর প্রতি বিরাগ,थक कर चूर होना,To be extremely tired.,HIGH,False,bn-hi
215,অমেরুদণ্ডী,বলিষ্ঠ নয়; দুর্বলচরিত্রের লোক,आँखों का काँटा,A person who is disliked or irritating.,HIGH,False,bn-hi
217,অম্লমধুর সম্পর্ক,"কড়া ও নরম, ভালো ও মন্দ মিশ্রিত সম্পর্ক",दिल पर पत्थर रखना,To control emotions with difficulty.,HIGH,False,bn-hi
218,অম্লানবদনে,দ্বিধাহীনচিত্তে; নিঃসঙ্কোচে- মন্দার্থে,सांप भी मर जाए और लाठी भी न टूटे,Finding a solution that satisfies all parties without loss.,HIGH,False,bn-hi
221,অরুচি ধরা,বিরূপ মনোভাবের সৃষ্টি হওয়া,रंग बदलना,To change attitude quickly.,HIGH,False,bn-hi
227,অর্থপিশাচ,"অর্থলাভের জন্য ভালোমন্দ, ন্যায়-অন্যায়বোধশূন্য",दिल में जगह बनाना,To gain affection.,HIGH,False,bn-hi
228,অর্থমনর্থম্,অর্থই যত নষ্টের গোড়া,सांप भी मर जाए और लाठी भी न टूटे,Finding a solution that satisfies all parties without loss.,HIGH,False,bn-hi
229,অর্ধচন্দ্র দেওয়া,অপমান করে বিদায় করা; গলা/ঘাড়ধাক্কা,दिल पर पत्थर रखना,To control emotions with difficulty.,HIGH,False,bn-hi
230,অর্ধজরতীন্যায়,বাদী ও প্রতিবাদীর মতদ্বৈধতার কারণে উভয়পক্ষের কিছু অংশ নিয়ে সিদ্ধান্ত গ্রহণ করা হলে সেটা অর্ধজরতীন্যায়ের মত হয়,आसमान से गिरा खजूर में अटका,From bad to worse.,HIGH,False,bn-hi
239,অলোকসামান্যা,মনুষ্যলোকে দেখা যায় না এমন অসাধারণ সুন্দরী নারী,कान पकड़ना,To promise not to repeat a mistake.,HIGH,False,bn-hi
241,অল্প জলের মাছ,সামান্য পুঁজির বা সম্পদের মালিক; অল্প ধন নিয়ে গর্বকারী ব্যক্তি,आँखों का काँटा,A person who is disliked or irritating.,HIGH,False,bn-hi
242,অল্পবিদ্যা ভয়ংকরী,অল্পবিদ্যা থেকে জাত অহঙ্কার,आसमान से गिरा खजूर में अटका,From bad to worse.,HIGH,False,bn-hi
243,অল্পের উপর দিয়ে যাওয়া,সামান্য ক্ষতিস্বীকার করে বা কষ্টভোগে রেহাই পাওয়া বা কার্যসিদ্ধি হওয়া,बाल-बाल बचना,To narrowly escape danger.,HIGH,False,bn-hi
245,অশিক্ষিত পটুত্ব,যথাবিধি শিক্ষাপ্রাপ্ত না হয়েও কোন বিষয়ে নৈপুণ্য,सांप भी मर जाए और लाठी भी न टूटे,Finding a solution that satisfies all parties without loss.,HIGH,False,bn-hi
246,অশুভস্য কালহরণম,অশুভ কাজে কালক্ষেপণ করা উচিত,आसमान से गिरा खजूर में अटका,From bad to worse.,HIGH,False,bn-hi
257,অষ্টাবক্র,অত্যন্ত বাঁকাচরিত্রের লোক,थक कर चूर होना,To be extremely tired.,HIGH,False,bn-hi
258,অষ্টেপৃষ্ঠে,সারা অঙ্গে; সকলপাশে,सांप भी मर जाए और लाठी भी न टूटे,Finding a solution that satisfies all parties without loss.,HIGH,False,bn-hi
260,অসূর্যস্পশ্যা,সূর্যের মুখ পর্যন্ত দেখে না এমন নারী; পর্দানশিনা নারী,आँखों का काँटा,A person who is disliked or irritating.,HIGH,False,bn-hi
261,অস্ত যাওয়া,"পতন হওয়া, মৃত্যু হওয়া",छोटा मुँह बड़ी बात,Talking beyond one's status.,HIGH,False,bn-hi
263,অস্ত্র,উদ্দেশ্যসাধনের জন্য যন্ত্রের মতো ব্যবহৃত ব্যক্তি; উদ্দেশ্যসাধনে ব্যবহারের উপযুক্ত হাতিয়ার,आँखों का काँटा,A person who is disliked or irritating.,HIGH,False,bn-hi
264,অস্থিচর্মসার,অতিকৃশ; শীর্ণদেহ,थक कर चूर होना,To be extremely tired.,HIGH,False,bn-hi
268,অহিতে বিপরীত,অনিষ্ট থেকে ইষ্ট লাভ; অভিশাপ আশীর্বাদে পরিণত,आसमान से गिरा खजूर में अटका,From bad to worse.,HIGH,False,bn-hi
274,আউট,সংশোধনের বাইরে; বেসামাল,पानी सिर से गुजरना,Situation getting out of control.,HIGH,False,bn-hi
276,আওয়াজ দেওয়া,বিদ্রুপাত্মক ধ্বনি দেওয়া,आसमान से गिरा खजूर में अटका,From bad to worse.,HIGH,False,bn-hi
277,আঁচলধরা,"ব্যক্তিত্বহীন পুরুষ, স্ত্রৈণ, স্ত্রীলোকের নির্দেশে চলা",आँखों का काँटा,A person who is disliked or irritating.,HIGH,False,bn-hi
284,আঁটসাঁট,কড়াকড়ি; ঢিলে নয় এমন টানটান,कान पकड़ना,To promise not to repeat a mistake.,HIGH,False,bn-hi
285,আঁটিসাটি,"হাতটাড়ন, নিজের পাওনাগণ্ডা বুঝে নেওয়ার প্রতি যত্ন; স্বার্থপরতা",छोटा मुँह बड़ी बात,Talking beyond one's status.,HIGH,False,bn-hi
288,আঁটুনিকসুনি সার,"কাজের কিছুই নয় কেবল আড়ম্বরমাত্র; শুধু কথায় আসর সরগরম করে, কাজের বেলায় কিছু না",सांप भी मर जाए और लाठी भी न टूटे,Finding a solution that satisfies all parties without loss.,HIGH,False,bn-hi
291,আঁত পাওয়া ভার,"খুব চাপাস্বভাবের লোক, যার মনের অভিপ্রায় জানা মুশকিল",तिनके का सहारा,A small help in a difficult situation.,HIGH,False,bn-hi
292,আঁত বুঝে চলা,মনোভাব বুঝে চলা,नज़रबंद करना,To restrict someone's freedom.,HIGH,False,bn-hi
298,আঁতে ঘা দেওয়া,কারো দুর্বলতার সুযোগ নিয়ে অন্তরে/ইজ্জতে ঘা দেওয়া,नज़रबंद करना,To restrict someone's freedom.,HIGH,False,bn-hi
299,আঁতের টান,অন্তরের টান,दिल टूटना,To feel emotional pain.,HIGH,False,bn-hi
300,আঁতেল,বিদ্রুপে- বুদ্ধিজীবীর ধরনধারণ অনুকরণকারী ব্যক্তি,आँखों का काँटा,A person who is disliked or irritating.,HIGH,False,bn-hi
301,আঁদাড়-পাঁদাড়,"আবর্জনা ভর্তি স্থান, আস্তাকুঁড়",दिल पर पत्थर रखना,To control emotions with difficulty.,HIGH,False,bn-hi
303,আঁধারে ঢিল ছোঁড়া,আন্দাজে কিছু করা; কোন বিষয়ে সঠিক না জেনে আন্দাজে কিছু বলা,सांप भी मर जाए और लाठी भी न टूटे,Finding a solution that satisfies all parties without loss.,HIGH,False,bn-hi
304,আঁধারের আলো,তাপিত হৃদয়ে আনন্দদানকারী বস্তু,सांप भी मर जाए और लाठी भी न टूटे,Finding a solution that satisfies all parties without loss.,HIGH,False,bn-hi
306,আককাটা,"কাণ্ডজ্ঞানহীন মূর্খ; যে কেবল হিজিবিজি রেখা টানে, লিখতে জানে না",आँखों का काँटा,A person who is disliked or irritating.,HIGH,False,bn-hi
307,আককুটে,আবদারী; জেদী; অতিরিক্ত বায়না করে এমন,आँखों का काँटा,A person who is disliked or irritating.,HIGH,False,bn-hi
308,আকখুটের দশা,অসঞ্চয়ীর লক্ষণ; দারিদ্র্যের লক্ষণ; দিন আনে দিন খায়; যখন যা আয় তখন তা ব্যয়,सांप भी मर जाए और लाठी भी न टूटे,Finding a solution that satisfies all parties without loss.,HIGH,False,bn-hi
309,আকচাআকচি,পরস্পর ঈর্ষা-দ্বন্দ্ব; রাগারাগি; রেষারেষি,दिल में आग लगना,To feel jealousy or anger.,HIGH,False,bn-hi
313,আকবরের আমল,অনেকদিন আগের কথা,आसमान से गिरा खजूर में अटका,From bad to worse.,HIGH,False,bn-hi
314,আকর্ণবিস্তৃত হাসি,সারামুখ ছড়িয়ে হাসি,मुँह की खाना,To face defeat.,HIGH,False,bn-hi
319,আকাল,দুঃসময়; দুর্ভিক্ষ,पैर जमाना मुश्किल होना,Hard to establish oneself.,HIGH,False,bn-hi
320,আকাশকুসুম,"অবাস্তব/অলীক/কাল্পনিক বিষয়বস্তু, যার অস্তিত্ব নেই; অলীক কল্পনা",सांप भी मर जाए और लाठी भी न टूटे,Finding a solution that satisfies all parties without loss.,HIGH,False,bn-hi
322,আকাশচুম্বী,অত্যন্ত উচ্চ,थक कर चूर होना,To be extremely tired.,HIGH,False,bn-hi
323,আকাশ ছোঁয়া,"অতি উচ্চে ওঠা, অনেক বড় হওয়া; খুব উন্নতি করা",कान खड़े होना,To become alert.,HIGH,False,bn-hi
324,আকাশ থেকে কথা বলা,অহঙ্কারী হওয়া; বড়বড় কথা বলা,कान में कहना,To speak secretly.,HIGH,False,bn-hi
325,আকাশ থেকে পড়া,অপ্রত্যাশিত ঘটনায় বা অজানা বিষয় হঠাৎ জানতে পেরে অত্যন্ত বিস্মিত হওয়া,थक कर चूर होना,To be extremely tired.,HIGH,False,bn-hi
329,আকাশপাতাল,সর্বত্র; স্বর্গ থেকে নরক,आसमान से गिरा खजूर में अटका,From bad to worse.,HIGH,False,bn-hi
330,আকাশপাতাল এক করা,অসম্ভবকে সম্ভব করা,नाक ऊँची करना,To make proud.,HIGH,False,bn-hi
332,আকাশপাতাল চিন্তা,উদ্দেশ্যহীন নানাপ্রকার দুশ্চিন্তা/দুর্ভাবনা; যে চিন্তা বা ভাবনার অবধি নেই,सांप भी मर जाए और लाठी भी न टूटे,Finding a solution that satisfies all parties without loss.,HIGH,False,bn-hi
338,আকাশবিহারী,কল্পনাপ্রবণ; কল্পনার জগতে বাস করে এমন,आँखों का काँटा,A person who is disliked or irritating.,HIGH,False,bn-hi
339,আকাশবুড়ির সূতা,বুড়ি কার্পাসের ফল ফেটে গিয়ে শূন্যে বায়ুভরে ভাসতে ভাসতে বিভিন্ন অংশ মিলিত হলে সূক্ষ্ম মাকড়সার জালের মত দেখতে হয়,सांप भी मर जाए और लाठी भी न टूटे,Finding a solution that satisfies all parties without loss.,HIGH,False,bn-hi
341,মাথায় আকাশ ভেঙ্গে পড়া,আকস্মিক বিপদে ভাবনাচিন্তায় দিশাহারা হওয়া,दिल पर पत्थर रखना,To control emotions with difficulty.,HIGH,False,bn-hi
344,আকাশ হাতে পাওয়া,"দুরাশা পূর্ণ হওয়া, বিনাপ্রচেষ্টায় দুর্লভবস্তু হাতে পাওয়া বা পাওয়ার আশ্বাস পাওয়া",सांप भी मर जाए और लाठी भी न टूटे,Finding a solution that satisfies all parties without loss.,HIGH,False,bn-hi
346,আকাশে তোলা,প্রাপ্যের অতিরিক্ত প্রশংসা করা,छोटा मुँह बड़ी बात,Talking beyond one's status.,HIGH,False,bn-hi
350,আকাশের চাঁদ পাড়া,অসম্ভবকে সম্ভব করা,नाक ऊँची करना,To make proud.,HIGH,False,bn-hi
351,আকাশের চাঁদ হাতে পাওয়া,আশাতীত বা দুর্লভ বস্তুপ্রাপ্তি,थक कर चूर होना,To be extremely tired.,HIGH,False,bn-hi
352,আকাশের তারা গোনা,অকাজে অলসভাবে সময় কাটানো,सांप भी मर जाए और लाठी भी न टूटे,Finding a solution that satisfies all parties without loss.,HIGH,False,bn-hi
353,আকুলি-বিকুলি করা,অতিশয় ব্যাকুল হওয়া; উৎকণ্ঠিত হওয়া; ব্যস্তসমস্ত হয়ে পড়া,आग बबूला होना,To become extremely angry.,HIGH,False,bn-hi
354,আক্কেলগুড়ুম,আকস্মিক ভয়ে বুদ্ধিলোপ; হতবুদ্ধি; হতভম্ব অবস্থা,रातों-रात बदल जाना,Sudden change.,HIGH,False,bn-hi
358,আক্কেল হওয়া,বিপদে পরে শিক্ষা নেওয়া; শাস্তি পাওয়া,कलेजा ठंडा होना,To feel satisfied after revenge.,HIGH,False,bn-hi
359,আখের গুছানো,ভবিষ্যৎ গুছানো; স্বার্থ হাসিল করা,छोटा मुँह बड़ी बात,Talking beyond one's status.,HIGH,False,bn-hi
364,আগড়বাগড় খেয়ে পেট ভরানো,অসার খাদ্য খেয়ে উদরপূর্তি করা,छोटा मुँह बड़ी बात,Talking beyond one's status.,HIGH,False,bn-hi
365,আগাগোড়া,শুরু থেকে শেষপর্যন্ত,आसमान से गिरा खजूर में अटका,From bad to worse.,HIGH,False,bn-hi
366,আগাপাস্তালা,আপাদমস্তক; উপর থেকে নীচ পর্যন্ত; সর্বাঙ্গ,आसमान से गिरा खजूर में अटका,From bad to worse.,HIGH,False,bn-hi
368,আগুন দেওয়া,উত্তেজিত করা; ঝগড়া সৃষ্টি করা,आसमान सिर पर उठाना,To create a lot of noise or chaos.,HIGH,False,bn-hi
369,আগুন নিয়ে খেলা করা,অনিষ্টকর জিনিসে হাত দেওয়া; বিপজ্জনক বিষয় নিয়ে ছিনিমিনি খেলা; বিপদের ঝুঁকি নিয়ে কাজ করা,सांप भी मर जाए और लाठी भी न टूटे,Finding a solution that satisfies all parties without loss.,HIGH,False,bn-hi
372,আগুন-লাগা সংসার,নষ্ট হচ্ছে এমন সংসার,सांप भी मर जाए और लाठी भी न टूटे,Finding a solution that satisfies all parties without loss.,HIGH,False,bn-hi
373,আগুন লাগানো,উত্তেজিত করা; ঝগড়া সৃষ্টি করা; রাগিয়ে দেওয়া,कान भरना,To instigate someone.,HIGH,False,bn-hi
374,আগুন হওয়া,অতি ক্রুদ্ধ হওয়া; প্রচণ্ড রেগে যাওয়া,आग बबूला होना,To become extremely angry.,HIGH,False,bn-hi
380,আগেভাগে,আগের থেকে; পূর্বেই; সবার আগে; সর্বাগ্রে,सांप भी मर जाए और लाठी भी न टूटे,Finding a solution that satisfies all parties without loss.,HIGH,False,bn-hi
382,আঙুল কামড়ানো,আফসোস করা,हाथ मलना,To regret deeply.,HIGH,False,bn-hi
383,আঙুল কামড়ানো,আফসোস করা,हाथ मलना,To regret deeply.,HIGH,False,bn-hi
387,আচমকা সুন্দরী,আপাতঃ সুন্দরী না হলেও হঠাৎ দেখলে সুন্দরী মনে হয়; ক্ষণিক রূপের মোহসৃষ্টিকারিণী,दीवारों के कान होना,Confidential matters may be overheard.,HIGH,False,bn-hi
388,আচাভুয়া-বোম্বাচাক,অত্যদ্ভূত বিষয়; অসম্ভব ব্যাপার,थक कर चूर होना,To be extremely tired.,HIGH,False,bn-hi
390,আছোলা বাঁশ দেওয়া,কারো সর্বনাশ করা,रंग में भंग डालना,To ruin enjoyment.,HIGH,False,bn-hi
391,আছোলা বাঁশ নেওয়া,যেচে নিজের বিপদ ডেকে আনা; ইচ্ছা করে বিপজ্জনক পরিস্থিতিতে জড়িয়ে পড়া,पानी सिर से गुजरना,Situation getting out of control.,HIGH,False,bn-hi
394,আজকাল বাদে,আজ ও আগামীকাল- এই দু'দিন বাদে,कलेजा ठंडा होना,To feel satisfied after revenge.,HIGH,False,bn-hi
395,আজকালের মধ্যে,অনতিবিলম্বে; দু'একদিনের মধ্যে,सांप भी मर जाए और लाठी भी न टूटे,Finding a solution that satisfies all parties without loss.,HIGH,False,bn-hi
400,আজ বাদে কাল,কয়েকদিন পর; বেশি দেরী নেই; শীঘ্রই,कान पकड़ना,To promise not to repeat a mistake.,HIGH,False,bn-hi
405,আটকাঠ ঘাট,সবদিক; সব বিষয়,दीवारों के कान होना,Confidential matters may be overheard.,HIGH,False,bn-hi
406,আটকিয়া বাঁধা,পুরীমন্দিরে থেকে নিয়মিত একজনের উপযোগী প্রসাদ পাওয়ার জন্য অর্থদান; জগন্নাথের প্রসাদ,आसमान से गिरा खजूर में अटका,From bad to worse.,HIGH,False,bn-hi
408,আটকুড়ের ব্যাটা,"পুত্রহীনের সন্তান; অসম্ভব ব্যাপার, যা হয় না",सांप भी मर जाए और लाठी भी न टूटे,Finding a solution that satisfies all parties without loss.,HIGH,False,bn-hi
409,আট্কে বাঁধা,দৃঢ়ভাবে আটকে যাওয়া বা কঠিন পরিস্থিতিতে বাঁধা পড়া,तिनके का सहारा,A small help in a difficult situation.,HIGH,False,bn-hi
410,আটখানা হওয়া,আনন্দে অধীর হওয়া ফেটে পড়া,दिल पर पत्थर रखना,To control emotions with difficulty.,HIGH,False,bn-hi
411,আটঘাট বাঁধা,সম্ভাব্য সবরকম অবস্থার জন্য প্রস্তুত থাকা; সবদিক সামলে চলা বা সুরক্ষিত করা; সাবধান হওয়া,सांप भी मर जाए और लाठी भी न टूटे,Finding a solution that satisfies all parties without loss.,HIGH,False,bn-hi
414,আটা পেষাই করা,দুরমুশ করা; খুব পিটাই করা; বেদম প্রহার করা,हाथ खड़े करना,To give up.,HIGH,False,bn-hi
417,আটেকাটে,"কষ্টসহিষ্ণু, অত্যন্ত পরিশ্রমী, চৌকশ, সকলদিকে ভারবহনে সক্ষম, সকল বিষয়ে নিপুণ",दीवारों के कान होना,Confidential matters may be overheard.,HIGH,False,bn-hi
420,আঠারো আনা,অতি নিশ্চয়তা; যথেষ্ট সম্ভাবনা,खून खौलना,To feel extreme anger.,HIGH,False,bn-hi
421,আঠারো ঘা,নানাপ্রকার ঘা বা ব্যাধিতে আক্রান্ত,दिल पर पत्थर रखना,To control emotions with difficulty.,HIGH,False,bn-hi
422,আঠারো মাসে বছর,অকর্মণ্যতা; আলস্য; কুঁড়েমি; দীর্ঘসূত্রতা; অহেতুক কালক্ষেপণের ফলে কাজে বিলম্ব,दीवारों के कान होना,Confidential matters may be overheard.,HIGH,False,bn-hi
428,আড়কালা,এক কানে শুনতে পারে না এমন,आसमान से गिरा खजूर में अटका,From bad to worse.,HIGH,False,bn-hi
432,আড়বুঝ,বিপরীত বুদ্ধি; বাঁকা বুদ্ধি; উল্টা বোঝে এমন,आँखों का काँटा,A person who is disliked or irritating.,HIGH,False,bn-hi
434,আড়মোড়া ভাঙা,ঘুম থেকে উঠে শরীরের আড়ষ্টভাব কাটান,आसमान से गिरा खजूर में अटका,From bad to worse.,HIGH,False,bn-hi
437,আড়া,বক্রস্বভাবের লোক,दिल पर पत्थर रखना,To control emotions with difficulty.,HIGH,False,bn-hi
441,আড়াই হাত তালগাছের,কোনো কাজের শেষ এবং সবচেয়ে কঠিন অংশ,तिनके का सहारा,A small help in a difficult situation.,HIGH,False,bn-hi
444,আড়েহাতে লওয়া,প্রতিশোধ নেওয়া; ভীষণ শত্রুতা করা,दिल पर लेना,To take something personally.,HIGH,False,bn-hi
445,আড়েহাতে লাগা,উঠেপড়ে লাগা; উৎসাহের সঙ্গে; প্রাণপণে চেষ্টা করা,छोटा मुँह बड़ी बात,Talking beyond one's status.,HIGH,False,bn-hi
446,আণ্ডাবাচ্চা,"ছোটছোট শিশুসন্তান, ক্রোড়স্থ সন্তান",छोटा मुँह बड़ी बात,Talking beyond one's status.,HIGH,False,bn-hi
450,আতুপুতু করা,অতিরিক্ত যত্ন করা; আদরযত্ন বা সাবধানতার বাড়াবাড়ি করা; সন্তানপালনে যত্ন ও সতর্কতার বাড়াবাড়ি,दिल पर लेना,To take something personally.,HIGH,False,bn-hi
451,আত্মঘোষ,যে নিজের ঢাক নিজেই পেটায়,आँखों का काँटा,A person who is disliked or irritating.,HIGH,False,bn-hi
452,আত্মঘোষ,যে নিজের ঢাক নিজেই পেটায়,आँखों का काँटा,A person who is disliked or irritating.,HIGH,False,bn-hi
454,আত্মবৎ মন্যতে জগৎ,আপনার আয়নায় জগৎ দেখা,छोटा मुँह बड़ी बात,Talking beyond one's status.,HIGH,False,bn-hi
455,আত্মবৎ সর্বভূতেষু,সকল প্রাণীকে আত্মসম জ্ঞান,सांप भी मर जाए और लाठी भी न टूटे,Finding a solution that satisfies all parties without loss.,HIGH,False,bn-hi
456,আত্মরক্ষে ধর্ম,নিজের স্বার্থ সবার আগে,छोटा मुँह बड़ी बात,Talking beyond one's status.,HIGH,False,bn-hi
459,আত্মারাম খাঁচাছাড়া হওয়া,নিদারূণ ভয়ে মৃতপ্রায় হওয়া বা মারা যাওয়া,खून खौलना,To feel extreme anger.,HIGH,False,bn-hi
460,আত্মারাম গুটিয়ে যাওয়া,অত্যন্ত ভয় পাওয়া; ভয়ে আড়ষ্ট বা পাংশু হওয়া,आग बबूला होना,To become extremely angry.,HIGH,False,bn-hi
462,আথালিপাথালি,ব্যাকুল ও ব্যস্ত হয়ে এদিক-ওদিক চাইতে চাইতে; চারদিকে; যেখানে-সেখানে সর্বত্র,सांप भी मर जाए और लाठी भी न टूटे,Finding a solution that satisfies all parties without loss.,HIGH,False,bn-hi
470,আদাজল খেয়ে লাগা,দৃঢ়সংকল্প নিয়ে কাজ করা; নাছোড়বান্দা হয়ে লাগা; প্রাণপণ চেষ্টা করা; মরিয়া হয়ে লাগা,धरना देना,To stand firm on an issue.,HIGH,False,bn-hi
473,আদাড়ের হাঁড়ি,অনাদৃত ব্যক্তি; নীচব্যক্তি; নোংরামনের লোক- গালিবিশেষ,आँखों का काँटा,A person who is disliked or irritating.,HIGH,False,bn-hi
475,আদার ব্যাপারী,"ক্ষুদ্র ব্যবসায়ী; নগণ্য/সামান্য ব্যক্তি, সামান্য বিষয়ে ব্যস্ত ব্যক্তি",दीवारों के कान होना,Confidential matters may be overheard.,HIGH,False,bn-hi
477,আদুরে গোপাল,অত্যন্ত আদরে লালিত-পালিত সন্তান; লাই দিয়ে যার ইহকাল পরকাল শেষ; অতিরিক্ত আহ্লাদী,थक कर चूर होना,To be extremely tired.,HIGH,False,bn-hi
478,আদেখলা,দেখার বা পাওয়ার জন্য এত ব্যগ্র যে মনে হয় পূর্বে কখনো কোনো ভালো জিনিস দেখেনি বা ভোগ করেনি,सांप भी मर जाए और लाठी भी न टूटे,Finding a solution that satisfies all parties without loss.,HIGH,False,bn-hi
479,আদ্যিকালের বদ্যিবুড়ো,অত্যন্ত প্রাচীন বা অভিজ্ঞ ব্যক্তি,थक कर चूर होना,To be extremely tired.,HIGH,False,bn-hi
480,আদরু-পেঁদরু,সাহেবিয়ানার আতিশয্য প্রকাশকারী ব্যক্তি,आँखों का काँटा,A person who is disliked or irritating.,HIGH,False,bn-hi
486,আধমণি কৈলাস,প্রচুর পরিমাণে খেতে পারে এমন লোক,आँखों का काँटा,A person who is disliked or irritating.,HIGH,False,bn-hi
487,আধমরা,উদ্দীপনাহীন নির্জীব; নিস্তেজ,सांप भी मर जाए और लाठी भी न टूटे,Finding a solution that satisfies all parties without loss.,HIGH,False,bn-hi
491,আনকা,অচেনা; অজানা; ঠিকানাহীন; বেঠিক,सांप भी मर जाए और लाठी भी न टूटे,Finding a solution that satisfies all parties without loss.,HIGH,False,bn-hi
495,আনন্দে আটখানা,বেজায় খুশি; হেসে কুটিকুটি,थक कर चूर होना,To be extremely tired.,HIGH,False,bn-hi
497,আনাচ-কানাচ,অস্থানকুস্থান; চারপাশ; জানা-অজানা সবস্থান,सांप भी मर जाए और लाठी भी न टूटे,Finding a solution that satisfies all parties without loss.,HIGH,False,bn-hi
501,আপকা ওয়াস্তে,নিজের জন্য; আত্মসর্বস্ব,छोटा मुँह बड़ी बात,Talking beyond one's status.,HIGH,False,bn-hi
503,আপদ,বিরক্তি-উৎপাদনকারী ব্যক্তি বা বস্তু,सांप भी मर जाए और लाठी भी न टूटे,Finding a solution that satisfies all parties without loss.,HIGH,False,bn-hi
505,আপন কথাই পাঁচকাহন,আত্মপ্রচারসর্বস্ব; নিজের প্রাধান্য স্থাপনের চেষ্টা; আত্মঘোষ,सांप भी मर जाए और लाठी भी न टूटे,Finding a solution that satisfies all parties without loss.,HIGH,False,bn-hi
506,আপন কথাই পাঁচকাহন,আত্মপ্রচারসর্বস্ব; নিজের প্রাধান্য স্থাপনের চেষ্টা; আত্মঘোষ,सांप भी मर जाए और लाठी भी न टूटे,Finding a solution that satisfies all parties without loss.,HIGH,False,bn-hi
507,আপন কোলে ঝোল টানা,নিজের স্বার্থ আগে দেখা,छोटा मुँह बड़ी बात,Talking beyond one's status.,HIGH,False,bn-hi
512,আপনার পায়ে কুড়োল মারা,নিজের অনিষ্ট ক্ষতি বা সর্বনাশ করা,घर का भेदी लंका ढाए,An insider can cause downfall.,HIGH,False,bn-hi
513,আপন হাত জগন্নাথ,নিজের সবকিছু ভালো; নিজের প্রয়াসই যথার্থ,छोटा मुँह बड़ी बात,Talking beyond one's status.,HIGH,False,bn-hi
514,আপনা হাত জগন্নাথ,খুব কৃপণস্বভাবের লোক,थक कर चूर होना,To be extremely tired.,HIGH,False,bn-hi
515,আপনার ঢাক আপনি বাজানো,নিজেই নিজের গুণগান করা; আত্মপ্রশংসা করা; নিজের কথা পুনঃপুনঃ উল্লেখ করা; নিজের বক্ত্যব্যকে গুরুত্ব দেওয়া,छोटा मुँह बड़ी बात,Talking beyond one's status.,HIGH,False,bn-hi
516,আপনি বাঁচলে বাপের নাম,নিজে বেঁচে থাকলে তবেই পিতৃপুরুষের নাম বলা যায়; নিজের স্বার্থের প্রতি সর্বোচ্চ প্রাধান্য দেওয়া,छोटा मुँह बड़ी बात,Talking beyond one's status.,HIGH,False,bn-hi
517,আপ্তবাক্য,অভ্রান্ত বাক্য; দোষগুণ বিচার না করে সত্য বলে গৃহীত বাক্য,सांप भी मर जाए और लाठी भी न टूटे,Finding a solution that satisfies all parties without loss.,HIGH,False,bn-hi
521,আবর্জনা,অবাঞ্ছিত ব্যক্তি,आँखों का काँटा,A person who is disliked or irritating.,HIGH,False,bn-hi
522,আবহমানকাল,অদ্যবধি; চিরকাল; বহুকাল,आसमान से गिरा खजूर में अटका,From bad to worse.,HIGH,False,bn-hi
531,আমগন্ধি,কাঁচাগন্ধযুক্ত; যে খাবার পুরো রান্না হয়নি,सांप भी मर जाए और लाठी भी न टूटे,Finding a solution that satisfies all parties without loss.,HIGH,False,bn-hi
534,আমড়া গাছে আম ফলে না,কারো চরিত্র ও কর্ম তার বংশকুলের বিপরীত হয় না; বিপরীত বাগধারাও সত্য,कान पकड़ना,To promise not to repeat a mistake.,HIGH,False,bn-hi
535,আমড়াগাছি করা,প্রতারণা করা,आँखों में धूल झोंकना,To deceive someone.,HIGH,False,bn-hi
536,আমড়া ভাতে করা,কদর্য বা সৌন্দর্যহীন করা,नाक ऊँची करना,To make proud.,HIGH,False,bn-hi
537,আমতা আমতা করা,ইতস্ততঃ বা দ্বিধা করা; 'হাঁ কি না' খোলসা না-করা; স্বীকারের ইচ্ছা নেই আবার অস্বীকারের উপায়ও নেই,कान पकड़ना,To promise not to repeat a mistake.,HIGH,False,bn-hi
538,আমল না দেওয়া,কাছে ঘেষতে না দেওয়া; দখল না দেওয়া,कान पकड़ना,To promise not to repeat a mistake.,HIGH,False,bn-hi
539,আমল দেওয়া,কর্ণপাত করা; গুরুত্ব/পাত্তা/প্রশ্রয় দেওয়া; গ্রাহ্য করা,हाथ खड़े करना,To give up.,HIGH,False,bn-hi
540,আমসি হওয়া,শুকিয়ে বিবর্ণ বিশীর্ণ হওয়া,कान खड़े होना,To become alert.,HIGH,False,bn-hi
543,আমির-উমরা,সমাজের গণ্যমান্য; প্রভাবশালী; বিত্তশালী; প্রচুর ক্ষমতাসম্পন্ন লোকজন,दिल पर पत्थर रखना,To control emotions with difficulty.,HIGH,False,bn-hi
545,আয়নায় মুখ দেখা,নিজের সুন্দর মুখের মত চরিত্রও সুন্দর করা,छोटा मुँह बड़ी बात,Talking beyond one's status.,HIGH,False,bn-hi
546,আয়ারাম,দলবদল করে অন্যদল থেকে আসা সদস্য,सांप भी मर जाए और लाठी भी न टूटे,Finding a solution that satisfies all parties without loss.,HIGH,False,bn-hi
550,আয়ীবুড়ি,পাকাপাকা কথা বলা অল্পবয়স্কা মেয়ে,छोटा मुँह बड़ी बात,Talking beyond one's status.,HIGH,False,bn-hi
552,আর একটু হলে,বাড়াবাড়ি হলে; বিষয় গুরুতর হলে,कान खड़े होना,To become alert.,HIGH,False,bn-hi
553,আর কতই বা,বেশি কিছু নয়,कान पकड़ना,To promise not to repeat a mistake.,HIGH,False,bn-hi
556,আরশির মুখে পড়শি দেখা,নিজের মতো অপরকে ভাবা,छोटा मुँह बड़ी बात,Talking beyond one's status.,HIGH,False,bn-hi
557,আরশির মুখে পড়শি দেখা,নিজের মতো অপরকে ভাবা,छोटा मुँह बड़ी बात,Talking beyond one's status.,HIGH,False,bn-hi
558,আরশুলা আবার পাখি,উত্তমের সাথে অধমের তুলনা হয় না।,दिल पर पत्थर रखना,To control emotions with difficulty.,HIGH,False,bn-hi
559,আলগা থাকা,কোন কিছুতে জড়িত না হওয়া; নির্লিপ্ত থাকা,पानी सिर से गुजरना,Situation getting out of control.,HIGH,False,bn-hi
560,আলগা ভাব,আন্তরিকতাহীন; লোক দেখানো ভাব,रंग बदलना,To change attitude quickly.,HIGH,False,bn-hi
563,আলটপকা,আচমকা; অপ্রত্যাশিতভাবে; বিনাচেষ্টায় হঠাৎ,सांप भी मर जाए और लाठी भी न टूटे,Finding a solution that satisfies all parties without loss.,HIGH,False,bn-hi
566,আলাইবালাই,আপদবিপদ,आसमान से गिरा खजूर में अटका,From bad to worse.,HIGH,False,bn-hi
568,আলাভোলা,সহজ-সরল; বেখেয়ালি; নিতান্ত ভালমানুষ; সাদাসিধে,थक कर चूर होना,To be extremely tired.,HIGH,False,bn-hi
569,আলালের ঘরের দুলাল,ধনীর ঘরের অতি আদুরে ও প্রায় ক্ষেত্রে বখাটে ছেলে,आसमान से गिरा खजूर में अटका,From bad to worse.,HIGH,False,bn-hi
573,আলেয়ার পিছনে ছোটা,দুর্লভ বস্তুর পিছনে ছোটা,कलेजा ठंडा होना,To feel satisfied after revenge.,HIGH,False,bn-hi
575,আল্লাকা পেয়ারা হো গয়া,মারা গেছেন,दिल में चिंगारी होना,To have passion.,HIGH,False,bn-hi
581,আশমানের চাঁদ হাতে পাওয়া,দুষ্প্রাপ্য জিনিস লাভ করা,थक कर चूर होना,To be extremely tired.,HIGH,False,bn-hi
582,আশাবধি কে গতঃ,আশা অনন্ত ও অসীম; তার শেষসীমায় কেউ পৌঁছাতে পারে না,घर का भेदी लंका ढाए,An insider can cause downfall.,HIGH,False,bn-hi
585,আষ্টেপৃষ্ঠে,চারিদিক থেকে; সর্বাঙ্গ ঘিরে; সারা অঙ্গে,सांप भी मर जाए और लाठी भी न टूटे,Finding a solution that satisfies all parties without loss.,HIGH,False,bn-hi
586,আসকে খেয়েছে ফোঁড় গণেনি,গায়ে ফুঁ দিয়ে বেড়ানো দায়িত্বজ্ঞানহীন ব্যক্তি,आँखों का काँटा,A person who is disliked or irritating.,HIGH,False,bn-hi
587,আসতে কাটে যেতে কাটে,উভয়সঙ্কট; যে অবস্থা থেকে সহজে নিস্তার পাওয়া যায় না,बाल-बाल बचना,To narrowly escape danger.,HIGH,False,bn-hi
592,আসমানের চাঁদ হাতে পাওয়া,দুষ্প্রাপ্য জিনিস লাভ করা,तिनके का सहारा,A small help in a difficult situation.,HIGH,False,bn-hi
593,আসর গরম করা,বিচিত্র কথাবার্তায় উদ্দীপনা সৃষ্টি করা; সরস কথায় সভায় উপস্থিত সকলকে মোহিত করা,आसमान सिर पर उठाना,To create a lot of noise or chaos.,HIGH,False,bn-hi
594,আসর জমানো,আসরে নিজেকে প্রতিষ্ঠিত করা; বাকচাতুর্য এবং হাস্যপরিহাসে আসরকে আনন্দোচ্ছল করা,दिल पर पत्थर रखना,To control emotions with difficulty.,HIGH,False,bn-hi
596,আসল থেকে সুদের কদর বেশি,বাবা-মায়ের কাছে ছেলে-মেয়ে থেকে নাতি-নাতনির টান বেশি।,खून खौलना,To feel extreme anger.,HIGH,False,bn-hi
597,আসা-যাওয়া,ক্ষতিবৃদ্ধি হওয়া,दिल में जगह बनाना,To gain affection.,HIGH,False,bn-hi
598,আসানসোলে কয়লা চালান,যার আছে তাকে আরও দেওয়া; তোষামোদ করা,आँखों का काँटा,A person who is disliked or irritating.,HIGH,False,bn-hi
600,আসতে যেতে গলা কাটা,সকলব্যবহারেই বঞ্চনা করা,आँखों में धूल झोंकना,To deceive someone.,HIGH,False,bn-hi
601,আস্ত কেউটে,ভয়ানক বিপজ্জনক লোক,थक कर चूर होना,To be extremely tired.,HIGH,False,bn-hi
602,আস্ত-না-রাখা,মেরে হাড়গোড় গুড়িয়ে দেওয়া,सांप भी मर जाए और लाठी भी न टूटे,Finding a solution that satisfies all parties without loss.,HIGH,False,bn-hi
604,আস্ত হনুমান,বিদ্রুপে সকল অপকর্মের হোতা,सांप भी मर जाए और लाठी भी न टूटे,Finding a solution that satisfies all parties without loss.,HIGH,False,bn-hi
610,আহারনিদ্রা,যাবতীয়/সব কাজ,सांप भी मर जाए और लाठी भी न टूटे,Finding a solution that satisfies all parties without loss.,HIGH,False,bn-hi
611,সপ্তপদী মৈত্রী,যার সাথে সাত পা হাঁটা যায় তার সাথে বন্ধুত্ব হয়,दिल पर पत्थर रखना,To control emotions with difficulty.,HIGH,False,bn-hi
612,আহ্লাদী পুতুল,অন্যায় আবদারকারী শিশু,आँखों का काँटा,A person who is disliked or irritating.,HIGH,False,bn-hi
613,আহ্লাদে আটখানা,অত্যন্ত খুশি; আনন্দে আত্মহারা,थक कर चूर होना,To be extremely tired.,HIGH,False,bn-hi
615,আহ্লাদে ফুটকড়াই,আনন্দের আতিশয্যে অত্যধিক বাকস্ফূর্তি,खून खौलना,To feel extreme anger.,HIGH,False,bn-hi
616,আহ্লাদে ফুটিফাটা,হেসে লুটোপুটি,दिल पर पत्थर रखना,To control emotions with difficulty.,HIGH,False,bn-hi
618,ইঁচড়ে পাকা,ডেঁপো; ফাজিল; বখাট; বয়সের তুলনায় বেশি পাকা; বালকবয়সে বড়দের মত আচরণ করে; অকালপক্ব; পোঁদপাকা,छोटा मुँह बड़ी बात,Talking beyond one's status.,HIGH,False,bn-hi
619,ইঁদুর কপালে,নিতান্ত মন্দভাগ্য,खून खौलना,To feel extreme anger.,HIGH,False,bn-hi
622,ইঙ্গ-বঙ্গ ভাষা,ইংরাজী ও বাংলা মিশানো ইংলা বা বাংরাজী ভাষা; স্বাধীনতার পর এই বলা-কওয়া খিচুড়িভাষার যথেষ্ট বাড়বাড়ন্ত,कान खड़े होना,To become alert.,HIGH,False,bn-hi
623,ইচ্ছে থাকলে উপায় হয়,প্রবল ইচ্ছা থাকলে কঠিন কাজও সম্পন্ন হয়,तिनके का सहारा,A small help in a difficult situation.,HIGH,False,bn-hi
626,ইটের বদলে পাটকেল,ক্রিয়ার প্রতিক্রিয়া; আঘাত করলে প্রত্যাঘাত পেতে হয়; দুর্ব্যবহার করলে দুর্ব্যবহার প্রাপ্য হয়,मुँह की खाना,To face defeat.,HIGH,False,bn-hi
629,ইতরবিশেষ,অন্য থেকে পার্থক্য; কমবেশি প্রভেদ; সামান্য পার্থক্য,आसमान से गिरा खजूर में अटका,From bad to worse.,HIGH,False,bn-hi
630,ইতিউতি,নানা দিক ভাবার্থে অনুকার শব্দ; এদিক-ওদিক; এখানে সেখানে,सांप भी मर जाए और लाठी भी न टूटे,Finding a solution that satisfies all parties without loss.,HIGH,False,bn-hi
631,ইতিকর্তব্যবিমূঢ়,উপস্থিত কি করতে হবে তা নির্ণয়ে অসমর্থ,पानी सिर से गुजरना,Situation getting out of control.,HIGH,False,bn-hi
634,ইদের চাঁদ,অতি কাঙ্ক্ষিত বস্তু,थक कर चूर होना,To be extremely tired.,HIGH,False,bn-hi
641,ইন্তেজার,আগ্রহের সঙ্গে অপেক্ষা প্রতীক্ষা,दिल पर पत्थर रखना,To control emotions with difficulty.,HIGH,False,bn-hi
649,ইন্দ্রের শচী,যখন যার কাছে থাকে তখন তার; পরের চাটুকারী করে জীবিকা নির্বাহকারী,दिल पर पत्थर रखना,To control emotions with difficulty.,HIGH,False,bn-hi
655,ইলশেগুড়ি,"গুড়িগুড়ি বৃষ্টি; এইরকম বৃষ্টির সময়ে জালে বেশি ইলিশ মাছ ধরা পড়ে, এরকম ধারণা",सांप भी मर जाए और लाठी भी न टूटे,Finding a solution that satisfies all parties without loss.,HIGH,False,bn-hi
656,এলাজ,রোগের উপশম বা চিকিৎসা,आसमान से गिरा खजूर में अटका,From bad to worse.,HIGH,False,bn-hi
657,ইলাহী কাণ্ড,বিরাট ব্যাপার; মহাধুমধাম,आँखें तरेरना,To show anger.,HIGH,False,bn-hi
659,ইলাহী রাত,মহরমের জাগরণের রাত; যে রাত আর শেষ হতে চায় না,सांप भी मर जाए और लाठी भी न टूटे,Finding a solution that satisfies all parties without loss.,HIGH,False,bn-hi
669,জুতা-সেলাই লাগাত চণ্ডীপাঠ,সংসারের যাবতীয় ছোটবড় ভালমন্দ কাজ,तिनके का सहारा,A small help in a difficult situation.,HIGH,False,bn-hi
670,ইস্তক-নাগাদ,শুরু থেকে শেষপর্যন্ত,आसमान से गिरा खजूर में अटका,From bad to worse.,HIGH,False,bn-hi
671,ইস্পার কি উস্পার,চরম নিস্পত্তি,खून खौलना,To feel extreme anger.,HIGH,False,bn-hi
677,উঁচকপালে,সৌভাগ্যবান ব্যক্তি,आँखों का काँटा,A person who is disliked or irritating.,HIGH,False,bn-hi
678,উঁচি দোকান ফীকি পান,দেখনদারী; বাইরের আড়ম্বরমাত্র,सांप भी मर जाए और लाठी भी न टूटे,Finding a solution that satisfies all parties without loss.,HIGH,False,bn-hi
679,উঁচুগাছে ঝড় বেশী,বড়কেই সংসারের সব ঝক্কিঝামেলা সামলাতে হয়,सांप भी मर जाए और लाठी भी न टूटे,Finding a solution that satisfies all parties without loss.,HIGH,False,bn-hi
684,উকুন বাছা,অকাজ করা,खून पसीना एक करना,To work extremely hard.,HIGH,False,bn-hi
685,উকুনের দায়ে মাথা মুড়ানো,তুচ্ছবিপদের মারাত্মক আকার ধারণ করা,पानी सिर से गुजरना,Situation getting out of control.,HIGH,False,bn-hi
689,উচট খেয়ে প্রণাম,অনিচ্ছায় প্রণাম,पैर भारी होना,To feel reluctant to move.,HIGH,False,bn-hi
692,উচ্ছিষ্টভোজী,তোষামোদ করে অন্যের অনুগ্রহলাভকারী; পরমুখাপেক্ষী; হীন মনোবৃত্তির লোক,आँखों का काँटा,A person who is disliked or irritating.,HIGH,False,bn-hi
696,উজাড় বনে শিয়ালরাজা,যেখানে বাধা দেবার কেউ নেই সেখানে নগণ্য কর্তৃত্ব করে,आँखों का काँटा,A person who is disliked or irritating.,HIGH,False,bn-hi
698,উজানে গুণ টানা,নিয়ত বাধা ডিঙিয়ে কাজ করা,खून पसीना एक करना,To work extremely hard.,HIGH,False,bn-hi
702,উটকা নারী,স্বামীগৃহ ছেড়ে পিতৃগৃহে চলে যেতে চায় এমন নারী,आँखों का काँटा,A person who is disliked or irritating.,HIGH,False,bn-hi
706,উঠ ছুঁড়ি তোর বিয়ে,আকস্মিকতা বোঝানো; চটজলদি সিদ্ধান্ত; বিনাপ্রস্তুতিতে কোন কাজ করার ডাক,सांप भी मर जाए और लाठी भी न टूटे,Finding a solution that satisfies all parties without loss.,HIGH,False,bn-hi
707,উটের কাঁটাভোজ,অল্পসুখের জন্য বেশি কষ্ট স্বীকার,ऊँट के मुँह में जीरा,Too little for need.,HIGH,False,bn-hi
711,উঠতে বসতে,যখন তখন; সবসময়,सांप भी मर जाए और लाठी भी न टूटे,Finding a solution that satisfies all parties without loss.,HIGH,False,bn-hi
712,উঠন্তমুলোর পত্তনিতে চেনা,কাজের আরম্ভ দেখেই পরিণাম আন্দাজ করা যায়,घर का भेदी लंका ढाए,An insider can cause downfall.,HIGH,False,bn-hi
713,উঠবস,বিদ্যালয়ে শাস্তি দেওয়ার জন্য বারবার উঠা বসার আদেশ,धरना देना,To stand firm on an issue.,HIGH,False,bn-hi
714,উঠল বাই তো কটক যাই,"চটজলদি সিদ্ধান্ত, বিচার-বিবেচনার অবকাশ নেই",सांप भी मर जाए और लाठी भी न टूटे,Finding a solution that satisfies all parties without loss.,HIGH,False,bn-hi
716,উঠান চাষা,অকাজ বা অকিঞ্চিৎকর কাজ করা,खून पसीना एक करना,To work extremely hard.,HIGH,False,bn-hi
717,উঠান চষা,প্রতিবাদীকে উৎখাত করার জন্য নির্যাতন করা,ठिकाने लगाना,To eliminate someone.,HIGH,False,bn-hi
721,উঠিত-পতিত,"কোন বছর চাষ হয়, কোন বছর চাষ হয় না এমন জমি",सांप भी मर जाए और लाठी भी न टूटे,Finding a solution that satisfies all parties without loss.,HIGH,False,bn-hi
722,উঠে পড়ে লাগা,পূর্ণোদ্যমে কাজে লাগা; সব বাধা অতিক্রম করে কোন কাজ করার চেষ্টা করা,सांप भी मर जाए और लाठी भी न टूटे,Finding a solution that satisfies all parties without loss.,HIGH,False,bn-hi
723,উড়নচণ্ডী,অমিতব্যয়ী; লক্ষ্মীছাড়া; সম্পত্তি নষ্টকারী,दिल पर पत्थर रखना,To control emotions with difficulty.,HIGH,False,bn-hi
724,উড়নপেকে,অপব্যয়ী,आँखों का काँटा,A person who is disliked or irritating.,HIGH,False,bn-hi
725,উড়ে এসে জুড়ে বসা,হঠাৎ এসে সর্বময় কর্তা হয়ে বসা; অনধিকারীর অধিকার,दिल पर पत्थर रखना,To control emotions with difficulty.,HIGH,False,bn-hi
729,উৎকপালী,কদাকার/কুলক্ষণা/মন্দভাগ্যযুক্তা নারী,आँखों का काँटा,A person who is disliked or irritating.,HIGH,False,bn-hi
730,উৎকর্ণ,শোনার জন্য কান খাড়া করে আছে এমন,दिल पर पत्थर रखना,To control emotions with difficulty.,HIGH,False,bn-hi
731,উৎকলিকাকুল,অতিশয় উদ্বিগ্ন,थक कर चूर होना,To be extremely tired.,HIGH,False,bn-hi
735,উত্তমমধ্যম দেওয়া,আচ্ছা করে পিটুনি দেওয়া; প্রচুর প্রহার করা,हाथ खड़े करना,To give up.,HIGH,False,bn-hi
740,উদয়াস্ত,দিনভর; সারাদিন,सांप भी मर जाए और लाठी भी न टूटे,Finding a solution that satisfies all parties without loss.,HIGH,False,bn-hi
741,উদর চিরলে ক বেরোয় না,মহামূর্খ,खून खौलना,To feel extreme anger.,HIGH,False,bn-hi
743,উদরপূর্তি,পেট ভরে আহার,छोटा मुँह बड़ी बात,Talking beyond one's status.,HIGH,False,bn-hi
744,উদরসর্বস্ব,মহাপেটুক; কেবল খাই খাই করে,आँखों का काँटा,A person who is disliked or irritating.,HIGH,False,bn-hi
746,উধোর পিণ্ডি বুধোর ঘাড়ে,একজনের দায় বা দোষ অন্য একজন নিরীহ নির্দোষ ব্যক্তির ঘাড়ে অন্যায়ভাবে বা তার অজ্ঞাতসারে চাপানো,सांप भी मर जाए और लाठी भी न टूटे,Finding a solution that satisfies all parties without loss.,HIGH,False,bn-hi
749,কোটি চৌষট্টি পদের রান্না,অসংখ্য পদের রান্না সম্পূর্ণ; এলাহি আয়োজনে কোন কিছুই বাদ নেই,पानी सिर से गुजरना,Situation getting out of control.,HIGH,False,bn-hi
753,উনভাতে দুনো বল,অল্প বা আধপেটা খেলে শরীর ভালো থাকে,कान पकड़ना,To promise not to repeat a mistake.,HIGH,False,bn-hi
756,উনিশ-বিশ,বিপুলভারের উপর অতিরিক্ত সামান্যভার কিছুই মনে হয় না,तिनके का सहारा,A small help in a difficult situation.,HIGH,False,bn-hi
757,উনিশ-বিশ করা,এদিক-ওদিক করা; পক্ষপাতিত্ব করা,आँखें तरेरना,To show anger.,HIGH,False,bn-hi
758,উন্নাসিক,অবজ্ঞায় নাক উঁচু করে এমন; সবকিছুকে তুচ্ছ মনে করে এমন; দাম্ভিক,छोटा मुँह बड़ी बात,Talking beyond one's status.,HIGH,False,bn-hi
761,উপযাচক,স্বতঃপ্রবৃত্ত হয়ে উপকার করে এমন,तिनके का सहारा,A small help in a difficult situation.,HIGH,False,bn-hi
762,উপযাচিকা,যে নারী স্বতঃপ্রবৃত্ত হয়ে প্রণয় প্রার্থনা করে,आँखों का काँटा,A person who is disliked or irritating.,HIGH,False,bn-hi
763,উপর উপর,অল্পবিস্তর; একটু-আধটু; কিছুকিছু; ভাসাভাসা,ऊँट के मुँह में जीरा,Too little for need.,HIGH,False,bn-hi
765,উপরচড়া,অকারণে গায়ে পড়ে ঝগড়া করে এমন,सांप भी मर जाए और लाठी भी न टूटे,Finding a solution that satisfies all parties without loss.,HIGH,False,bn-hi
766,উপরচাপ,উপরওয়ালার আদেশ,आसमान से गिरा खजूर में अटका,From bad to worse.,HIGH,False,bn-hi
768,উপরচালা,দেখনদারী; লোক দেখানো বুদ্ধিমত্তা/ভাবভঙ্গী,आँखें तरेरना,To show anger.,HIGH,False,bn-hi
771,উপরপড়া,অনধিকার চর্চাকারী; স্বতঃপ্রবৃত্ত হয়ে কাজ করে এমন,सांप भी मर जाए और लाठी भी न टूटे,Finding a solution that satisfies all parties without loss.,HIGH,False,bn-hi
775,উপর্যুপরি,একটানা; ক্রমান্বয়ে,कलेजा ठंडा होना,To feel satisfied after revenge.,HIGH,False,bn-hi
777,উপরে ওঠা,কর্মস্থলে উন্নতি করা,दिमाग खराब होना,To get irritated.,HIGH,False,bn-hi
778,উপরে চিকণ চাকণ ভিতরে খেড়,দেখনদারী; বাইরের আড়ম্বরমাত্র ভিতর ফাঁপা,दिल पर पत्थर रखना,To control emotions with difficulty.,HIGH,False,bn-hi
779,উপরোধে ঢেঁকি গেলা,অনুরোধ এড়াতে না পেরে অনিচ্ছা সত্ত্বেও কোনো কাজ করা,हाथ जोड़ना,To request humbly.,HIGH,False,bn-hi
782,উপোসী ছারপোকা,অনাহারী বা অভাবগ্রস্ত লোক,आँखों का काँटा,A person who is disliked or irritating.,HIGH,False,bn-hi
784,উভয়প্রান্তে মোমবাতি জ্বালানো,উদয়াস্ত পরিশ্রম বা শক্তিক্ষয় করা,छोटा मुँह बड़ी बात,Talking beyond one's status.,HIGH,False,bn-hi
785,উলটপালট,পরিবর্তন,रंग बदलना,To change attitude quickly.,HIGH,False,bn-hi
786,উলুখাগড়া,নিরীহ প্রজা; সাধারণ লোক,आँखों का काँटा,A person who is disliked or irritating.,HIGH,False,bn-hi
789,উলুবনে সাঁতার দেওয়া,আহাম্মকের কাজ; চরম মূর্খামি,खून खौलना,To feel extreme anger.,HIGH,False,bn-hi
790,উল্কাপতন,বিখ্যাত ব্যক্তির মৃত্যু,आँखों का काँटा,A person who is disliked or irritating.,HIGH,False,bn-hi
793,উল্টে চোরা কোতয়ালকে ডাঁটে,চোর নিষ্কৃতি লাভের জন্য সাধুকে চোর বলে,बाल-बाल बचना,To narrowly escape danger.,HIGH,False,bn-hi
801,উস্তম পুস্তম করা,উত্ত্যক্ত/বিরক্ত/ব্যতিব্যস্ত করা,नाक ऊँची करना,To make proud.,HIGH,False,bn-hi
803,ঊনকোটি চৌষট্টি দেবতা,অসংখ্য দেবতা; ত্রেত্রিশ কোটি দেবতা; সব দেবতা,सांप भी मर जाए और लाठी भी न टूटे,Finding a solution that satisfies all parties without loss.,HIGH,False,bn-hi
807,ঊনপাঁজুরে,"দুর্বল, মন্দভাগ্যবান, অলক্ষণীয় লোক",आँखों का काँटा,A person who is disliked or irritating.,HIGH,False,bn-hi
809,ঊর্ধ্বচারী,কল্পনাপ্রবণ; কল্পনার জগতে বাস করে এমন,आँखों का काँटा,A person who is disliked or irritating.,HIGH,False,bn-hi
812,ঊর্ধ্বশ্বাসে,"অতিশয় দ্রুতবেগে; তীব্রগতিতে, দ্রুতলয়ে",थक कर चूर होना,To be extremely tired.,HIGH,False,bn-hi
814,ঋণচোর,যে কখনো ঋণ শোধ করে না,आँखों का काँटा,A person who is disliked or irritating.,HIGH,False,bn-hi
815,ঋণ-ছ্যাচড়া,টাকা থাকতেও যে ঋণ শোধ করে না,आँखों का काँटा,A person who is disliked or irritating.,HIGH,False,bn-hi
820,ঋষিশ্রাদ্ধ,যে ক্রিয়ার আরম্ভ আড়ম্বরপূর্ণ এবং ফল অকিঞ্চিৎকর; ঘটা করে শুরু লঘু করে শেষ,सांप भी मर जाए और लाठी भी न टूटे,Finding a solution that satisfies all parties without loss.,HIGH,False,bn-hi
822,এঁটিলি,গরু কুকুর প্রভৃতি পশুর গায়ে এঁটে থাকা রক্ত শোষণ করে এমন ক্ষুদ্র চর্মকীটবিশেষ,तिनके का सहारा,A small help in a difficult situation.,HIGH,False,bn-hi
823,এঁটুলিপোকা,গায়ে আঠার মত লেগে থাকা লোক; নাছোড়বান্দা; রক্তচোষা,आँखों का काँटा,A person who is disliked or irritating.,HIGH,False,bn-hi
824,এঁটে ওঠা,পেরে ওঠা; সামলে ওঠা; সমকক্ষ হওয়া; সমানে পাল্লা নিতে পারা,छोटा मुँह बड़ी बात,Talking beyond one's status.,HIGH,False,bn-hi
826,এঁটে যাওয়া,সঙ্কুলান হওয়া,कान खड़े होना,To become alert.,HIGH,False,bn-hi
827,এঁটো-কাঁটা,ভুক্তাবশেষ; খাওয়ার পর পাতে পড়ে থাকা অবশিষ্ট খাদ্য,कलेजा ठंडा होना,To feel satisfied after revenge.,HIGH,False,bn-hi
829,এঁটোখেকো,উচ্ছিষ্টভোগী; যে পাত কুড়িয়ে খায় – গালিবিশেষ,आसमान से गिरा खजूर में अटका,From bad to worse.,HIGH,False,bn-hi
830,এঁটোপাত,অতি হীনভাবে বেঁচে থাকা লোক; পরমুখাপেক্ষী; পরান্নভোজী,आँखों का काँटा,A person who is disliked or irritating.,HIGH,False,bn-hi
832,এঁড় দেখানো,ফাঁকি দেওয়া,आँखों में धूल झोंकना,To deceive someone.,HIGH,False,bn-hi
834,এঁড়ে গরুর দুধ,"অসম্ভব বস্তু, অলীক কল্পনা, যা কখনো হয় না",सांप भी मर जाए और लाठी भी न टूटे,Finding a solution that satisfies all parties without loss.,HIGH,False,bn-hi
836,এঁড়ে তর্ক,যুক্তিহীন তর্কবিতর্ক; একগুঁয়ে লোকের যুক্তিহীন তর্ক,आँखों का काँटा,A person who is disliked or irritating.,HIGH,False,bn-hi
837,এঁড়ে তেল দেওয়া,চাটুবাক্যে তৃপ্ত করা; তোষামোদ করা,दिल पर पत्थर रखना,To control emotions with difficulty.,HIGH,False,bn-hi
839,এঁড়ে লোক,একরোখা একগুঁয়ে লোক,आँखों का काँटा,A person who is disliked or irritating.,HIGH,False,bn-hi
841,এঁদো,বৃক্ষলতাদিচ্ছন্ন; অন্ধকারময়; আলো ঢোকে না এমন,सांप भी मर जाए और लाठी भी न टूटे,Finding a solution that satisfies all parties without loss.,HIGH,False,bn-hi
842,এওতা,অপ্রাসঙ্গিক কথা; নানা বিষয় বা প্রসঙ্গ; যা তা ব্যাপার,सांप भी मर जाए और लाठी भी न टूटे,Finding a solution that satisfies all parties without loss.,HIGH,False,bn-hi
843,এ-ও-সে,"একথা-সেকথা; এটা সেটা, ছোটখাটো বিষয়; নগণ্য ব্যক্তি",आँखों का काँटा,A person who is disliked or irritating.,HIGH,False,bn-hi
844,এক আঁচড়ে বোঝা,একটুখানি দেখে সব বুঝে ফেলা; সামান্য পরীক্ষায় বা পরিচয়ে কারো চরিত্র বা কোনো কিছুর প্রকৃতি চিনে ফেলা,नज़रबंद करना,To restrict someone's freedom.,HIGH,False,bn-hi
846,এক আঙুলে তুড়ি লাগে না,দ্বন্দ্বে দু’পক্ষ অবশ্যই থাকা প্রয়োজন,सांप भी मर जाए और लाठी भी न टूटे,Finding a solution that satisfies all parties without loss.,HIGH,False,bn-hi
848,এক আধটু,খুব অল্প পরিমাণ; কিঞ্চিৎ; বেশি নয়; মোটামুটি রকম,तिनके का सहारा,A small help in a difficult situation.,HIGH,False,bn-hi
852,এক-এক,"পরপর, পর্যায়ক্রম অর্থে দ্বিত্বশব্দ",कलेजा ठंडा होना,To feel satisfied after revenge.,HIGH,False,bn-hi
854,এক কড়া বুদ্ধি নেই চার কড়ার মেজাজ,অবোধের হম্বিতম্বি বেশি,आसमान से गिरा खजूर में अटका,From bad to worse.,HIGH,False,bn-hi
856,এককড়াই দুধে একফোঁটা চোনা,একটু দোষে সবগুণ নষ্ট,सांप भी मर जाए और लाठी भी न टूटे,Finding a solution that satisfies all parties without loss.,HIGH,False,bn-hi
857,এককথা,অপরিবর্তনীয় কথা,कान पकड़ना,To promise not to repeat a mistake.,HIGH,False,bn-hi
858,এককথায়,দ্বিধাহীন চিত্তে,सांप भी मर जाए और लाठी भी न टूटे,Finding a solution that satisfies all parties without loss.,HIGH,False,bn-hi
860,এককথার মানুষ,কথারাখে বা কথার নড়চড় হয় না এমন,आँखों का काँटा,A person who is disliked or irritating.,HIGH,False,bn-hi
862,এককলম লিখে দেওয়া,স্বীয় বক্তব্য অন্যথা হবে না- এই নিশ্চিত বিষয়ক উক্তি,धरना देना,To stand firm on an issue.,HIGH,False,bn-hi
863,এককলমী,সংবাদপত্রে একটিমাত্র কলম লেখেন এমন ব্যক্তি,आँखों का काँटा,A person who is disliked or irritating.,HIGH,False,bn-hi
865,এককলসী দুধে একফোঁটা চোনা,একদোষে সবগুণ নষ্ট; এমন উৎকট মন্দ জিনিস যার অত্যল্প পরিমাণ প্রচুর ভালো জিনিস নষ্ট করতে পারে,सांप भी मर जाए और लाठी भी न टूटे,Finding a solution that satisfies all parties without loss.,HIGH,False,bn-hi
866,এক কলসী দুধে এক ফোঁটা চোনা,সব ভালো আচরণ করে একটু কু-ব্যবহারে নিন্দার্হ; সুসম্পন্ন কাজের শেষরক্ষা না হওয়া,कलेजा ठंडा होना,To feel satisfied after revenge.,HIGH,False,bn-hi
871,এককাঠি বাজে না,নিজের সাথে লড়াই হয় না; লড়াইয়ে দুইপক্ষ লাগে,सांप भी मर जाए और लाठी भी न टूटे,Finding a solution that satisfies all parties without loss.,HIGH,False,bn-hi
872,এককাঠি সরেস,নিন্দার্থে- অন্যের তুলনায় একটু বেশি বদ,आसमान से गिरा खजूर में अटका,From bad to worse.,HIGH,False,bn-hi
873,এককান,একজনের কাছে জেনে সবার কাছে ছড়িয়ে পড়া,आँखों का काँटा,A person who is disliked or irritating.,HIGH,False,bn-hi
875,এক কানে শোনা আর এক কানে বের করা,অমনোযোগী হওয়া; কান না দেওয়া,कान पकड़ना,To promise not to repeat a mistake.,HIGH,False,bn-hi
876,এক কাপড়ে বেরিয়ে পড়া,পরিধেয়বস্ত্র ছাড়া আর সব জিনিস রেখে যাত্রা করা,पानी सिर से गुजरना,Situation getting out of control.,HIGH,False,bn-hi
877,এককালীন,একবারের মত,सांप भी मर जाए और लाठी भी न टूटे,Finding a solution that satisfies all parties without loss.,HIGH,False,bn-hi
882,এক খাই আর এক থিতাই,অতি সতর্ক লোক,थक कर चूर होना,To be extremely tired.,HIGH,False,bn-hi
883,এক খাই আর এক চাটাই,অভিষ্টবস্তু পাওয়ার পর পুনরায় সেটা পাওয়ার চেষ্টা করা,कलेजा ठंडा होना,To feel satisfied after revenge.,HIGH,False,bn-hi
888,একগা,সর্বাঙ্গভর্তি,आसमान से गिरा खजूर में अटका,From bad to worse.,HIGH,False,bn-hi
896,একগুঁয়ে,অবাধ্য; একদিকে গোঁ যার; জেদী; দুর্দমনীয়; যে বাধানিষেধ মানে না,आँखों का काँटा,A person who is disliked or irritating.,HIGH,False,bn-hi
901,একগোয়ালের গরু,একদলভুক্ত; একই গুণের গুণী; সমগোত্রীয়; সমান আচরণ বিশিষ্ট লোক,दिल पर पत्थर रखना,To control emotions with difficulty.,HIGH,False,bn-hi
902,এক গোয়ালের গরু,ব্যঙ্গে এক দুষ্টদলের লোক; সমান বদ-আচরণবিশিষ্ট লোক,आसमान से गिरा खजूर में अटका,From bad to worse.,HIGH,False,bn-hi
904,একঘরিয়া,জাতিচ্যুত; সমাজচ্যুত,आसमान से गिरा खजूर में अटका,From bad to worse.,HIGH,False,bn-hi
906,একঘাটের জল,"একই গুণসম্পন্ন, সমগোত্রীয়",आसमान से गिरा खजूर में अटका,From bad to worse.,HIGH,False,bn-hi
907,একঘেয়ে,"নতুনত্ববর্জিত, বিরক্তিকর, বৈচিত্রহীন, সবসময় একরকম",सांप भी मर जाए और लाठी भी न टूटे,Finding a solution that satisfies all parties without loss.,HIGH,False,bn-hi
911,একচিমটি নুন দিয়ে গ্রহণ করা,সম্পূর্ণ বিশ্বাস না করা; চোখ বুজে মেনে না নেওয়া,कान पकड़ना,To promise not to repeat a mistake.,HIGH,False,bn-hi
912,একচুল,অতিসুক্ষ্ম পরিমাণ; একগাছি চুলপরিমাণ; লেশমাত্র,कान पकड़ना,To promise not to repeat a mistake.,HIGH,False,bn-hi
913,একচেটিয়া,"একায়ত্ত, সম্পূর্ণ একের অধীন",दिल पर पत्थर रखना,To control emotions with difficulty.,HIGH,False,bn-hi
914,একচোখা,একচোখবিশিষ্ট কানা,आँखों का काँटा,A person who is disliked or irritating.,HIGH,False,bn-hi
915,একচোট,একদফায় প্রচুর; চুটিয়ে,सांप भी मर जाए और लाठी भी न टूटे,Finding a solution that satisfies all parties without loss.,HIGH,False,bn-hi
916,একচোট বলা,মর্মে আঘাত দিয়ে বলা,सांप भी मर जाए और लाठी भी न टूटे,Finding a solution that satisfies all parties without loss.,HIGH,False,bn-hi
918,একছাতার তলে বাস,এক স্বভাবের লোক; সমগোত্রীয়; সমদোষে দুষ্ট; সবাই মন্দলোক; সবারই একই দশা,सांप भी मर जाए और लाठी भी न टूटे,Finding a solution that satisfies all parties without loss.,HIGH,False,bn-hi
919,একছুটে,টানা বাধাবিরতিহীন দৌড়,सांप भी मर जाए और लाठी भी न टूटे,Finding a solution that satisfies all parties without loss.,HIGH,False,bn-hi
920,একছুট,এককাপড়; শুধু ধুতি; উত্তরীয়বিহীন অবস্থা,सांप भी मर जाए और लाठी भी न टूटे,Finding a solution that satisfies all parties without loss.,HIGH,False,bn-hi
921,একজন,অনির্দিষ্ট একব্যক্তি,आँखों का काँटा,A person who is disliked or irritating.,HIGH,False,bn-hi
922,একজন না একজন,অন্তত একজনও,आँखों का काँटा,A person who is disliked or irritating.,HIGH,False,bn-hi
923,একজন হয়ে উঠা,গণ্যমান্য লোক হওয়া,कान खड़े होना,To become alert.,HIGH,False,bn-hi
924,এক জলাশয়ের মাছ,একগোষ্ঠীভুক্ত; একসম্পন্ন; একদলের লোক,आसमान से गिरा खजूर में अटका,From bad to worse.,HIGH,False,bn-hi
927,একঝলক,সেই দৃশ্য যা খুব অল্প সময়ের জন্য চোখের সামনে থাকে,सांप भी मर जाए और लाठी भी न टूटे,Finding a solution that satisfies all parties without loss.,HIGH,False,bn-hi
931,একটা কিছু,"অজানা কিন্তু অস্তিত্বহীন নয়; অজ্ঞাত, কিন্তু আছে",कान पकड़ना,To promise not to repeat a mistake.,HIGH,False,bn-hi
932,একটা কিছু,"অজানা কিন্তু অস্তিত্বহীন নয়; অজ্ঞাত, কিন্তু আছে",कान पकड़ना,To promise not to repeat a mistake.,HIGH,False,bn-hi
934,একটানা,অবিরাম; অবিশ্রান্ত,सांप भी मर जाए और लाठी भी न टूटे,Finding a solution that satisfies all parties without loss.,HIGH,False,bn-hi
935,একটা-না-একটা,একটা না হলে আরেকটা; শেষ নেই,कलेजा ठंडा होना,To feel satisfied after revenge.,HIGH,False,bn-hi
936,একটু-আধটু,অল্পবিস্তর; উপরউপর; কিছুকিছু; ভাসাভাসা; সামান্যপরিমাণ,तिनके का सहारा,A small help in a difficult situation.,HIGH,False,bn-hi
937,একটুকু,অতি অল্পপরিমাণ,तिनके का सहारा,A small help in a difficult situation.,HIGH,False,bn-hi
941,এক ডাকের পথ,অনতিদূর; খুব অল্প পথ; যতদূর থেকে চিৎকার শোনা যায় ততটা পথ,घर का भेदी लंका ढाए,An insider can cause downfall.,HIGH,False,bn-hi
942,একঢিলে দুইপাখি মারা,একপ্রচেষ্টায় দুই উদ্দেশ্যসাধন করা,दिल पर पत्थर रखना,To control emotions with difficulty.,HIGH,False,bn-hi
949,একতিল,অত্যল্প পরিমাণ; তিলমাত্র পরিমাণ,थक कर चूर होना,To be extremely tired.,HIGH,False,bn-hi
951,একথোকে,একেবারে; একসঙ্গে; সমষ্টিগতভাবে,सांप भी मर जाए और लाठी भी न टूटे,Finding a solution that satisfies all parties without loss.,HIGH,False,bn-hi
952,একদম,পুরোপুরি; মোটেই; সম্পূর্ণরূপে,कान पकड़ना,To promise not to repeat a mistake.,HIGH,False,bn-hi
953,একদমা,একেবার আওয়াজ করে থেমে যায়,आसमान सिर पर उठाना,To create a lot of noise or chaos.,HIGH,False,bn-hi
954,একদমে,দ্রুতগতিতে; নিশ্বাস না ফেলে; নিমেষের মধ্যে; রুদ্ধশ্বাসে,सांप भी मर जाए और लाठी भी न टूटे,Finding a solution that satisfies all parties without loss.,HIGH,False,bn-hi
957,একদিন শয়তান সবদিন শয়তান,"মানুষ অভ্যাসের দাস; যার যা স্বভাব, তাই থাকে; স্বভাব বা অভ্যাস সহজে বদলায় না",छोटा मुँह बड़ी बात,Talking beyond one's status.,HIGH,False,bn-hi
960,একনজরে,অতি অল্পসময়ের জন্য; একবার বা ক্ষণেক দেখেই; পুঙ্খানুপুঙ্খভাবে না দেখে,सांप भी मर जाए और लाठी भी न टूटे,Finding a solution that satisfies all parties without loss.,HIGH,False,bn-hi
961,একনলা,"খুব অল্প পরিমাণে খাবার বা সামগ্রী, যা সামান্য সন্তুষ্টি দেয়",तिनके का सहारा,A small help in a difficult situation.,HIGH,False,bn-hi
962,একনাগাড়ে,অনবরত; অবিরাম; অবিশ্রান্ত; ক্রমাগত,सांप भी मर जाए और लाठी भी न टूटे,Finding a solution that satisfies all parties without loss.,HIGH,False,bn-hi
966,একপয়সা মা-বাপ,অতিকৃপণ,थक कर चूर होना,To be extremely tired.,HIGH,False,bn-hi
968,এক পা জলে এক পা স্থলে,অনিশ্চিত অবস্থা; দ্বিধা-দ্বন্দ্বে মনস্থির করতে অপারগ,छोटा मुँह बड़ी बात,Talking beyond one's status.,HIGH,False,bn-hi
969,এক পা যাওয়া,অতি অল্পদূর; প্রথম পা বাড়ালে যতদূর যাওয়া যায়,घर का भेदी लंका ढाए,An insider can cause downfall.,HIGH,False,bn-hi
970,একপায়ে খাড়া,অত্যন্ত আগ্রহী; উদগ্রীব; তৎক্ষণাৎ; দেরি সয় না; ব্যগ্র; সর্বদা প্রস্তুত,थक कर चूर होना,To be extremely tired.,HIGH,False,bn-hi
974,একপ্রস্থ,একদফা,सांप भी मर जाए और लाठी भी न टूटे,Finding a solution that satisfies all parties without loss.,HIGH,False,bn-hi
978,একবনের শিয়াল,এক গোষ্ঠীভূক্ত; একদলের লোক; সমগোত্রীয়,आसमान से गिरा खजूर में अटका,From bad to worse.,HIGH,False,bn-hi
979,একবর্ণ,কিছুমাত্র,ऊँट के मुँह में जीरा,Too little for need.,HIGH,False,bn-hi
980,একবস্ত্রে,কিছুমাত্র প্রস্তুতি না নিয়ে যে অবস্থায় ছিল সেই অবস্থায়,सांप भी मर जाए और लाठी भी न टूटे,Finding a solution that satisfies all parties without loss.,HIGH,False,bn-hi
981,একবাক্যে,বিনাপ্রতিবাদে; সমস্বরে; সর্বসম্মতিক্রমে,सांप भी मर जाए और लाठी भी न टूटे,Finding a solution that satisfies all parties without loss.,HIGH,False,bn-hi
982,একবার বলামাত্র,বিনা-আপত্তিতে বা প্রতিবাদে,सांप भी मर जाए और लाठी भी न टूटे,Finding a solution that satisfies all parties without loss.,HIGH,False,bn-hi
984,একবোতলের বন্ধু,"মন্দার্থে এক বদদলভুক্ত, প্রগাঢ় বন্ধুত্ব",आसमान से गिरा खजूर में अटका,From bad to worse.,HIGH,False,bn-hi
985,একমনে,"একাগ্রচিত্তে, নিষ্ঠাসহকারে; বিষয়ান্তরে মনোনিবেশ না করে",दीवारों के कान होना,Confidential matters may be overheard.,HIGH,False,bn-hi
988,একমাঘে শীত যায় না,বিপদ একবারই আসে না; বিপদ একবারে শেষ হয় না,कान पकड़ना,To promise not to repeat a mistake.,HIGH,False,bn-hi
992,একমুখো রাস্তা,কেবল একদিকে বেরোনো যায় এমন পথ,सांप भी मर जाए और लाठी भी न टूटे,Finding a solution that satisfies all parties without loss.,HIGH,False,bn-hi
993,একমুঠো ভাত,অতি সাধারণ ও সামান্য পরিমাণ আহার্য,थक कर चूर होना,To be extremely tired.,HIGH,False,bn-hi
999,এক রত্তি,অত্যল্প পরিমাণ,थक कर चूर होना,To be extremely tired.,HIGH,False,bn-hi
1000,একরত্তি,অতি শিশু; খুব ছোট,थक कर चूर होना,To be extremely tired.,HIGH,False,bn-hi
1001,"একরত্তি সোনা, স্যাঁকরা হাজার জনা",অল্পবিষয়ের বহুপ্রার্থী,तिनके का सहारा,A small help in a difficult situation.,HIGH,False,bn-hi
1006,একলপ্ত,অখণ্ড; ভাগাভাগি নয়; লাগালাগি,कान पकड़ना,To promise not to repeat a mistake.,HIGH,False,bn-hi
1007,একলষেঁড়ে,অসামাজিক; একা থাকতে ভালোবাসে এমন,आँखों का काँटा,A person who is disliked or irritating.,HIGH,False,bn-hi
1008,এক লষেঁড়ে,সব একাই ভোগ করতে চায় এমন; ঘোর স্বার্থপর,थक कर चूर होना,To be extremely tired.,HIGH,False,bn-hi
1009,একলা,অসহায়,दिल बाग-बाग होना,Feeling extremely happy.,HIGH,False,bn-hi
1012,একলাঠিতে সাতসাপ মারা,এক উপায়ে অনেক কাজ হাসিল করা,दिल पर पत्थर रखना,To control emotions with difficulty.,HIGH,False,bn-hi
1019,একহাত দেখা,অপ্রীতিকর কথা শুনানো; প্রচুর তিরস্কার করা,जुबान फिसलना,To say something unintentionally.,HIGH,False,bn-hi
1020,একহাতে,"একাকী, অন্যের সাহায্যবিনা; নিজে নিজেই",तिनके का सहारा,A small help in a difficult situation.,HIGH,False,bn-hi
1026,একা ঘরের গিন্নি,পূর্ণকর্তৃত্ব,दिल पर पत्थर रखना,To control emotions with difficulty.,HIGH,False,bn-hi
1027,একাদশে বৃহস্পতি,অত্যন্ত শুভ বা উন্নতির সময়,थक कर चूर होना,To be extremely tired.,HIGH,False,bn-hi
1029,একান ওকান করা,গোপন কথা রটানো,दीवारों के कान होना,Confidential matters may be overheard.,HIGH,False,bn-hi
1030,একান্ন,একসাথে আহার করে এমন,आँखों का काँटा,A person who is disliked or irritating.,HIGH,False,bn-hi
1034,একান্তে,অন্যের অগোচরে; গোপনে,पानी सिर से गुजरना,Situation getting out of control.,HIGH,False,bn-hi
1035,একা রামে রক্ষা নাই তায় সুগ্রীব দোসর,দুর্ভোগের উপর দুর্ভোগ,कलेजा ठंडा होना,To feel satisfied after revenge.,HIGH,False,bn-hi
1039,এক আসন,অন্য আসন নাই বা আসন বদল করে না এমন,आँखों का काँटा,A person who is disliked or irritating.,HIGH,False,bn-hi
1040,একাহারী,দিনরাতে একবারমাত্র ভোজনকারী,आँखों का काँटा,A person who is disliked or irritating.,HIGH,False,bn-hi
1041,একিন,দৃঢ়/স্থির প্রত্যয়/বিশ্বাস,धरना देना,To stand firm on an issue.,HIGH,False,bn-hi
1044,একুল ওকুল দুকুল যাওয়া,সব আশ্রয় হারানো,सांप भी मर जाए और लाठी भी न टूटे,Finding a solution that satisfies all parties without loss.,HIGH,False,bn-hi
1047,একে একে,পরপর,कलेजा ठंडा होना,To feel satisfied after revenge.,HIGH,False,bn-hi
1048,একে চায় আরে পায়,না চাওয়া মনোমত জিনিস পেয়ে আনন্দে উৎফুল্ল; অযাচিত প্রাপ্তির আনন্দ,दिल में जगह बनाना,To gain affection.,HIGH,False,bn-hi
1050,একেশ্বরী,পূর্ণকর্তৃত্বসম্পন্না একমাত্র গৃহিণী,दिल पर पत्थर रखना,To control emotions with difficulty.,HIGH,False,bn-hi
1054,এক্স-গ্রাসিয়া,আইনের ঊর্ধ্বে নৈতিক বাধ্যবাধকতা থেকে কৃপাক্রমে প্রদত্ত,छोटा मुँह बड़ी बात,Talking beyond one's status.,HIGH,False,bn-hi
1059,এখানে সেখানে,ইতস্ততঃ; এদিকে-ওদিকে; চারিদিকে,सांप भी मर जाए और लाठी भी न टूटे,Finding a solution that satisfies all parties without loss.,HIGH,False,bn-hi
1062,এগুলে রাম পিছুলে রাবণ,উভয়সঙ্কট,आसमान से गिरा खजूर में अटका,From bad to worse.,HIGH,False,bn-hi
1067,এ-টু-জেড,গোটাটা; পুরোটা; পুরোপুরি; যা কিছু আছে তার সবটা; সম্পূর্ণ,सांप भी मर जाए और लाठी भी न टूटे,Finding a solution that satisfies all parties without loss.,HIGH,False,bn-hi
1070,এণ্ডাবাচ্চা,ছোট ছোট ছেলে নেয়ে,तिनके का सहारा,A small help in a difficult situation.,HIGH,False,bn-hi
1080,এদিক সেদিক করা,কম দেওয়া; ফাঁকি দেওয়া; হেরফের করা,हाथ खड़े करना,To give up.,HIGH,False,bn-hi
1083,এনকোর,অভিনয় নৃত্যগীত পুনরায় দেখার বা শোনার জন্য অনুরোধ,हाथ जोड़ना,To request humbly.,HIGH,False,bn-hi
1088,এপাশ-ওপাশ,উভয় দিক; সর্বদিক,सांप भी मर जाए और लाठी भी न टूटे,Finding a solution that satisfies all parties without loss.,HIGH,False,bn-hi
1092,এফোঁড়-ওফেঁড়,একদিক থেকে অন্যদিক পর্যন্ত সম্পূর্ণভাবে বিদ্ধ,आसमान से गिरा खजूर में अटका,From bad to worse.,HIGH,False,bn-hi
1096,এমনি এমনি,অপ্রয়োজনে; বিনাকারণে,सांप भी मर जाए और लाठी भी न टूटे,Finding a solution that satisfies all parties without loss.,HIGH,False,bn-hi
1098,এমুড়ো-ওমুড়ো,আপাদমস্তক,आसमान से गिरा खजूर में अटका,From bad to worse.,HIGH,False,bn-hi
1104,এলাহিকাণ্ড,"বিরাট আয়োজন, মহা-ধুমধাম",आँखें तरेरना,To show anger.,HIGH,False,bn-hi
1105,এলাহি রাত,মহরমের জাগরণের রাত যে রাত আর ফুরাতে চায় না,सांप भी मर जाए और लाठी भी न टूटे,Finding a solution that satisfies all parties without loss.,HIGH,False,bn-hi
1111,এলো বলে,যেকোনো মুহূর্তে আসতে পারে তার সম্ভাবনা বিষয়ক উক্তি; সমূহ উপস্থিত,सांप भी मर जाए और लाठी भी न टूटे,Finding a solution that satisfies all parties without loss.,HIGH,False,bn-hi
1112,এলোমেলো,অনুকারদশব্দ; নিয়মরহিত; পরিপাটিহীন; বিশৃঙ্খল,सांप भी मर जाए और लाठी भी न टूटे,Finding a solution that satisfies all parties without loss.,HIGH,False,bn-hi
1113,এসপার ওসপার,চরম নিস্পত্তি; চূড়ান্ত মীমাংসা; ভালো বা মন্দ কোন একটি ঘটনা,आसमान से गिरा खजूर में अटका,From bad to worse.,HIGH,False,bn-hi
1114,অ্যাড হক,অনানুষ্ঠানিক; অপূর্বনির্ধারিত; বিশেষ উদ্দেশ্যে গঠিত,कान पकड़ना,To promise not to repeat a mistake.,HIGH,False,bn-hi
1115,অ্যাড লিব,যথেচ্ছভাবে; নিয়ন্ত্রণবিহীনভাবে; উপস্থিতমতো যোগ করা,सांप भी मर जाए और लाठी भी न टूटे,Finding a solution that satisfies all parties without loss.,HIGH,False,bn-hi
1116,অ্যাড ইনফিনিটাম,অনন্তকাল; অনাদি পরম্পরায়; চিরদিন; সীমাহীনভাবে,आसमान से गिरा खजूर में अटका,From bad to worse.,HIGH,False,bn-hi
1118,এড ভ্যালোরেম,পণ্যমূল্যের অনুপাতে; মূল্যানুযায়ী; মূল্যানুসারে,बंदर क्या जाने अदरक का,Someone is unaware of the value or significance of something.,HIGH,False,bn-hi
1119,ওত পাতা,আক্রমণের জন্য সতর্কতার সহিত প্রতীক্ষা করা,तेल देखो तेल की धार देखो,Wait and observe carefully.,HIGH,False,bn-hi
1121,ওই যা গেল যা,বিস্ময়জনিতকারণে অনভিপ্রেত ঘটনা ঘটায় আক্ষেপসূচক উক্তি,हाथ मलना,To regret deeply.,HIGH,False,bn-hi
1124,উগরানো,বাধ্য হয়ে গৃহীত বস্তু ফেরত দেওয়া,सांप भी मर जाए और लाठी भी न टूटे,Finding a solution that satisfies all parties without loss.,HIGH,False,bn-hi
1128,ওজর-আপত্তি,"ছলনা, যা আসলে কারণ নয় তাকে কারণ বলে চালানো",सांप भी मर जाए और लाठी भी न टूटे,Finding a solution that satisfies all parties without loss.,HIGH,False,bn-hi
1129,ওঝার ঘাড়ে ভূতের বোঝা,উদ্ধারকারী নিজেই বিপদসঙ্কটে,आँखों का काँटा,A person who is disliked or irritating.,HIGH,False,bn-hi
1130,ওঝার ব্যাটা বনগরু,পণ্ডিতের মহামূর্খ ছেলে,थक कर चूर होना,To be extremely tired.,HIGH,False,bn-hi
1131,ওঠাবসা,"একইসঙ্গে চলাফেরা, সংস্পর্শে আসা",दिल पर पत्थर रखना,To control emotions with difficulty.,HIGH,False,bn-hi
1132,ওঠ ছুঁড়ি তোর বিয়ে,প্রস্তুতির আগেই হঠাৎ কোনো কাজ করার আহ্বান,रातों-रात बदल जाना,Sudden change.,HIGH,False,bn-hi
1133,ওপার,মৃত্যুর পরবর্তী জগৎ; মরণের পর যে স্থানে অবস্থান করতে হয়,कलेजा ठंडा होना,To feel satisfied after revenge.,HIGH,False,bn-hi
1138,ওয়াক্ত-বে-ওয়াক্ত,যখন তখন; সময়-অসময়; ভালোমন্দ সময়কাল,आसमान से गिरा खजूर में अटका,From bad to worse.,HIGH,False,bn-hi
1139,ওয়াদা,অঙ্গীকার; প্রতিজ্ঞা; ভবিষ্যতে কিছু দেবার প্রতিশ্রুতি,हाथ खड़े करना,To give up.,HIGH,False,bn-hi
1150,ওষুধ করা,বশ করা,दिल पर पत्थर रखना,To control emotions with difficulty.,HIGH,False,bn-hi
1153,ওষুধ পড়া,যথাযোগ্য প্রভাব পড়া; সঠিক ব্যবস্থা নেওয়া,दिल पर लेना,To take something personally.,HIGH,False,bn-hi
1155,ওস্তাগর,অতি নিপুণ কারিগর,थक कर चूर होना,To be extremely tired.,HIGH,False,bn-hi
1160,ঔষধ পড়া,প্রভাব পড়া,दिल पर लेना,To take something personally.,HIGH,False,bn-hi
1161,ক অক্ষর গো মাংস,বর্ণপরিচয়হীন মহামূর্খ ব্যক্তি,थक कर चूर होना,To be extremely tired.,HIGH,False,bn-hi
1164,ক বলতে হ বলে,"অক্ষর পরিচয় জানে না, এমন মহামূর্খ ব্যক্তি",आँखों का काँटा,A person who is disliked or irritating.,HIGH,False,bn-hi
1165,কই মাছের প্রাণ,কড়া জান; যে সহজে মরে না এমন,आँखों का काँटा,A person who is disliked or irritating.,HIGH,False,bn-hi
1166,কইয়ে বলিয়ে,কথা বলায় দক্ষ এমন চৌখশব্যক্তি,आँखों का काँटा,A person who is disliked or irritating.,HIGH,False,bn-hi
1167,কইয়ের তেলে কই ভাজা,কোনো কাজের লাভ থেকে সেই কাজ চালানো,सांप भी मर जाए और लाठी भी न टूटे,Finding a solution that satisfies all parties without loss.,HIGH,False,bn-hi
1178,কচলা-কচলি,দর কষাকষি,पैर जमाना मुश्किल होना,Hard to establish oneself.,HIGH,False,bn-hi
1179,কচিকাঁচা,ছোটছোট ছেলেমেয়ে,तिनके का सहारा,A small help in a difficult situation.,HIGH,False,bn-hi
1185,কচুপোড়া খাও,প্রত্যাশা করে বিফল হওয়া; ব্যর্থ হয়ে পড়ে থাকা,कलेजा ठंडा होना,To feel satisfied after revenge.,HIGH,False,bn-hi
1186,কচুবনের কালাচাঁদ,অপদার্থ ব্যক্তি,आँखों का काँटा,A person who is disliked or irritating.,HIGH,False,bn-hi
1188,কচ্ছপের কামড়,নাছোড়বান্দা; যা সহজে ছাড়ে না,सांप भी मर जाए और लाठी भी न टूटे,Finding a solution that satisfies all parties without loss.,HIGH,False,bn-hi
1189,কঞ্চি খবরদার,"মূল্যবান বস্তুর দিকে নজর নেই, সামান্য বস্তুর দিকে কড়া নজর",दीवारों के कान होना,Confidential matters may be overheard.,HIGH,False,bn-hi
1190,কঞ্চিতে বংশলোচন জন্মানো,নীচের উচ্চপদ পাওয়া,आसमान से गिरा खजूर में अटका,From bad to worse.,HIGH,False,bn-hi
1195,কটমট,"কোপ-কঠোর, রোষরুক্ষ",दिल पर पत्थर रखना,To control emotions with difficulty.,HIGH,False,bn-hi
1197,কটরমটর,শুকনো কঠিন বস্তু চিবানোর অনুকার শব্দ,पैर जमाना मुश्किल होना,Hard to establish oneself.,HIGH,False,bn-hi
1206,কঠিন পাল্লা,কঠিন সমস্যা; ভয়ানক বিপদ,तिनके का सहारा,A small help in a difficult situation.,HIGH,False,bn-hi
1208,কড়কড়ে,"ব্যবহারে মলিন নয়, সম্পূর্ণ নতুন",कान पकड़ना,To promise not to repeat a mistake.,HIGH,False,bn-hi
1209,কড়ঙ্কস্য করে চালানো,টানাটানি করে সংসার চালানো,दिल पर पत्थर रखना,To control emotions with difficulty.,HIGH,False,bn-hi
1211,কড়া,"কড়ি, কপর্দক, টাকা",तिनके का सहारा,A small help in a difficult situation.,HIGH,False,bn-hi
1217,কড়াক্রান্তি হিসাব,অত্যন্ত সূক্ষ্ম হিসাব; পাই পয়সা পর্যন্ত হিসাব; নিঃশেষে সম্পূর্ণ হিসাব; নিখুঁত হিসাব,थक कर चूर होना,To be extremely tired.,HIGH,False,bn-hi
1219,কড়া থেকে উনুনে,অল্প বিপদ থেকে বেশি বিপদে পতন,आसमान से गिरा खजूर में अटका,From bad to worse.,HIGH,False,bn-hi
1223,কড়া বাঁধন,দৃঢ় বা কঠোর বন্ধন,धरना देना,To stand firm on an issue.,HIGH,False,bn-hi
1225,"কড়ায় কড়া, কাহনে কানা","অল্প খরচে নজরদারি, বেশি খরচে উদাসীন",तिनके का सहारा,A small help in a difficult situation.,HIGH,False,bn-hi
1226,কড়ায় গণ্ডায় হিসাব,"পাই-পয়সা পর্যন্ত নিখুঁত হিসাব; অতি নিপুণ ও সূক্ষ্ম হিসাবমতে, পুরোপুরি",थक कर चूर होना,To be extremely tired.,HIGH,False,bn-hi
1227,কড়ার,অঙ্গীকার,कान पकड़ना,To promise not to repeat a mistake.,HIGH,False,bn-hi
1231,কড়িকপালে,অর্থভাগ্য ভালো; বিত্তশালী লোক; সৌভাগ্যবান,दीवारों के कान होना,Confidential matters may be overheard.,HIGH,False,bn-hi
1232,কড়িকপালে,অর্থভাগ্য ভালো; বিত্তশালী লোক; সৌভাগ্যবান,दीवारों के कान होना,Confidential matters may be overheard.,HIGH,False,bn-hi
1233,কড়িকড়ার বুদ্ধি,অত্যল্প বুদ্ধি,ऊँट के मुँह में जीरा,Too little for need.,HIGH,False,bn-hi
1234,কড়ি গোনা,অকাজে সময় নষ্ট করা; অলসে সময় কাটানো; কর্মহীন অবসর যাপন করা; নিষ্কর্মা হয়ে বসে থাকা,सांप भी मर जाए और लाठी भी न टूटे,Finding a solution that satisfies all parties without loss.,HIGH,False,bn-hi
1236,কড়িতে চতুর কাহনে কানা,"অল্প খরচে কিপ্টেমি, বেশি খরচে দরাজ",तिनके का सहारा,A small help in a difficult situation.,HIGH,False,bn-hi
1238,কড়িফটকা,"কপর্দকশূন্য, নিঃস্ব",सांप भी मर जाए और लाठी भी न टूटे,Finding a solution that satisfies all parties without loss.,HIGH,False,bn-hi
1243,কুলের কন্টক,কলঙ্ক; অপবাদ; লজ্জা; নিন্দাজনিত দুঃখের হেতু বলে অবাঞ্ছিত,आसमान से गिरा खजूर में अटका,From bad to worse.,HIGH,False,bn-hi
1245,কণ্টকশয্যা,যন্ত্রণাদায়ক অবস্থা,पानी सिर से गुजरना,Situation getting out of control.,HIGH,False,bn-hi
1246,কণ্ঠমণি,পরম প্রিয়পাত্র,आँखों का काँटा,A person who is disliked or irritating.,HIGH,False,bn-hi
1247,কণ্ঠরোধ,কথা বলার ক্ষমতা বা প্রতিবাদ করার অধিকার বিলোপ/হরণ,कान में कहना,To speak secretly.,HIGH,False,bn-hi
1252,কণ্ঠাগত প্রাণ,পরিশ্রমে অত্যন্ত ক্লান্ত,थक कर चूर होना,To be extremely tired.,HIGH,False,bn-hi
1254,কণ্ঠিছেঁড়া,বৈষ্ণবসম্প্রদায় ত্যাগ করেছে এমন; দলত্যাগী,आसमान से गिरा खजूर में अटका,From bad to worse.,HIGH,False,bn-hi
1258,কত করে,"নানাভাবে, বহু অনুনয়-বিনয় সহকারে",दिल पर पत्थर रखना,To control emotions with difficulty.,HIGH,False,bn-hi
1259,কত কি,নানারকম,सांप भी मर जाए और लाठी भी न टूटे,Finding a solution that satisfies all parties without loss.,HIGH,False,bn-hi
1260,কত ধানে কত চাল,অভিজ্ঞতা অর্জন; প্রকৃত অবস্থা সম্পর্কে ওয়াকিফহাল হওয়া; হিসাব করে চলা,दिल पर पत्थर रखना,To control emotions with difficulty.,HIGH,False,bn-hi
1261,কত-না,অনেক পরিমাণে গণনার বাইরে,छोटा मुँह बड़ी बात,Talking beyond one's status.,HIGH,False,bn-hi
1264,কথা আটকানো,লজ্জায় কথা বলতে না পারা,कान में कहना,To speak secretly.,HIGH,False,bn-hi
1265,কথা আদায় করা,অঙ্গীকার আদায় করা,कान पकड़ना,To promise not to repeat a mistake.,HIGH,False,bn-hi
1268,কথা কওয়া,"কিছু বলা, বাক্য উচ্চারণ করা",जुबान फिसलना,To say something unintentionally.,HIGH,False,bn-hi
1272,কথা চালানো,এক কান থেকে অন্য কানে সংবাদ রটানো,आसमान से गिरा खजूर में अटका,From bad to worse.,HIGH,False,bn-hi
1273,কথা চালা,একজনের গোপন কথা অন্যকে বলা; গোপনে খবর ছড়ানো,नज़रबंद करना,To restrict someone's freedom.,HIGH,False,bn-hi
1276,কথা টলা,অঙ্গীকার না রাখা,कान पकड़ना,To promise not to repeat a mistake.,HIGH,False,bn-hi
1278,কথা ঠেলা,অগ্রাহ্য করা,आँखें फेर लेना,To ignore or abandon.,HIGH,False,bn-hi
1279,কথা থাকা,কথামত কাজ করা; অঙ্গীকার রাখা,छोटा मुँह बड़ी बात,Talking beyond one's status.,HIGH,False,bn-hi
1280,কথা দিয়ে কথা নেওয়া,মনোমত কথা বলে কারো থেকে কিছু তথ্য জেনে নেওয়া,छोटा मुँह बड़ी बात,Talking beyond one's status.,HIGH,False,bn-hi
1281,কথা দেওয়া,"অঙ্গীকার করা, প্রতিশ্রুতি দেওয়া",नाक ऊँची करना,To make proud.,HIGH,False,bn-hi
1282,কথা নড়া,অন্যথা হওয়া; মিথ্যা হওয়া,छोटा मुँह बड़ी बात,Talking beyond one's status.,HIGH,False,bn-hi
1283,কথা নড়া,অন্যথা হওয়া; মিথ্যা হওয়া,छोटा मुँह बड़ी बात,Talking beyond one's status.,HIGH,False,bn-hi
1284,কথা নড়া,অন্যথা হওয়া; মিথ্যা হওয়া,छोटा मुँह बड़ी बात,Talking beyond one's status.,HIGH,False,bn-hi
1285,কথা নেওয়া,প্রতিশ্রুতি আদায় করা,कान पकड़ना,To promise not to repeat a mistake.,HIGH,False,bn-hi
1287,কথা নেই বার্তা নেই,"কোন আলাপ-আলোচনা নেই, অকস্মাৎ",सांप भी मर जाए और लाठी भी न टूटे,Finding a solution that satisfies all parties without loss.,HIGH,False,bn-hi
1289,কথা পাড়া,"প্রসঙ্গ উত্তাপন করা, প্রস্তাব দেওয়া",नाक ऊँची करना,To make proud.,HIGH,False,bn-hi
1290,কথা ফেলা,"কথা অগ্রাহ্য করা, অবহেলা করা",छोटा मुँह बड़ी बात,Talking beyond one's status.,HIGH,False,bn-hi
1291,কথা ফেলা,"কথা অগ্রাহ্য করা, অবহেলা করা",छोटा मुँह बड़ी बात,Talking beyond one's status.,HIGH,False,bn-hi
1292,কথা ফোটা,বাক্য ক্ষমতার উন্মেষ হওয়া; শিশুর মুখে অর্থযুক্ত শব্দ আসা; কথা বলতে শেখা,कान में कहना,To speak secretly.,HIGH,False,bn-hi
1293,কথা ফোটা,বাক্য ক্ষমতার উন্মেষ হওয়া; শিশুর মুখে অর্থযুক্ত শব্দ আসা; কথা বলতে শেখা,कान में कहना,To speak secretly.,HIGH,False,bn-hi
1295,কথা বাড়ানো,"তর্কবিতর্কে জড়িয়ে পড়া, সামান্য বিষয়কে প্রলম্বিত করা",पानी सिर से गुजरना,Situation getting out of control.,HIGH,False,bn-hi
1298,কথামাত্র,"কেবল বলা, কার্যে অনুষ্ঠিত নয়",कान पकड़ना,To promise not to repeat a mistake.,HIGH,False,bn-hi
1299,কথামাত্র সার,"অন্তঃসারশূন্য, অসার কথা, ফাঁকা আওয়াজ, বাকপটু, বাকসর্বস্ব; বাগাড়ম্বর যার একমাত্র আশ্রয়",आँखें तरेरना,To show anger.,HIGH,False,bn-hi
1302,কথায় চিঁড়ে ভেজানো,ফাঁকাবুলিতে কার্যসাধন; বিনাব্যায়ে কার্যসিদ্ধির চেষ্টা; সহজে উদ্দেশ্য সিদ্ধি,सांप भी मर जाए और लाठी भी न टूटे,Finding a solution that satisfies all parties without loss.,HIGH,False,bn-hi
1303,কথায় চিঁড়ে ভেজে না,শুধু মুখের কথায় কাজ হয় না,कान पकड़ना,To promise not to repeat a mistake.,HIGH,False,bn-hi
1305,কথায় থাকা,কোন বিষয়ে লিপ্ত হওয়; কারো ব্যাপারে নিজেকে জড়িয়ে ফেলা; সংস্রবে থাকা,नज़रबंद करना,To restrict someone's freedom.,HIGH,False,bn-hi
1306,কথায় না থাকা,জড়িত না হওয়া; সংশ্রবে না থাকা,दिल पर पत्थर रखना,To control emotions with difficulty.,HIGH,False,bn-hi
1311,কথার খেলাফ,অঙ্গীকারের অন্যথা; চুক্তির ব্যতিক্রম; প্রতিশ্রুতি ভঙ্গ,छोटा मुँह बड़ी बात,Talking beyond one's status.,HIGH,False,bn-hi
1313,কথাচ্ছলে,"প্রসঙ্গক্রমে, কথাবার্তা বলতে বলতে",छोटा मुँह बड़ी बात,Talking beyond one's status.,HIGH,False,bn-hi
1314,কথার জাহাজ,অফুরন্ত কথা বলার ক্ষমতাবিশিষ্ট ব্যক্তি,दिल पर पत्थर रखना,To control emotions with difficulty.,HIGH,False,bn-hi
1318,কথার ধার না ধারা,তোয়াক্কা না করা; পাত্তা না দেওয়া; সংস্রব না রাখা,कान पकड़ना,To promise not to repeat a mistake.,HIGH,False,bn-hi
1320,কথার নড়চড়,প্রতিশ্রুতি ভঙ্গ,कान पकड़ना,To promise not to repeat a mistake.,HIGH,False,bn-hi
1321,কথার নড়চড়,প্রতিশ্রুতি ভঙ্গ,कान पकड़ना,To promise not to repeat a mistake.,HIGH,False,bn-hi
1330,কথার ভটচাজ্জি,"বাকসর্বস্ব, ফাঁকা কথা বলে, বাক্যবাগীশ",सांप भी मर जाए और लाठी भी न टूटे,Finding a solution that satisfies all parties without loss.,HIGH,False,bn-hi
1333,এক কথার মানুষ,উচিত বক্তা,आँखों का काँटा,A person who is disliked or irritating.,HIGH,False,bn-hi
1339,কথা রাখা,প্রতিশ্রুতি রক্ষা করা,छोटा मुँह बड़ी बात,Talking beyond one's status.,HIGH,False,bn-hi
1343,কথা শোনানো,কড়া কথা বলা; তিরস্কার করা,कान में कहना,To speak secretly.,HIGH,False,bn-hi
1344,কথা সরা,বাকস্ফূর্তি হওয়া,कान खड़े होना,To become alert.,HIGH,False,bn-hi
1349,কদমছাঁট,কদম ফুলের মতো ছোট এবং ঘন করে চুল ছাঁটানো,तिनके का सहारा,A small help in a difficult situation.,HIGH,False,bn-hi
1350,কদমবুসি,পায়ে হাত দিয়ে প্রণাম/সালাম করার সংস্কার,नाक कटना,To lose respect or honor.,HIGH,False,bn-hi
1351,কদম্বগাছের কানাই,লম্পটচরিত্রের লোক,आँखों का काँटा,A person who is disliked or irritating.,HIGH,False,bn-hi
1352,কদম্বগোলকন্যায়,কোন বিষয় বা বস্তু কোনকালেই আকার পরিবর্তন না করলে তাকে কদম্বগোলকন্যায় বলে,सांप भी मर जाए और लाठी भी न टूटे,Finding a solution that satisfies all parties without loss.,HIGH,False,bn-hi
1353,কনকনে,তীব্র/তীক্ষ্ণ অনুভূতি সৃষ্টি করে এমন অনুভূতির অনুকার শব্দ,दिल बाग-बाग होना,Feeling extremely happy.,HIGH,False,bn-hi
1356,কনে চন্দন,বিয়ের পাত্রীর মুখ চন্দন দিয়ে চিত্রিতকরণ,दिल पर पत्थर रखना,To control emotions with difficulty.,HIGH,False,bn-hi
1359,কনেযাত্রী,বিয়ে উপলক্ষে পাত্রীপক্ষ থেকে পাত্রপক্ষের বাড়ীতে নিমন্ত্রিত অতিথিবর্গ,आसमान से गिरा खजूर में अटका,From bad to worse.,HIGH,False,bn-hi
1360,কনেযাত্রী,বিয়ে উপলক্ষে পাত্রীপক্ষ থেকে পাত্রপক্ষের বাড়ীতে নিমন্ত্রিত অতিথিবর্গ,आसमान से गिरा खजूर में अटका,From bad to worse.,HIGH,False,bn-hi
1361,"কনের ঘরের মাসি, বরের ঘরের পিসি","যিনি দুইপক্ষেই থাকেন, উভয়পক্ষের আত্মীয় ও বিশ্বাসের পাত্র",आँखों का काँटा,A person who is disliked or irritating.,HIGH,False,bn-hi
1362,কন্দলি,কলহপ্রিয়া নারী,आँखों का काँटा,A person who is disliked or irritating.,HIGH,False,bn-hi
1366,কন্যাপণ,"পাত্রীপক্ষের কাছে পাত্রপক্ষের অবৈধ দাবী, যৌতুক",आसमान से गिरा खजूर में अटका,From bad to worse.,HIGH,False,bn-hi
1367,কপচানো,অর্থ না বুঝে শেখা কথা বলে যাওয়া; পাখির বুলি আওড়ানো; বকবক করা,सांप भी मर जाए और लाठी भी न टूटे,Finding a solution that satisfies all parties without loss.,HIGH,False,bn-hi
1369,কপর্দকশূন্য,"নিঃস্ব, সম্বলহীন",सांप भी मर जाए और लाठी भी न टूटे,Finding a solution that satisfies all parties without loss.,HIGH,False,bn-hi
1372,কপাল কাটা,অদৃষ্ট মন্দ হওয়া,आसमान से गिरा खजूर में अटका,From bad to worse.,HIGH,False,bn-hi
1374,কপাল গুণে গোপালঠাকুর,অযোগ্যর ভাগ্যগুণে বড় হওয়া,आँखों का काँटा,A person who is disliked or irritating.,HIGH,False,bn-hi
1376,কপাল চাপড়ান,নিজের ভুলের জন্য আফসোস করা; ভাগ্যের দোহাই দিয়ে দুঃখ প্রকাশ করা,छोटा मुँह बड़ी बात,Talking beyond one's status.,HIGH,False,bn-hi
1378,কপাল গুণে জোরে গোপাল মেলে,ভাগ্যের জোর থাকলে ভালো অবস্থা হয়,छोटा मुँह बड़ी बात,Talking beyond one's status.,HIGH,False,bn-hi
1379,কপাল টনটনে,প্রশস্ত তথা জোর কপাল; সাধারণতঃ ব্যঙ্গোক্তিতে মন্দভাগ্য অর্থে ব্যবহৃত হয়,आसमान से गिरा खजूर में अटका,From bad to worse.,HIGH,False,bn-hi
1381,কপাল ঠুকে কাজে নামা,পরিণাম বা ভাগ্যফল চিন্তা না করে কাজে নেমে পড়া; 'অদৃষ্টে যা আছে হবে' ভেবে সাহসভরে কাজে নামা,सांप भी मर जाए और लाठी भी न टूटे,Finding a solution that satisfies all parties without loss.,HIGH,False,bn-hi
1382,কপাল দোষ,"মন্দভাগ্য, ভাগ্য প্রতিকূল",आसमान से गिरा खजूर में अटका,From bad to worse.,HIGH,False,bn-hi
1384,কপালপোড়া,"মন্দভাগ্য, হতভাগ্য",आसमान से गिरा खजूर में अटका,From bad to worse.,HIGH,False,bn-hi
1385,কপাল ফেরা,"অবস্থার উন্নতি; নষ্টভাগ্য পুনরায় প্রসন্ন হওয়া, সৌভাগ্য লাভ করা",आसमान से गिरा खजूर में अटका,From bad to worse.,HIGH,False,bn-hi
1388,কপালে উঁচু,"ভাগ্যবান, সৌভাগ্যের অধিকারী",दिल पर पत्थर रखना,To control emotions with difficulty.,HIGH,False,bn-hi
1391,কপালে পুরুষ,ভাগ্যবান ব্যক্তি,आँखों का काँटा,A person who is disliked or irritating.,HIGH,False,bn-hi
1392,কপালে হাত দেওয়া,অদৃষ্টের দোহাই দেওয়া,छोटा मुँह बड़ी बात,Talking beyond one's status.,HIGH,False,bn-hi
1393,কপালের ফের,"কুগ্রহ, দুর্দৈব, দুরদৃষ্ট; মন্দভাগ্য; ভাগ্যদোষ/বিড়ম্বনা/বিপর্যয়",आसमान से गिरा खजूर में अटका,From bad to worse.,HIGH,False,bn-hi
1396,কপোতবৃত্তি,সঞ্চয় না করে জীবিকানির্বাহ; সঞ্চয়হীন জীবন,सांप भी मर जाए और लाठी भी न टूटे,Finding a solution that satisfies all parties without loss.,HIGH,False,bn-hi
1398,কফিনে শেষ পেরেক ঠোকা,সম্পূর্ণ বিনাশ করা,रंग में भंग डालना,To ruin enjoyment.,HIGH,False,bn-hi
1399,কবর খোঁড়া,নিজের ক্ষতি করা,छोटा मुँह बड़ी बात,Talking beyond one's status.,HIGH,False,bn-hi
1400,কবর দেওয়া,"বিসর্জন দেওয়া, সম্পূর্ণ পরিত্যাগ করা",हाथ झाड़ लेना,To abandon responsibility.,HIGH,False,bn-hi
1402,কবলানো,গোপনে মুঠায় ভরে দেওয়া; আলং-ঘুষ দেওয়া,नज़रबंद करना,To restrict someone's freedom.,HIGH,False,bn-hi
1408,কব্জা করা,আয়ত্বে/বাগে আনা,दिल पर पत्थर रखना,To control emotions with difficulty.,HIGH,False,bn-hi
1410,কম কথা নয়,উপেক্ষার বিষয় নয়,कान पकड़ना,To promise not to repeat a mistake.,HIGH,False,bn-hi
1412,কম পানির মাছ,সাধারণ বোকাসোকা লোক,आँखों का काँटा,A person who is disliked or irritating.,HIGH,False,bn-hi
1419,কম-সে-কম,"অন্ততঃপক্ষে, কমপক্ষে, নিদেনপক্ষে",जुबान फिसलना,To say something unintentionally.,HIGH,False,bn-hi
1420,কম্বল ছাড়ছে না,নাছোড়বান্দা,हाथ खड़े करना,To give up.,HIGH,False,bn-hi
1423,কয়লা ছাড়ে না ময়লা,অপরিবর্তনীয় স্বভাব,सांप भी मर जाए और लाठी भी न टूटे,Finding a solution that satisfies all parties without loss.,HIGH,False,bn-hi
1424,কয়লা ছাড়ে না ময়লা,অপরিবর্তনীয় স্বভাব,सांप भी मर जाए और लाठी भी न टूटे,Finding a solution that satisfies all parties without loss.,HIGH,False,bn-hi
1428,করজোড়ে,দু'হাত এক করে,दिल पर पत्थर रखना,To control emotions with difficulty.,HIGH,False,bn-hi
1434,করাতের দাঁত,"উভয়সঙ্কট, দুদিকেই বিপদ",दिल पर पत्थर रखना,To control emotions with difficulty.,HIGH,False,bn-hi
1435,করালবদনা,ভীষণমুখবিশিষ্টা নারী,दिल पर पत्थर रखना,To control emotions with difficulty.,HIGH,False,bn-hi
1436,করিতকর্মা,"দক্ষ; পরিশ্রমী; বুদ্ধিমান, নিজহাতে কাজ করে এমন",दिल पर पत्थर रखना,To control emotions with difficulty.,HIGH,False,bn-hi
1438,করে খাওয়া,জীবিকা অর্জনের উপায় খুঁজে পাওয়া,सांप भी मर जाए और लाठी भी न टूटे,Finding a solution that satisfies all parties without loss.,HIGH,False,bn-hi
1439,করেকর্মে খাওয়া,চেষ্টাচরিত্র করে; পরিশ্রমের সাহায্যে অন্নের সংস্থান করা,छोटा मुँह बड़ी बात,Talking beyond one's status.,HIGH,False,bn-hi
1441,কর্ণগোচর হওয়া,কানে শোনা গেছে এমন,सांप भी मर जाए और लाठी भी न टूटे,Finding a solution that satisfies all parties without loss.,HIGH,False,bn-hi
1442,কর্ণপাত করা,গুরুত্ব দেওয়া,हाथ खड़े करना,To give up.,HIGH,False,bn-hi
1446,কর্তার ইচ্ছাই কর্ম,"উপরওয়ালা/প্রভুর নির্দেশে কাজ, যুক্তির অবকাশ নেই; স্বেচ্ছাচারিতা",दिल पर पत्थर रखना,To control emotions with difficulty.,HIGH,False,bn-hi
1448,কর্মনাশা,কাজে বিঘ্নসৃষ্টিকারী,सांप भी मर जाए और लाठी भी न टूटे,Finding a solution that satisfies all parties without loss.,HIGH,False,bn-hi
1449,কর্মফল,কৃতকর্মের ফল যা লোকবিশ্বাসমতে পরজন্মে ভোগ করতে হয়,छोटा मुँह बड़ी बात,Talking beyond one's status.,HIGH,False,bn-hi
1450,কর্মফের,দুরদৃষ্ট,आसमान से गिरा खजूर में अटका,From bad to worse.,HIGH,False,bn-hi
1452,কর্মসূত্রে,কাজের প্রয়োজনে,खून पसीना एक करना,To work extremely hard.,HIGH,False,bn-hi
1453,কলকণ্ঠ,মধুর কণ্ঠস্বরবিশিষ্ট,आँखों का काँटा,A person who is disliked or irritating.,HIGH,False,bn-hi
1456,কলকাঠি,"চাবিকাঠি, নিয়ন্ত্রণ/পরিচালন ক্ষমতা",दिल पर पत्थर रखना,To control emotions with difficulty.,HIGH,False,bn-hi
1457,কলকাঠি নাড়া,গোপনে পরিচালনা করা,दिल पर पत्थर रखना,To control emotions with difficulty.,HIGH,False,bn-hi
1458,কলকে পাওয়া,আসরে মর্যাদা পাওয়া; খতির-যত্ন পাওয়া; সম্মান/সমাদর/স্বীকৃতি পাওয়া; উপেক্ষিত না হওয়া,नाक कटना,To lose respect or honor.,HIGH,False,bn-hi
1460,কলজে পুরু,হৃদয়বান ব্যক্তি,आँखों का काँटा,A person who is disliked or irritating.,HIGH,False,bn-hi
1461,কলজের জোর,অত্যধিক সাহস,खून खौलना,To feel extreme anger.,HIGH,False,bn-hi
1463,কল টেপা,গোপনে কৌশল করা; পরামর্শ বা প্ররোচনা দেওয়া,हाथ खड़े करना,To give up.,HIGH,False,bn-hi
1464,কলটেপা নাড়া,"কলকাঠি নাড়ার অনুরূপ, অর্থাৎ অনর্থক উত্তেজনা বা ঝামেলা সৃষ্টি করা",आसमान सिर पर उठाना,To create a lot of noise or chaos.,HIGH,False,bn-hi
1466,কলম করা,গাছের ডাল কেটে চারা করা,आसमान सिर पर उठाना,To create a lot of noise or chaos.,HIGH,False,bn-hi
1469,কলমের খোঁচা,অনিষ্ট করার উদ্দেশ্যে লিখিত অসৎ আদেশ,घर का भेदी लंका ढाए,An insider can cause downfall.,HIGH,False,bn-hi
1472,কলমির ঝাড়,বহু সদস্যের বংশ,दिल पर पत्थर रखना,To control emotions with difficulty.,HIGH,False,bn-hi
1482,কলাতলায় যাওয়া,বিবাহ হওয়া,दिमाग खराब होना,To get irritated.,HIGH,False,bn-hi
1486,কলাবধূ,ব্যঙ্গে দীর্ঘ ঘোমটাটানা বউ,आँखों का काँटा,A person who is disliked or irritating.,HIGH,False,bn-hi
1487,কলার ভেলায় সাগরপার,"অল্প পরিশ্রমে বিরাট কাজ, অসম্ভব কাজ, অসাধ্যসাধন উচ্চাশা",दिल पर पत्थर रखना,To control emotions with difficulty.,HIGH,False,bn-hi
1492,কলজে,হৃৎপিণ্ড; হৃদয়,दिल पर पत्थर रखना,To control emotions with difficulty.,HIGH,False,bn-hi
1497,কলির কেষ্ট,নারীসঙ্গভোগী নব্যপ্রেমিক; কেতাদুরস্ত লম্পট চরিত্রের লোক,आँखों का काँटा,A person who is disliked or irritating.,HIGH,False,bn-hi
1498,কলির প্রহ্লাদ,ব্যঙ্গে কু-পিতার কুসন্তান,आसमान से गिरा खजूर में अटका,From bad to worse.,HIGH,False,bn-hi
1500,কলির যুধিষ্টির,ধার্মিকতার ভাণকারী কপটব্যক্তি,आँखों का काँटा,A person who is disliked or irritating.,HIGH,False,bn-hi
1501,কলির লক্ষ্মী,ব্যঙ্গে- যে নারী লক্ষ্মীভাণ্ডের জমানো অর্থে সংসারের প্রয়জোনীয় দ্রব্য না কিনে নিজের অঙ্গসাজ কেনে,दिल पर पत्थर रखना,To control emotions with difficulty.,HIGH,False,bn-hi
1502,কলির সন্ধ্যা,ভয়াবহ দুর্দিনের/দুর্ভাগ্যের সূত্রপাত,पैर जमाना मुश्किल होना,Hard to establish oneself.,HIGH,False,bn-hi
1503,কলুর বলদ,অন্যের ইচ্ছানুসারে একটানা খাটা চিন্তাশক্তিহীন ব্যক্তি; অপ্রিয় কাজে কঠোর পরিশ্রম করা ব্যক্তি; নির্বিকারে/নির্বিচারে বেগার খাটা ব্যক্তি,आँखों का काँटा,A person who is disliked or irritating.,HIGH,False,bn-hi
1504,কলে পড়া,কাঁদে পড়া,तिनके का सहारा,A small help in a difficult situation.,HIGH,False,bn-hi
1507,কলের পুতুল,ব্যক্তিত্বহীন পুরুষ যে নিজের নির্দেশে নয় পরের নির্দেশে চলে,आँखों का काँटा,A person who is disliked or irritating.,HIGH,False,bn-hi
1508,কল্কে পাওয়া,"কলিকা পাওয়ার অনুরূপ, হঠাৎ অসুবিধা বা কষ্ট পাওয়া",पानी सिर से गुजरना,Situation getting out of control.,HIGH,False,bn-hi
1509,কল্পতরু,"অত্যন্ত উদার ও বদান্যব্যক্তি, যিনি সহজেই অন্যের ইচ্ছাপূরণ করেন",आँखों का काँटा,A person who is disliked or irritating.,HIGH,False,bn-hi
1511,কল্লার বুকে বল্লা,অত্যন্ত দুর্লভ বা খুঁজে পাওয়া অসম্ভব জিনিস,थक कर चूर होना,To be extremely tired.,HIGH,False,bn-hi
1513,কষকষ,হিংসা ও প্রতিহিংসার অনুভূতি,दिल बाग-बाग होना,Feeling extremely happy.,HIGH,False,bn-hi
1514,কষতে কষতে বাঁধনা ছেঁড়া,অতি টানাটানির বিপত্তি,खून खौलना,To feel extreme anger.,HIGH,False,bn-hi
1515,কষাকষি,সহচরশব্দ; দুইপক্ষের মধ্যে দ্বন্দ্ব,सांप भी मर जाए और लाठी भी न टूटे,Finding a solution that satisfies all parties without loss.,HIGH,False,bn-hi
1516,কষিত কাঞ্চন,খাঁটি সোনা; খাঁটি লোক,आँखों का काँटा,A person who is disliked or irritating.,HIGH,False,bn-hi
1517,কষ্টেসৃষ্টে,সহচরশব্দ; অনেক/বহু কষ্টে; কোনমতে,दिल पर पत्थर रखना,To control emotions with difficulty.,HIGH,False,bn-hi
1518,কসবা,"গণ্ডগ্রাম, ছোট সহর, ভদ্রপল্লী, সমৃদ্ধ বসতি",तिनके का सहारा,A small help in a difficult situation.,HIGH,False,bn-hi
1521,কসাই,অত্যন্ত নির্মম ও স্বার্থপর ব্যক্তি; অন্যের দুঃখদুর্দশার প্রতি ভ্রূক্ষেপশূন্য,थक कर चूर होना,To be extremely tired.,HIGH,False,bn-hi
1522,কসাইখানা,অতি নির্মম স্থান,खून खौलना,To feel extreme anger.,HIGH,False,bn-hi
1524,কসাইয়ের হাতে পড়া,নিষ্ঠুর ব্যক্তির খপ্পরে/পাল্লায় পড়া বা তার সংস্পর্শে আসা,दिल पर पत्थर रखना,To control emotions with difficulty.,HIGH,False,bn-hi
1532,কাঁকুড়লতার গর্ভধারণ,নিজের মৃত্যু ডেকে আনা,छोटा मुँह बड़ी बात,Talking beyond one's status.,HIGH,False,bn-hi
1536,কাঁচপোকায় আরশোলা ধরা,এমন অবস্থা যার থেকে নিস্কৃতি নেই,बाल-बाल बचना,To narrowly escape danger.,HIGH,False,bn-hi
1538,কাঁচা অর্থ,নগদে প্রচুর উপার্জন,सिर पर कफन बाँधना,To be ready to risk life.,HIGH,False,bn-hi
1541,কাঁচা কাঁঠালের বোঁটায় কীল,অসম্ভবকে সম্ভব করার চেষ্টা; যা হবার নয় তাই করার চেষ্টা,सांप भी मर जाए और लाठी भी न टूटे,Finding a solution that satisfies all parties without loss.,HIGH,False,bn-hi
1543,কাঁচাখেকো দেবতা,ঘুষখোর,आँखों का काँटा,A person who is disliked or irritating.,HIGH,False,bn-hi
1548,কাঁচা ঘুম,অপূর্ণ ঘুম; ঘুমের ঘোর কাটেনি এমন অবস্থা,कान पकड़ना,To promise not to repeat a mistake.,HIGH,False,bn-hi
1549,কাঁচা টাকা,নগদ প্রচুর উপার্জন,सिर पर कफन बाँधना,To be ready to risk life.,HIGH,False,bn-hi
1550,কাঁচাপাকা,আধা কাঁচা আধা পাকা,सांप भी मर जाए और लाठी भी न टूटे,Finding a solution that satisfies all parties without loss.,HIGH,False,bn-hi
1553,কাঁচাবাঁশে ঘুণ ধরা,অল্পবয়সে চিন্তাদিতে দেহ জীর্ণ হওয়া,पानी सिर से गुजरना,Situation getting out of control.,HIGH,False,bn-hi
1558,কাঁচামাথা বুদ্ধি,অনভিজ্ঞ ব্যক্তির বুদ্ধি,आँखों का काँटा,A person who is disliked or irritating.,HIGH,False,bn-hi
1560,কাঁচা রং,অস্থায়ী রং যা উঠে যায়,सांप भी मर जाए और लाठी भी न टूटे,Finding a solution that satisfies all parties without loss.,HIGH,False,bn-hi
1568,কাঁচা হাতের কাজ,নানাখুঁতযুক্ত কাজ; ধরা পড়ে যাওয়ার মত বুদ্ধিহীনের কাজ,खून पसीना एक करना,To work extremely hard.,HIGH,False,bn-hi
1569,কাঁচা হিসাব,চুড়ান্ত নয় এমন হিসাব,सांप भी मर जाए और लाठी भी न टूटे,Finding a solution that satisfies all parties without loss.,HIGH,False,bn-hi
1570,কাঁচানো,বেশ কিছু দূর অগ্রসর হয়ে সমস্ত কাজ পণ্ড করা,रंग में भंग डालना,To ruin enjoyment.,HIGH,False,bn-hi
1571,কাঁচুমাচু,"লজ্জা, ভয় ইত্যাদি কারণে সংকুচিত",दिल पर पत्थर रखना,To control emotions with difficulty.,HIGH,False,bn-hi
1573,কাঁচের ঘরে বসে ঢিল ছোঁড়া,বোকার মতো কাজ করা যা নিজেকে ক্ষতি করে,सांप भी मर जाए और लाठी भी न टूटे,Finding a solution that satisfies all parties without loss.,HIGH,False,bn-hi
1579,কাঁটা দেওয়া,বাধা সৃষ্টি করা,आसमान सिर पर उठाना,To create a lot of noise or chaos.,HIGH,False,bn-hi
1581,কাঁটা হওয়া,ভয়ে শিউরে ওঠা সঙ্কুচিত হওয়া,आसमान से गिरा खजूर में अटका,From bad to worse.,HIGH,False,bn-hi
1582,কাঁটায় কাঁটায়,ঘড়ি ধরে; ঠিক নির্দিষ্ট সময়ে; সময়ের এতটুকু ব্যতিক্রম না করে,सांप भी मर जाए और लाठी भी न टूटे,Finding a solution that satisfies all parties without loss.,HIGH,False,bn-hi
1584,কাঁঠালের আঠা,যা সহজে ছাড়ে না,सांप भी मर जाए और लाठी भी न टूटे,Finding a solution that satisfies all parties without loss.,HIGH,False,bn-hi
1585,কাঁঠালের আমসত্ত্ব,"অবাস্তব/অলীক/অসম্ভব/কাল্পনিক বস্তু, যা হবার নয়",सांप भी मर जाए और लाठी भी न टूटे,Finding a solution that satisfies all parties without loss.,HIGH,False,bn-hi
1586,কাঁঠালের ছাল,রসকষহীন ব্যক্তি,आँखों का काँटा,A person who is disliked or irritating.,HIGH,False,bn-hi
1589,কাঁদুনি গাওয়া,সকাতরে অনুযোগ করা বা দুঃখ-অভাব-অভিযোগ প্রভৃতি প্রকাশ করা,दिल का बोझ हल्का करना,To express feelings.,HIGH,False,bn-hi
1590,কাঁধ দেওয়া,"কোন বিষয়ের ভার লওয়া, সাহায্য করা",तिनके का सहारा,A small help in a difficult situation.,HIGH,False,bn-hi
1591,কাঁধে কাঁধ মেলানো,পরস্পরে সহযোগিতা করা,दिल पर पत्थर रखना,To control emotions with difficulty.,HIGH,False,bn-hi
1592,কাঁধে কুড়ুল বনময় খোঁজা,আপনভোলা লোক,आँखों का काँटा,A person who is disliked or irritating.,HIGH,False,bn-hi
1593,কাঁধে কুড়ুল বনময় খোঁজা,আপনভোলা লোক,आँखों का काँटा,A person who is disliked or irritating.,HIGH,False,bn-hi
1594,কাঁধে ঝুলি নেওয়া,ভিক্ষার জন্য বার হওয়া,पानी सिर से गुजरना,Situation getting out of control.,HIGH,False,bn-hi
1595,কাঁধে নেওয়া,দায়িত্ব নেওয়া,दिल पर लेना,To take something personally.,HIGH,False,bn-hi
1597,কার কস্য পরিবেদনা,বৃথা চিন্তা বা হাহুতাশ; কে কার কথা ভাবে,आँखों का काँटा,A person who is disliked or irritating.,HIGH,False,bn-hi
1600,কাক-কোকিলে ভেদ,ভালোমন্দ ভেদজ্ঞান,आसमान से गिरा खजूर में अटका,From bad to worse.,HIGH,False,bn-hi
1601,কাক-কোকিলের সমান দর,ভালো-মন্দের তফাত না থাকা; ভালো-মন্দের তফাত করতে না পারা,बंदर क्या जाने अदरक का,Someone is unaware of the value or significance of something.,HIGH,False,bn-hi
1605,কাকতালীয়,আকস্মিক যোগাযোগজনিত কার্যকারণহীন দুটি ঘটনা,सांप भी मर जाए और लाठी भी न टूटे,Finding a solution that satisfies all parties without loss.,HIGH,False,bn-hi
1606,কাকতালীয় ব্যাপার,কার্যকারণ সম্পর্কবিহীন দুই ঘটনা; আকস্মিক সাদৃশ্য; আপাতদৃষ্টিতে মনে হয় সম্পর্কযুক্ত অথচ পরস্পর সম্পর্কহীন একসঙ্গে সংঘটিত দুই ঘটনা; হঠাৎ সংঘটিত বা আকস্মিক যোগাযোগজাত কোনো ঘটনা,सांप भी मर जाए और लाठी भी न टूटे,Finding a solution that satisfies all parties without loss.,HIGH,False,bn-hi
1611,কাকফল,নিমফল,सांप भी मर जाए और लाठी भी न टूटे,Finding a solution that satisfies all parties without loss.,HIGH,False,bn-hi
1613,কাকবলি,কাককে আহারের জন্য নবান্নের অল্প অংশ দেওয়া,हाथ खड़े करना,To give up.,HIGH,False,bn-hi
1615,কাকভূষণ্ডী,"দীর্ঘজীবী বহুদর্শী বয়োবৃদ্ধ লোক, বহু অভিজ্ঞতাসম্পন্ন বৃদ্ধব্যক্তি",दिल पर पत्थर रखना,To control emotions with difficulty.,HIGH,False,bn-hi
1617,কাকলাস,অত্যন্ত কৃশকায় ব্যক্তি,थक कर चूर होना,To be extremely tired.,HIGH,False,bn-hi
1620,কাকস্নান,অল্প জলে স্নান; তাড়াহুড়ো করে সংক্ষিপ্ত গোসল,दिल पर पत्थर रखना,To control emotions with difficulty.,HIGH,False,bn-hi
1621,কা কস্য পরিবেদনা,কে কার কথা ভাবে; বৃথা হাহুতাশ,आँखों का काँटा,A person who is disliked or irritating.,HIGH,False,bn-hi
1622,কোকিলা বউ,"সন্তান প্রতিপালন করতে পারে না কিন্তু ন্যাকামী করে, এমন নারী",आँखों का काँटा,A person who is disliked or irritating.,HIGH,False,bn-hi
1624,কাকের ছাঁ বকের ছাঁ,অত্যন্ত কুৎসিত লেখার ছাঁদ,थक कर चूर होना,To be extremely tired.,HIGH,False,bn-hi
1626,কাকের পিছে ফিঙে লাগা,কাউকে ব্যতিব্যস্ত করে তোলা,नाक ऊँची करना,To make proud.,HIGH,False,bn-hi
1627,কাকের খাবার রাখা,এমন লুকানো যে পরে খুঁজে পাওয়া ভার; নিজে রেখে নিজেই না জানা,तिनके का सहारा,A small help in a difficult situation.,HIGH,False,bn-hi
1631,কাগজে কলমে,"লিখিতভাবে, মুখে মুখে নয়া থাকা",कान पकड़ना,To promise not to repeat a mistake.,HIGH,False,bn-hi
1634,কাগুজে বাঘ,কেবল কাগজেই আছে বাস্তবে নেই; মিথ্যা ভয়,कान पकड़ना,To promise not to repeat a mistake.,HIGH,False,bn-hi
1635,কাঙাল আপনা সামলা,আগে নিজেকে বাঁচানো; পরে অন্যের উপকারের কথা ভাবা,सिर खपाना,To think hard.,HIGH,False,bn-hi
1636,কাঙালপনা,অতিশয় লোলুপতা,खून खौलना,To feel extreme anger.,HIGH,False,bn-hi
1637,কাঙালি বিদায়,অবজ্ঞার সাথে দান,दिल पर पत्थर रखना,To control emotions with difficulty.,HIGH,False,bn-hi
1638,কাঙালের ঘোড়ারোগ,অযৌক্তিক আকাঙ্ক্ষা; দরিদ্রের সাধ্যতীত ব্যয়ের আকাঙ্ক্ষা/শখ,छोटा मुँह बड़ी बात,Talking beyond one's status.,HIGH,False,bn-hi
1639,কাচুমাচু,লজ্জা ভয় ইত্যাদি জনিত কারণে সংকুচিত ভাব,दिल पर पत्थर रखना,To control emotions with difficulty.,HIGH,False,bn-hi
1644,কাছায় হাগা,কাপুরুষতা বা ভীরুতা প্রকাশ করা,दिल का बोझ हल्का करना,To express feelings.,HIGH,False,bn-hi
1646,কাছেপিঠে,"বেশি দূরে নয়, ধারেকাছে, সন্নিকটে",सिर पर चढ़ाना,To spoil someone with too much affection.,HIGH,False,bn-hi
1649,কাজকাম,কার্যমাত্র,छोटा मुँह बड़ी बात,Talking beyond one's status.,HIGH,False,bn-hi
1651,কাজ দেওয়া,কাজে নিযুক্ত করা,हाथ खड़े करना,To give up.,HIGH,False,bn-hi
1652,কাজ দেখা,কাজের দেখাশুনা করা,खून पसीना एक करना,To work extremely hard.,HIGH,False,bn-hi
1653,কাজ দেখানো,নিজের যোগ্যতা প্রমাণ করা,छोटा मुँह बड़ी बात,Talking beyond one's status.,HIGH,False,bn-hi
1654,কাজ দেখানো,নিজের যোগ্যতা প্রমাণ করা,छोटा मुँह बड़ी बात,Talking beyond one's status.,HIGH,False,bn-hi
1656,কাজপাগল,"কাজ করতে ভীষণ ভালোবাসে এমন, অস্বাভাবিকরকমের কাজের নেশাযুক্ত",आँखों का काँटा,A person who is disliked or irritating.,HIGH,False,bn-hi
1657,কাজ বাগানো,উদ্দেশ্য সিদ্ধি করা,छोटा मुँह बड़ी बात,Talking beyond one's status.,HIGH,False,bn-hi
1660,কাজ হাসিল করা,উদ্দেশ্য সিদ্ধ করা,छोटा मुँह बड़ी बात,Talking beyond one's status.,HIGH,False,bn-hi
1663,কাজীর বিচার,অন্যায় বিধিবিরুদ্ধ পক্ষপাতদুষ্ট যুক্তিহীন বিচার; একপেশে বিচার; গোঁজমিল দিয়ে বিচার,दिल पर पत्थर रखना,To control emotions with difficulty.,HIGH,False,bn-hi
1668,কাজের কথা,"প্রয়োজনীয় কথা, সারকথা",पानी सिर से गुजरना,Situation getting out of control.,HIGH,False,bn-hi
1669,কাজের কাজ,"উপযুক্ত, মুল্যবান কাজ",खून पसीना एक करना,To work extremely hard.,HIGH,False,bn-hi
1670,কাজের কাজি,"উপযুক্ত ব্যক্তি, কর্মঠ, কাজে কুশল, যে কার্যত করে, শুধু মুখে বলে না",छोटा मुँह बड़ी बात,Talking beyond one's status.,HIGH,False,bn-hi
1671,কাজের বাইরে,"অনুপযুক্ত ব্যক্তি, অকর্মণ্য",आँखों का काँटा,A person who is disliked or irritating.,HIGH,False,bn-hi
1672,কাজের থাই নেই,কাজের সীমা বা শেষ নেই,खून पसीना एक करना,To work extremely hard.,HIGH,False,bn-hi
1673,কাজের মাথামুণ্ড নাই,কাজে শৃঙ্খলা নেই,खून पसीना एक करना,To work extremely hard.,HIGH,False,bn-hi
1676,"কাজের হাতও নাই পাও নাই, মাথাও নাই মুণ্ড মাই",কাজে শৃঙ্খলা নেই; কাজ কোথায় শুরু হবে কোথায় শেষ হবে তার ঠিক নেই,खून पसीना एक करना,To work extremely hard.,HIGH,False,bn-hi
1677,কাঞ্চনমূল্য,স্বর্ণমুদ্রার মূল্যস্বরূপ দক্ষিণা,बंदर क्या जाने अदरक का,Someone is unaware of the value or significance of something.,HIGH,False,bn-hi
1678,কাটকাট মারমার করা,"কাটাকাটি, মারামারিতে উদ্যত; ঔদ্ধত্য প্রকাশ করা",दिल का बोझ हल्का करना,To express feelings.,HIGH,False,bn-hi
1680,কাঠগোঁয়ার,"অত্যন্ত একগুঁয়ে প্রকৃতি, অত্যন্ত গোঁয়ার, ভালমন্দ বোধহীন",थक कर चूर होना,To be extremely tired.,HIGH,False,bn-hi
1683,কাঠমোল্লা,অল্পশিক্ষিত গোঁড়া ধর্মজ্ঞানহীন সংকীর্ণমনা মুসলমান পুরোহিত; ধর্মজ্ঞানহীন ধর্মব্যবসায়ী; কুসংস্কারাচ্ছন্ন ব্যক্তি,आँखों का काँटा,A person who is disliked or irritating.,HIGH,False,bn-hi
1685,খাল কেটে কুমীর আনা,অনাবশ্যক কাজ করে নিজের জন্য বিপদ ডেকে আনা,आसमान सिर पर उठाना,To create a lot of noise or chaos.,HIGH,False,bn-hi
1686,দাগ কাটা,প্রভাব ফেলা,नाक ऊँची करना,To make proud.,HIGH,False,bn-hi
1687,তাল কাটা,ভঙ্গ হওয়া,नाक कटना,To lose respect or honor.,HIGH,False,bn-hi
1690,কাটাকাটা,"ছাড়াছাড়া, স্পষ্ট স্পষ্ট",सांप भी मर जाए और लाठी भी न टूटे,Finding a solution that satisfies all parties without loss.,HIGH,False,bn-hi
1696,কাটা ঘায়ে নুনের ছিটা,অপমানের উপর অপমান; আঘাতের উপর আঘাত; আহতকে আরও কষ্ট দেওয়া,दिल में चुभना,To hurt emotionally.,HIGH,False,bn-hi
1697,কাটা ছাঁটা,আবশ্যকমতো বাহুল্য বর্জন করা,ठिकाने लगाना,To eliminate someone.,HIGH,False,bn-hi
1700,কাটান ছাড়ান,"সম্পূর্ণ বিচ্ছেদ; সকল সংস্রব, সম্পর্ক রহিত",सांप भी मर जाए और लाठी भी न टूटे,Finding a solution that satisfies all parties without loss.,HIGH,False,bn-hi
1702,ভয়ে কাঠ,নিস্পন্দ,दिल पर पत्थर रखना,To control emotions with difficulty.,HIGH,False,bn-hi
1704,কাঠখড়,"আয়োজন, জোগাড়যন্ত্র, চেষ্টা ও পরিশ্রম",खून पसीना एक करना,To work extremely hard.,HIGH,False,bn-hi
1707,কাঠের পুতুল,"অসার, নির্জীব, স্থির",सांप भी मर जाए और लाठी भी न टूटे,Finding a solution that satisfies all parties without loss.,HIGH,False,bn-hi
1710,কাঠি কাঠি,"অত্যন্ত সরু, কৃশ",थक कर चूर होना,To be extremely tired.,HIGH,False,bn-hi
1711,কাঠি দেওয়া,উত্ত্যক্ত/উত্তেজিত/বিরক্ত করা; পিছনে লাগা,हाथ धोकर पीछे पड़ना,To be persistently after someone.,HIGH,False,bn-hi
1717,কাড়াকড়ি,"অতিতুচ্ছ, মূল্যহীন",थक कर चूर होना,To be extremely tired.,HIGH,False,bn-hi
1718,কাড়াকাড়ি,পরস্পরের কাছ থেকে ছিনিয়ে নেবার চেষ্টা,आसमान से गिरा खजूर में अटका,From bad to worse.,HIGH,False,bn-hi
1719,কাড়া-নাকাড়া,ঢাকজাতীয় নানারকম ছোটবড় বাদ্যযন্ত্র,तिनके का सहारा,A small help in a difficult situation.,HIGH,False,bn-hi
1721,কাণ্ডজ্ঞান,"সহজাত বুদ্ধি; অবস্থা অনুযায়ী কর্তব্য-অকর্তব্যবোধ, বুদ্ধিবিবেচনা, ভালমন্দ বিচারের ক্ষমতা, উচিত-অনুচিতবোধ",आसमान से गिरा खजूर में अटका,From bad to worse.,HIGH,False,bn-hi
1722,কাৎলামাছ,"বিত্তশালী, ঘাঘু লোক",आँखों का काँटा,A person who is disliked or irritating.,HIGH,False,bn-hi
1723,কাতলা মাছ,বিরাট দাঁও,आँखों का काँटा,A person who is disliked or irritating.,HIGH,False,bn-hi
1727,কাদা ওড়ানীর কাছে ধুলা উড়ানী,অতিধূর্তের কাছে ধূর্তাপনা,थक कर चूर होना,To be extremely tired.,HIGH,False,bn-hi
1729,কাদায় গুণ ফেলা,কষ্টকে কষ্ট না ভেবে নিজ উদ্দেশ্য সাধন করা,सांप भी मर जाए और लाठी भी न टूटे,Finding a solution that satisfies all parties without loss.,HIGH,False,bn-hi
1730,কাদায় পড়া হাতী,বিপদাপন্ন ক্ষমতাশালী ব্যক্তি,आँखों का काँटा,A person who is disliked or irritating.,HIGH,False,bn-hi
1734,কানকাটা,"নির্লজ্জ, বেহায়া, যে নিজের নিন্দা, গ্লানি শুনেও শোনে না",आँखों का काँटा,A person who is disliked or irritating.,HIGH,False,bn-hi
1736,কান কামড়ানো,অনুতাপ করা; নিজের জিদে কাজ করে ক্ষতি হলে সেজন্য দুঃখ করা,छोटा मुँह बड़ी बात,Talking beyond one's status.,HIGH,False,bn-hi
1737,কান খুড়কি,কুমন্ত্রণাদাতা,आसमान से गिरा खजूर में अटका,From bad to worse.,HIGH,False,bn-hi
1739,কানখড়খড়ে,শ্রবণশক্তি এমন প্রখর যে মৃদু শব্দও শুনতে পায়,सांप भी मर जाए और लाठी भी न टूटे,Finding a solution that satisfies all parties without loss.,HIGH,False,bn-hi
1740,কান খাড়া করা,"মনোযোগী হওয়া, শোনার জন্য উৎকর্ণ/ব্যগ্র/সতর্ক হওয়া",कान खड़े होना,To become alert.,HIGH,False,bn-hi
1741,কানচাটা,"সদাই বিরস মন, সুখ নেই যার",आँखों का काँटा,A person who is disliked or irritating.,HIGH,False,bn-hi
1743,কান ঝালাপালা করা,বিরক্তিকর কথা বলে জ্বালাতন করা,नाक में दम करना,To annoy greatly.,HIGH,False,bn-hi
1745,কান টানলে মাথা আসে,সম্পর্কিত ব্যক্তি,आँखों का काँटा,A person who is disliked or irritating.,HIGH,False,bn-hi
1748,কান নিয়ে গেল চিলে,কানপাতলা লোক,आँखों का काँटा,A person who is disliked or irritating.,HIGH,False,bn-hi
1750,কান পাতলা,"সহজেই বিশ্বাসপ্রবণ, শোনা কথায় প্রভাবিত হয়; নির্বিচারে অন্যের লাগানো কথায় বিশ্বাস করে",सांप भी मर जाए और लाठी भी न टूटे,Finding a solution that satisfies all parties without loss.,HIGH,False,bn-hi
1751,কান পাতা,শোনার জন্য শব্দাভিমুখে কান রাখা; শোনার জন্য উদ্গ্রীব,छोटा मुँह बड़ी बात,Talking beyond one's status.,HIGH,False,bn-hi
1753,কান পাতা দায়,শোনার পক্ষে অসহ্য; কিছুই শোনা যাচ্ছে না এমন অবস্থা,घर का भेदी लंका ढाए,An insider can cause downfall.,HIGH,False,bn-hi
1754,কানফাটা,"কানের পর্দা ফাটার মত তীব্র শব্দযুক্ত, কর্ণবিদারক",थक कर चूर होना,To be extremely tired.,HIGH,False,bn-hi
1757,কান ভাঙানো,অন্যের বিরুদ্ধে কুপরামর্শ দান; গোপনে অন্যের বিরুদ্ধে কুকথা বলে দুজনের মধ্যে মনোমালিন্য সৃষ্টি করা,आसमान सिर पर उठाना,To create a lot of noise or chaos.,HIGH,False,bn-hi
1758,কান ভাঙানি,কুমন্ত্রণা দিয়ে বিবাদ সৃষ্টি করে এমন লোক,आँखों का काँटा,A person who is disliked or irritating.,HIGH,False,bn-hi
1759,কান ভারী করা,নানাবিধ বিপক্ষ কথা বলে অপ্রিয় করা; কান ভারাক্রান্ত করা,नाक में दम करना,To annoy greatly.,HIGH,False,bn-hi
1763,কানাই-বলাই,মুখ্য- কৃষ্ণ বলরাম; গৌণ- ভিন্ন হৃদয় বন্ধুদ্বয়,दिल पर पत्थर रखना,To control emotions with difficulty.,HIGH,False,bn-hi
1764,কানাইয়ের মা,পরের সন্তানের মা,दिल पर पत्थर रखना,To control emotions with difficulty.,HIGH,False,bn-hi
1765,কানাকড়ি,"অতি নগণ্য পরিমাণ, অত্যল্প অর্থ",थक कर चूर होना,To be extremely tired.,HIGH,False,bn-hi
1767,কানাকানি,কানে কানে নিভৃতে বলা; গোপন রটনা; চুপে চুপে বলাবলি; মন্ত্রণা,दीवारों के कान होना,Confidential matters may be overheard.,HIGH,False,bn-hi
1770,কানা গরুর ভিন্ন পথ,অবুঝ সোজা পথে হাঁটে না; বুদ্ধিহীন লোক যুক্তির ধার ধারে না,कान पकड़ना,To promise not to repeat a mistake.,HIGH,False,bn-hi
1771,কানাগলি,দিশাহীন পথ,पानी सिर से गुजरना,Situation getting out of control.,HIGH,False,bn-hi
1772,কানাগলিতে ঘুরে মরা,নিস্কৃতির পথ খুঁজে মরা,पानी सिर से गुजरना,Situation getting out of control.,HIGH,False,bn-hi
1773,কানাঘুষা,"কর্ণে কর্ণে ঘোষণা; কানে কানে বলাবলি, চুপে চুপে বলাবলি",आसमान से गिरा खजूर में अटका,From bad to worse.,HIGH,False,bn-hi
1775,কানাছেলের নাম পদ্মলোচন,"নির্গুণের মধ্যে গুণ খোঁজার হাস্যাস্পদ প্রয়াস; যার যে গুণ নেই, সেই গুণের ভান করা",सांप भी मर जाए और लाठी भी न टूटे,Finding a solution that satisfies all parties without loss.,HIGH,False,bn-hi
1778,কানায়ে ভাগনা,লম্পটচরিত্রের লোক,आँखों का काँटा,A person who is disliked or irritating.,HIGH,False,bn-hi
1780,কানার মাঝে ঝাপসা,মন্দের ভালো,आसमान से गिरा खजूर में अटका,From bad to worse.,HIGH,False,bn-hi
1781,কানী,বিদ্রুপে যেন দেখতে পায় না এমন নারী- গালিবিশেষ,आँखों का काँटा,A person who is disliked or irritating.,HIGH,False,bn-hi
1783,কানে আঙুল দেওয়া,অশ্রাব্য কিছু শুনতে না চাওয়া; না শোনার চেষ্টা,कान पकड़ना,To promise not to repeat a mistake.,HIGH,False,bn-hi
1784,কানে আসা,শুনতে পাওয়া; শুনা,छोटा मुँह बड़ी बात,Talking beyond one's status.,HIGH,False,bn-hi
1785,কানে আসা,শুনতে পাওয়া; শুনা,छोटा मुँह बड़ी बात,Talking beyond one's status.,HIGH,False,bn-hi
1786,কানে কানে,অন্যে যেন শুনতে পায় না এমনভাবে; কানের কাছে মুখ নিয়ে গিয়ে মৃদুস্বরে,सांप भी मर जाए और लाठी भी न टूटे,Finding a solution that satisfies all parties without loss.,HIGH,False,bn-hi
1788,কানে তালা লাগা,বিকট শব্দে কিছু শুনতে না পাওয়া,थक कर चूर होना,To be extremely tired.,HIGH,False,bn-hi
1792,কানে ফুঁ দেওয়া,চুপেচুপে কুপরামর্শ দেওয়া,आसमान से गिरा खजूर में अटका,From bad to worse.,HIGH,False,bn-hi
1793,কানে ফুঁ দেওয়া,চুপেচুপে কুপরামর্শ দেওয়া,आसमान से गिरा खजूर में अटका,From bad to worse.,HIGH,False,bn-hi
1795,কানে মন্ত্র দেওয়া,কানে কানে গোপন কথা বা রহস্য বলা,नज़रबंद करना,To restrict someone's freedom.,HIGH,False,bn-hi
1796,কানে মন্ত্র দেওয়া,কানে কানে গোপন কথা বা রহস্য বলা,नज़रबंद करना,To restrict someone's freedom.,HIGH,False,bn-hi
1799,কানের মাথা খাওয়া,শ্রবণশক্তি হারানো,छोटा मुँह बड़ी बात,Talking beyond one's status.,HIGH,False,bn-hi
1801,কাপড় খারাপ করা,ভয়ে বা বাহ্যের বেগ ধারণে অক্ষমতার ফলে কাপড় অপরিষ্কার করা,छोटा मुँह बड़ी बात,Talking beyond one's status.,HIGH,False,bn-hi
1802,কাপড় খারাপ করা,ভয়ে বা বাহ্যের বেগ ধারণে অক্ষমতার ফলে কাপড় অপরিষ্কার করা,छोटा मुँह बड़ी बात,Talking beyond one's status.,HIGH,False,bn-hi
1806,কাপড়েবাবু,"জামাকাপড়বিলাসী অল্পধনী, বাহ্যিক সভ্যব্যক্তি",आँखों का काँटा,A person who is disliked or irritating.,HIGH,False,bn-hi
1807,কাপড়হাগা,অতি ভীরু,थक कर चूर होना,To be extremely tired.,HIGH,False,bn-hi
1808,কাপ্তান,হীন আমোদপ্রমোদে রত ও ইয়ারদের পৃষ্ঠপোষক ধনীব্যক্তি,आँखों का काँटा,A person who is disliked or irritating.,HIGH,False,bn-hi
1809,কাপ্তান বাবু,অন্তঃসারশূন্য ব্যক্তি,आँखों का काँटा,A person who is disliked or irritating.,HIGH,False,bn-hi
1811,কাফের,ইসলামবিরোধী লোক,आँखों का काँटा,A person who is disliked or irritating.,HIGH,False,bn-hi
1815,কামচোর,কাজ এড়িয়ে চলা বা অলস ব্যক্তি,आँखों का काँटा,A person who is disliked or irritating.,HIGH,False,bn-hi
1817,কামধেনু,অভীষ্টপূরণকারী; সকলের উপকারকারী,सांप भी मर जाए और लाठी भी न टूटे,Finding a solution that satisfies all parties without loss.,HIGH,False,bn-hi
1818,কাম নাই কামাইও নাই,নির্দিষ্ট কোন কাজ নেই ফলে সর্বদা উদ্যোগী থেকে উপস্থিতমত কাজ করতে হয়,खून पसीना एक करना,To work extremely hard.,HIGH,False,bn-hi
1821,কামলা আপনা সামলা,যে যার নিজেরটা দেখুক,आँखों का काँटा,A person who is disliked or irritating.,HIGH,False,bn-hi
1826,কামিনী,অতিশয় কামুকা নারী,थक कर चूर होना,To be extremely tired.,HIGH,False,bn-hi
1830,কায়কারবার,দৈনন্দিন কাজকর্ম,खून पसीना एक करना,To work extremely hard.,HIGH,False,bn-hi
1834,কায়মনোবাক্যে,"দেহ মন ও বাক্যে, সর্বোতভাবে",दिल पर पत्थर रखना,To control emotions with difficulty.,HIGH,False,bn-hi
1839,কার বাপের সাধ্য,কারো বাপের সাধ্যায়ত্ব নয় এমন মনোভাব,सांप भी मर जाए और लाठी भी न टूटे,Finding a solution that satisfies all parties without loss.,HIGH,False,bn-hi
1846,কারে পড়া,ঝামেলা/ফ্যাসাদ/সঙ্কটে পড়া,दिमाग खराब होना,To get irritated.,HIGH,False,bn-hi
1848,কাল,সর্বনাশের কারণ,घर का भेदी लंका ढाए,An insider can cause downfall.,HIGH,False,bn-hi
1849,কাল কাটানো,জীবনযাপন করা; জীবনধারণ করা,छोटा मुँह बड़ी बात,Talking beyond one's status.,HIGH,False,bn-hi
1851,কাল গোনা,দীর্ঘ দিন ধরে অপেক্ষা করা,तेल देखो तेल की धार देखो,Wait and observe carefully.,HIGH,False,bn-hi
1853,কালঘাম,মুখ্য অর্থ-- মৃত্যুকালীন ঘাম; গৌণ অর্থ- অতিশয় পরিশ্রমের ফলে নির্গত ঘাম; প্রচণ্ড পরিশ্রমে সর্বাঙ্গ সিক্ত,खून खौलना,To feel extreme anger.,HIGH,False,bn-hi
1854,কালঘুম,চিরঘুম; মৃত্যু; এমন ঘুম যা ভাঙতে চায় না,सांप भी मर जाए और लाठी भी न टूटे,Finding a solution that satisfies all parties without loss.,HIGH,False,bn-hi
1857,কালনেমির লঙ্কাভাগ,ফললাভের আগেই ফলভোগের সুখকল্পনা; অতি আগাম পরিকল্পনা; অভিষ্টসিদ্ধির আগেই অনুকূল জল্পনাকল্পনা,थक कर चूर होना,To be extremely tired.,HIGH,False,bn-hi
1858,কালপেঁচা,অত্যন্ত অশুভকর বা কালো ও কদাকার ব্যক্তি,थक कर चूर होना,To be extremely tired.,HIGH,False,bn-hi
1865,কালশিটা,আঘাতের ফলে রক্ত জমে উৎপন্ন কালো দাগ,आसमान से गिरा खजूर में अटका,From bad to worse.,HIGH,False,bn-hi
1869,কাল হওয়া,মৃতপ্রায় হওয়া; ধ্বংসের কারণ হওয়া,कान खड़े होना,To become alert.,HIGH,False,bn-hi
1870,কাল হওয়া,মৃতপ্রায় হওয়া; ধ্বংসের কারণ হওয়া,कान खड़े होना,To become alert.,HIGH,False,bn-hi
1873,কালাকাল,"সুসময় ও দুঃসময়, শুভ ও অশুভ সময়",आसमान से गिरा खजूर में अटका,From bad to worse.,HIGH,False,bn-hi
1874,কালাগ্নি,প্রলয়ঙ্কর সৃষ্টিনাশক অগ্নি,सांप भी मर जाए और लाठी भी न टूटे,Finding a solution that satisfies all parties without loss.,HIGH,False,bn-hi
1877,কালাপাহাড়,স্বধর্মদ্বেষী অত্যাচারী ও ভয়ংকর ব্যক্তি; প্রচলিত ধর্ম ও সংস্কারের বিরোধীব্যক্তি,आँखों का काँटा,A person who is disliked or irritating.,HIGH,False,bn-hi
1881,কালামুখ,"কলঙ্কলিপ্তমুখ, নির্লজ্জ, বেহায়া",दिल पर पत्थर रखना,To control emotions with difficulty.,HIGH,False,bn-hi
1882,কালাশুদ্ধি,যে সময়ে কৃত ধর্মীয় ক্রিয়াকর্ম শুদ্ধ হয় না,कान पकड़ना,To promise not to repeat a mistake.,HIGH,False,bn-hi
1883,কালাশৌচ,পিতামাতার মৃত্যুর কারণে বর্ষব্যাপী অশৌচ,छोटा मुँह बड़ी बात,Talking beyond one's status.,HIGH,False,bn-hi
1884,কালোহাঁড়ি,ঘোর কালো বর্ণ,थक कर चूर होना,To be extremely tired.,HIGH,False,bn-hi
1885,কালখেকো কলম,জিভচেরা ঝর্ণা কলম,दिल पर पत्थर रखना,To control emotions with difficulty.,HIGH,False,bn-hi
1886,কালি দেওয়া,কলঙ্ক লেপন করা,नज़रबंद करना,To restrict someone's freedom.,HIGH,False,bn-hi
1891,কালীঘাটের কাঙালী,নাছোড়বান্দা কাঙালী,हाथ खड़े करना,To give up.,HIGH,False,bn-hi
1892,কালীঘাটের চণ্ডীপাঠ,যে পয়সা দিত ব্যবসাদার ব্রাহ্মণ তার মাথায় ফুল ছোঁয়াতো,आसमान से गिरा खजूर में अटका,From bad to worse.,HIGH,False,bn-hi
1895,কালেভদ্রে,কদাচিৎ; খুব বেশি নয়,कान पकड़ना,To promise not to repeat a mistake.,HIGH,False,bn-hi
1901,কালো হাঁড়ি,অতিশয় কালো ও ময়লা; ঘোর কৃষ্ণবর্ণ,थक कर चूर होना,To be extremely tired.,HIGH,False,bn-hi
1908,কাশীয়াল,কলঙ্কযুক্ত ব্যক্তি; লোকনিন্দা এড়াবার জন্য কাশীতে আশ্রয়গ্রহণকারী ব্যক্তি,आँखों का काँटा,A person who is disliked or irritating.,HIGH,False,bn-hi
1910,কাষ্ঠনির্মিত মস্তক,"আহাম্মক গবেট বোকা, হাঁদা ইত্যাদি",आँखों का काँटा,A person who is disliked or irritating.,HIGH,False,bn-hi
1913,কিংকর্তব্যবিমূঢ়,কি করতে হবে বুঝতে পারেনা এমন; কর্তব্য স্থির করতে না পেরে স্থির হয়ে থাকা,छोटा मुँह बड़ी बात,Talking beyond one's status.,HIGH,False,bn-hi
1914,কিংপিন,সব দুস্কর্মের হোতা,सांप भी मर जाए और लाठी भी न टूटे,Finding a solution that satisfies all parties without loss.,HIGH,False,bn-hi
1918,কিছুকিছু,অল্পপরিমাণ অর্থে দ্বিত্বশব্দ; অল্পস্বল্প; একটু-আধটু; সামান্যসংখ্যক,तिनके का सहारा,A small help in a difficult situation.,HIGH,False,bn-hi
1921,কিতাব-কীট,খুব পড়ুয়া,आँखों का काँटा,A person who is disliked or irritating.,HIGH,False,bn-hi
1924,কিমাশ্চর্য্যমতঃপরম,এরপর আর আশ্চর্যের কী আছে; কী অদ্ভুত ব্যাপার,कलेजा ठंडा होना,To feel satisfied after revenge.,HIGH,False,bn-hi
1926,কিম্মৎ,দাম; মূল্য,बंदर क्या जाने अदरक का,Someone is unaware of the value or significance of something.,HIGH,False,bn-hi
1929,কিল খেয়ে কিল চুরি,অপমানিত হয়ে অপমান গোপন করা; অপমানিত হয়েও চুপ থাকা,साँप सूँघ जाना,To become silent suddenly.,HIGH,False,bn-hi
1930,কিলবিল,বহুসংখ্যক প্রাণীর একস্থানে জমায়েত এবং ইতস্ততঃ দ্রুত সঞ্চরণভাব,दिल पर पत्थर रखना,To control emotions with difficulty.,HIGH,False,bn-hi
1931,কিলিয়ে কাঁঠাল পাকানো,অসম্ভবকে সম্ভব করার চেষ্টা করা,नाक ऊँची करना,To make proud.,HIGH,False,bn-hi
1935,কিসে আর কিসে,অতি উত্তমের সাথে অতি অধমের তুলনা,दिल पर पत्थर रखना,To control emotions with difficulty.,HIGH,False,bn-hi
1938,নরকের কীট,"অধম, নগণ্য বা নিতান্ত তুচ্ছ ব্যক্তি",आँखों का काँटा,A person who is disliked or irritating.,HIGH,False,bn-hi
1939,কীটাণুকীট,"অতি নগণ্য ব্যক্তি, অধমাধম, নিকৃষ্টতম",थक कर चूर होना,To be extremely tired.,HIGH,False,bn-hi
1945,কুঁজার মন্ত্রণা,দুষ্টের পরামর্শ,आसमान से गिरा खजूर में अटका,From bad to worse.,HIGH,False,bn-hi
1949,কুঁড়ে,অলস; কর্মে অপটু,खून पसीना एक करना,To work extremely hard.,HIGH,False,bn-hi
1950,কুঁড়ের বাদশা,ভয়ানক অলস,थक कर चूर होना,To be extremely tired.,HIGH,False,bn-hi
1951,কুঁতকুঁতে,অতি ক্ষুদ্র চোখ,थक कर चूर होना,To be extremely tired.,HIGH,False,bn-hi
1953,কুকুর পোষা,কুকুরের মত হেয় জ্ঞান করা,हाथ खड़े करना,To give up.,HIGH,False,bn-hi
1954,কুকুরে গোঁ,একগুঁয়েমি; ভয়ানক জেদি; নাছোড়বান্দা,थक कर चूर होना,To be extremely tired.,HIGH,False,bn-hi
1955,কুকুরে ঘুম,"পাতলা সচেতন ঘুম, সজাগ ঘুম",दिल पर पत्थर रखना,To control emotions with difficulty.,HIGH,False,bn-hi
1956,কুকুরের লেজ,বাঁকাচরিত্রের লোক,दिल पर पत्थर रखना,To control emotions with difficulty.,HIGH,False,bn-hi
1957,কুকুরের আড়াই পাক,স্বভাবগত দোষ,छोटा मुँह बड़ी बात,Talking beyond one's status.,HIGH,False,bn-hi
1958,কুকুরের আড়াই পাক,স্বভাবগত দোষ,छोटा मुँह बड़ी बात,Talking beyond one's status.,HIGH,False,bn-hi
1967,কুটিকুটি,"আকুল, আটখানা, যেন টুকরা টুকরা হয়ে যাবে এমন",थक कर चूर होना,To be extremely tired.,HIGH,False,bn-hi
1969,কুটনি,কান ভাঙানি দিয়ে বিবাদ সৃষ্টি করে এমন নারী,आँखों का काँटा,A person who is disliked or irritating.,HIGH,False,bn-hi
1974,কূপমণ্ডুক,সীমিত জ্ঞানসম্পন্ন ব্যক্তি,दिल पर पत्थर रखना,To control emotions with difficulty.,HIGH,False,bn-hi
1975,কুপো,নাদাপেটা/পেটমোটা লোক,आँखों का काँटा,A person who is disliked or irritating.,HIGH,False,bn-hi
1977,কুবেরের ধন,সুবিপুল ধনসম্পদ যা ফুরায় না,सांप भी मर जाए और लाठी भी न टूटे,Finding a solution that satisfies all parties without loss.,HIGH,False,bn-hi
1978,কুব্জার মন্ত্রণা,কুমন্ত্রণা,आसमान से गिरा खजूर में अटका,From bad to worse.,HIGH,False,bn-hi
1980,কুমড়ো-পটাশ,মোটাসোটা অকর্মণ্য লোক,आँखों का काँटा,A person who is disliked or irritating.,HIGH,False,bn-hi
1982,কুম্ভকর্ণ,খুব ঘুমকাতুরে; যে খুব ঘুমাতে পারে; সহজে যাকে জাগানো যায় না এমন,आँखों का काँटा,A person who is disliked or irritating.,HIGH,False,bn-hi
1983,কুম্ভকর্ণের ঘুম,যে নিদ্রা অতি দীর্ঘস্খায়ী এবং যে নিদ্রা থেকে কাউকে জাগানো সুকঠিন,थक कर चूर होना,To be extremely tired.,HIGH,False,bn-hi
1985,কুম্ভিলক,যে ব্যক্তি পরের লেখা নিজের বলে চালায়,आँखों का काँटा,A person who is disliked or irritating.,HIGH,False,bn-hi
1987,কুয়োর ব্যাং,সংকীর্ণ অভিজ্ঞতাসম্পন্ন এবং জ্ঞানলাভে অনিচ্ছুক লোক,दिल पर पत्थर रखना,To control emotions with difficulty.,HIGH,False,bn-hi
1991,কুলকন্টক,বংশের কলঙ্কস্বরূপ ব্যক্তি; যে লোক বংশের আপদ ডেকে আনে,आँखों का काँटा,A person who is disliked or irritating.,HIGH,False,bn-hi
1992,কুলকলঙ্ক,বংশের গ্লানি বা অগৌরব; বংশের সম্মানহানিকারী পুরুষ বা নারী; কুলত্যাগিনী নারী,आँखों का काँटा,A person who is disliked or irritating.,HIGH,False,bn-hi
1994,কুলকুন্ডলিনী,জীবনীশক্তি; প্রাণ-সঞ্জীবনী শক্তি,सांप भी मर जाए और लाठी भी न टूटे,Finding a solution that satisfies all parties without loss.,HIGH,False,bn-hi
1995,কুলগৌরব,উচ্চবংশের অহঙ্কার,आसमान से गिरा खजूर में अटका,From bad to worse.,HIGH,False,bn-hi
1996,কুলটা,অসতী নারী; কুল বা স্বামীগৃহ ত্যাগ করে যে রমণী,आँखों का काँटा,A person who is disliked or irritating.,HIGH,False,bn-hi
1999,কুললক্ষ্মী,বংশমর্যাদা বৃদ্ধি করে এমন নারী,आँखों का काँटा,A person who is disliked or irritating.,HIGH,False,bn-hi
2000,কুলশীল,বংশ ও চরিত্র পরিচয়,छोटा मुँह बड़ी बात,Talking beyond one's status.,HIGH,False,bn-hi
2001,কুলশীল,বংশ ও চরিত্র পরিচয়,छोटा मुँह बड़ी बात,Talking beyond one's status.,HIGH,False,bn-hi
2002,কুলহারা,কুলত্যাগী,आँखों का काँटा,A person who is disliked or irritating.,HIGH,False,bn-hi
2003,কুলাঙ্গার,কুলের কলঙ্কস্বরূপ ব্যক্তি,आँखों का काँटा,A person who is disliked or irritating.,HIGH,False,bn-hi
2007,কুলের কথা,অতীত জীবনের অপ্রীতিকর কথা,दीवारों के कान होना,Confidential matters may be overheard.,HIGH,False,bn-hi
2008,কুলের কাঁটা,বংশের সুনাম নষ্টকারী সন্তান,आँखों का काँटा,A person who is disliked or irritating.,HIGH,False,bn-hi
2011,কুলের বউ,সুচরিত্রা গৃহবধু; ভদ্রবংশের গৃহবধু,आसमान से गिरा खजूर में अटका,From bad to worse.,HIGH,False,bn-hi
2013,কুলের বার,স্বামী বা পিতৃগৃহত্যাগকারী কুলটা নারী,आँखों का काँटा,A person who is disliked or irritating.,HIGH,False,bn-hi
2019,কূটকচাল,অনর্থক বকাবকি; ঘোরপ্যাঁচ; চুলচেরা তর্কবিতর্ক; বাজে তর্ক,खून खौलना,To feel extreme anger.,HIGH,False,bn-hi
2020,কূটকচালে,কলহপ্রিয়; ঘোরপ্যাঁচযুক্ত,खून खौलना,To feel extreme anger.,HIGH,False,bn-hi
2022,কূটতার্কিক,যে ন্যায়বিরুদ্ধ তর্ক করে,आँखों का काँटा,A person who is disliked or irritating.,HIGH,False,bn-hi
2024,কূটাভাস,অসম্ভব বা বিরুদ্ধ মনে হলেও প্রকৃতপক্ষে সত্য এমন বাক্যালঙ্কার,सांप भी मर जाए और लाठी भी न टूटे,Finding a solution that satisfies all parties without loss.,HIGH,False,bn-hi
2025,কূটভাষী,নিজের স্বার্থ বজায় রেখে বিচক্ষণতার সাথে কথা বলে এমন,छोटा मुँह बड़ी बात,Talking beyond one's status.,HIGH,False,bn-hi
2026,কুয়ার ব্যাঙ,কুয়ার ব্যাঙের মতো সীমাবদ্ধ জ্ঞানসম্পন্ন ব্যক্তি,दिल पर पत्थर रखना,To control emotions with difficulty.,HIGH,False,bn-hi
2027,কূলকিনারা,একার্থক যুগ্মশব্দ; গতি; নিস্কৃতি,बाल-बाल बचना,To narrowly escape danger.,HIGH,False,bn-hi
2028,কূলকিনারা না পাওয়া,কোন দিশা না পাওয়া,छोटा मुँह बड़ी बात,Talking beyond one's status.,HIGH,False,bn-hi
2031,কৃতকর্ম,স্বীয়কৃত কাজ,छोटा मुँह बड़ी बात,Talking beyond one's status.,HIGH,False,bn-hi
2033,কৃতনিশ্চয়,সাফল্য সম্পর্কে সংশয়হীন,आसमान से गिरा खजूर में अटका,From bad to worse.,HIGH,False,bn-hi
2035,কৃতসঙ্কল্প,স্থির সিদ্ধান্তে উপনীত,धरना देना,To stand firm on an issue.,HIGH,False,bn-hi
2036,কৃতসঙ্কল্প,স্থির সিদ্ধান্তে উপনীত,धरना देना,To stand firm on an issue.,HIGH,False,bn-hi
2037,কৃতাঞ্জলিপুট,জোড়হস্ত,दिल पर पत्थर रखना,To control emotions with difficulty.,HIGH,False,bn-hi
2038,কৃপণের কড়ি,খরচ না করে অত্যন্ত যত্নের সঙ্গে যে অর্থ সঞ্চয় করা হয়; অতিপ্রিয় বস্তু,थक कर चूर होना,To be extremely tired.,HIGH,False,bn-hi
2042,কেঁচে গণ্ডুষ,অসমাপ্ত কাজ পুনরায় সূচনা; নতুন করে আরম্ভ করা; আবার গোড়া থেকে শুরু করা,आसमान से गिरा खजूर में अटका,From bad to worse.,HIGH,False,bn-hi
2044,কেঁচো,"অতি হীনব্যক্তি, ভীরুপ্রকৃতির লোক",आँखों का काँटा,A person who is disliked or irritating.,HIGH,False,bn-hi
2045,কেঁচো খুঁড়তে সাপ,সামান্য থেকে অসামান্য পরিস্থিতির উদ্ভব; সামান্য বিষয়ের অনুসন্ধানে গুরুতর বিষয় প্রকাশিত,आसमान से गिरा खजूर में अटका,From bad to worse.,HIGH,False,bn-hi
2046,কেঁচো দিয়ে কাৎলা ধরা,অল্পচেষ্টায় বিরাট কাজ; অকিঞ্চিৎকর তুচ্ছ কিছু দিয়ে অসামান্য কিছু আয়ত্ত করা,दिल पर पत्थर रखना,To control emotions with difficulty.,HIGH,False,bn-hi
2047,কেঁচো দিয়ে কাৎলা ধরা,অল্পচেষ্টায় বিরাট কাজ; অকিঞ্চিৎকর তুচ্ছ কিছু দিয়ে অসামান্য কিছু আয়ত্ত করা,दिल पर पत्थर रखना,To control emotions with difficulty.,HIGH,False,bn-hi
2049,কেঁদে বাঁচা,কোনক্রমে অব্যাহতি পাওয়া,बाल-बाल बचना,To narrowly escape danger.,HIGH,False,bn-hi
2051,কেউ-না-কেউ,"অনির্দিষ্ট কোন একজন, এ বা সে",सांप भी मर जाए और लाठी भी न टूटे,Finding a solution that satisfies all parties without loss.,HIGH,False,bn-hi
2055,কেটে পড়া,"চলে যাওয়া, অজ্ঞাতসারে পলায়ন করা, বিপদবুঝে সরে যাওয়া",बाल-बाल बचना,To narrowly escape danger.,HIGH,False,bn-hi
2058,কেতাব-কীট,অক্লান্ত পাঠক; বইয়ের পোকা যে সর্বদা বই পড়ে,आँखों का काँटा,A person who is disliked or irritating.,HIGH,False,bn-hi
2059,কেতাবি,যে ব্যক্তির পুঁথিগত বিদ্যা আছে কিন্তু হাতেকলমে শিক্ষা নেই,आँखों का काँटा,A person who is disliked or irritating.,HIGH,False,bn-hi
2061,কেনারাম,যে পরিশ্রম করে সম্পত্তি অর্জন করে,आँखों का काँटा,A person who is disliked or irritating.,HIGH,False,bn-hi
2065,কেয়ার করা,গ্রাহ্য করা; ভ্রুক্ষেপ করা; সমীহ করা,दिल पर लेना,To take something personally.,HIGH,False,bn-hi
2067,কেলে কার্তিক,কালো কদাকার ব্যক্তি,आँखों का काँटा,A person who is disliked or irritating.,HIGH,False,bn-hi
2069,কেলে বামুনের নাম গৌরাঙ্গসুন্দর,নিরর্থক নামকরণের ব্যর্থপ্রয়াস,सांप भी मर जाए और लाठी भी न टूटे,Finding a solution that satisfies all parties without loss.,HIGH,False,bn-hi
2071,কেল্লা ফতে,কোন কঠিন বিষয়ে উদ্যোগ সফল; কাজ হাসিল; বাজিমাত,तिनके का सहारा,A small help in a difficult situation.,HIGH,False,bn-hi
2074,কেষ্টবিষ্টু,প্রশংসার্থে সম্মানীয় বা গণ্যমান্য ব্যক্তি,आँखों का काँटा,A person who is disliked or irritating.,HIGH,False,bn-hi
2077,কেশাগ্রস্পর্শ করা,ন্যূনতম ক্ষতিসাধন করা,घर का भेदी लंका ढाए,An insider can cause downfall.,HIGH,False,bn-hi
2079,কৈমাছের প্রাণ,"কড়া জীবন, যা সহজে মরে না",सांप भी मर जाए और लाठी भी न टूटे,Finding a solution that satisfies all parties without loss.,HIGH,False,bn-hi
2081,কোঁচা দুলিয়ে বেড়ানো,বাবুগিরি করা; দায়িত্বজ্ঞানহীন হয়ে আলস্যে দিন কাটানো,सांप भी मर जाए और लाठी भी न टूटे,Finding a solution that satisfies all parties without loss.,HIGH,False,bn-hi
2082,কোজাগর,লক্ষ্মীপূর্ণিমাতে কে জেগে আছে?,आँखों का काँटा,A person who is disliked or irritating.,HIGH,False,bn-hi
2083,কোটনা,কান ভাঙানি দিয়ে বিবাদ সৃষ্টি করে এমন পুরুষ বা নারী,आँखों का काँटा,A person who is disliked or irritating.,HIGH,False,bn-hi
2084,কোণঘেঁষা,"অমিশুক; নির্জনবাসী, লাজুকপ্রকৃতির লোক",आँखों का काँटा,A person who is disliked or irritating.,HIGH,False,bn-hi
2085,কোণঠাসা,সকলের চাপে জড়সড় বা অসহায় অবস্থা,सांप भी मर जाए और लाठी भी न टूटे,Finding a solution that satisfies all parties without loss.,HIGH,False,bn-hi
2086,কোণঠাসা করা,অবজ্ঞা করা; উপেক্ষা করা; কোনভাবে যেন কিছু করতে না পারে সেই ব্যবস্থা করা; জব্দ করা; বেকায়দায় ফেলা,तिनके का सहारा,A small help in a difficult situation.,HIGH,False,bn-hi
2089,"কোথায় রাণী ভবানী, কোথায় ফুলি মেছুনী",কিসে আর কিসে; উত্তমের সাথে অধমের তুলনা,दिल पर पत्थर रखना,To control emotions with difficulty.,HIGH,False,bn-hi
2092,কোনমতে,অনেক কষ্টে কোন উপায়ে,दिल पर पत्थर रखना,To control emotions with difficulty.,HIGH,False,bn-hi
2093,কোন মুখে,কোন লজ্জায়; দেখাবার বা বলবার মত মুখ না থাকার ভাব,दिल बाग-बाग होना,Feeling extremely happy.,HIGH,False,bn-hi
2094,কোমর বাঁধা,দৃঢ়সঙ্কল্প হয়ে কোন কাজে নেমে পড়া,दिल पर पत्थर रखना,To control emotions with difficulty.,HIGH,False,bn-hi
2095,কোমর বাঁধা,দৃঢ়সঙ্কল্প হয়ে কোন কাজে নেমে পড়া,दिल पर पत्थर रखना,To control emotions with difficulty.,HIGH,False,bn-hi
2096,কোমর ভাঙা,কোনো কাজে নিরুদ্যম হওয়া,नाक कटना,To lose respect or honor.,HIGH,False,bn-hi
2100,কোয়াক ডাক্তার,চিকিৎসাশাস্ত্রে জ্ঞান ও দক্ষতা আছে বলে দাবি করে এমন ব্যক্তি,आँखों का काँटा,A person who is disliked or irritating.,HIGH,False,bn-hi
2101,কোরা কাগজ,যে কাগজে লেখা হয়নি; আনকোরা,सांप भी मर जाए और लाठी भी न टूटे,Finding a solution that satisfies all parties without loss.,HIGH,False,bn-hi
2104,কোল-আঁচল,নিজের সবচেয়ে কাছের লোক বা অন্তরঙ্গ পরিবার,छोटा मुँह बड़ी बात,Talking beyond one's status.,HIGH,False,bn-hi
2107,কোল আলো করা ছেলে,কোলের আলো স্বরূপ সুন্দর ফুটফুটে ছেলে,छोटा मुँह बड़ी बात,Talking beyond one's status.,HIGH,False,bn-hi
2109,কোলজুড়ানো,কোলে বসলে মায়ের মন জুড়ায় এমন,सांप भी मर जाए और लाठी भी न टूटे,Finding a solution that satisfies all parties without loss.,HIGH,False,bn-hi
2110,কোলজুড়ানো,কোলে বসলে মায়ের মন জুড়ায় এমন,सांप भी मर जाए और लाठी भी न टूटे,Finding a solution that satisfies all parties without loss.,HIGH,False,bn-hi
2111,কোলজোড়া হয়ে থাকা,মায়ের কোল অধিকার করে থাকা,छोटा मुँह बड़ी बात,Talking beyond one's status.,HIGH,False,bn-hi
2112,কোলজোড়া হয়ে থাকা,মায়ের কোল অধিকার করে থাকা,छोटा मुँह बड़ी बात,Talking beyond one's status.,HIGH,False,bn-hi
2113,কোল টানা,স্বার্থান্বেষী ব্যক্তি,आँखों का काँटा,A person who is disliked or irritating.,HIGH,False,bn-hi
2114,কোলপাতলা,ঘেঁষাঘেঁষি নয় কিছুটা দূরে দূরে,सिर पर चढ़ाना,To spoil someone with too much affection.,HIGH,False,bn-hi
2115,কোলপাতলা,ঘেঁষাঘেঁষি নয় কিছুটা দূরে দূরে,सिर पर चढ़ाना,To spoil someone with too much affection.,HIGH,False,bn-hi
2117,কোলে কাঁধে পিঠে মানুষ,শিশুকাল থেকে যত্নে প্রতিপালিত,दिल पर पत्थर रखना,To control emotions with difficulty.,HIGH,False,bn-hi
2120,কোহিনূর,অতি মহার্ঘবস্তু,थक कर चूर होना,To be extremely tired.,HIGH,False,bn-hi
2121,ক্যাঁকক্যাঁক করা,কর্কশ স্বরে বিরক্তি/রাগ প্রকাশ করা,दिल का बोझ हल्का करना,To express feelings.,HIGH,False,bn-hi
2122,ক্যাঁচরম্যাচর,একাধিক লোকের একত্র চিৎকার,आसमान से गिरा खजूर में अटका,From bad to worse.,HIGH,False,bn-hi
2125,ক্যাবল-রাম,"কিছু জানে না কিছু বোঝে না এমন, অনভিজ্ঞ, বোকা, স্থূলবুদ্ধিসম্পন্ন",आँखों का काँटा,A person who is disliked or irritating.,HIGH,False,bn-hi
2127,ক্যারা,উড়িয়া ভাবাপন্ন বাঙালি,दिल पर पत्थर रखना,To control emotions with difficulty.,HIGH,False,bn-hi
2131,দাঁত ক্যালানো,অকারণে দন্তবিকশিত করা,सांप भी मर जाए और लाठी भी न टूटे,Finding a solution that satisfies all parties without loss.,HIGH,False,bn-hi
2132,ক্যাসেট উলটানো,প্রসঙ্গ পরিবর্তন করা,रंग बदलना,To change attitude quickly.,HIGH,False,bn-hi
2133,ক্যাসেট বাজা,অবিরাম কথা বলা; প্রলাপ বলা,छोटा मुँह बड़ी बात,Talking beyond one's status.,HIGH,False,bn-hi
2137,ক্রীড়নক,অপরের নির্দেশে চলা ব্যক্তি,आँखों का काँटा,A person who is disliked or irritating.,HIGH,False,bn-hi
2138,ক্রোড়পতি,অতিশয় বিত্তশালী ব্যক্তি,थक कर चूर होना,To be extremely tired.,HIGH,False,bn-hi
2142,ক্লিশে,বহু ব্যবহারে জীর্ণ,आसमान से गिरा खजूर में अटका,From bad to worse.,HIGH,False,bn-hi
2143,ক্লীব,"কাপুরুষ, ব্যক্তিত্বহীন পুরুষ; পুরুষত্বহীন ব্যক্তি",आँखों का काँटा,A person who is disliked or irritating.,HIGH,False,bn-hi
2146,ক্ষণভঙ্গুর,অল্পকালের মধ্যেই ভেঙে যায় বা নষ্ট হয় এমন,सांप भी मर जाए और लाठी भी न टूटे,Finding a solution that satisfies all parties without loss.,HIGH,False,bn-hi
2148,ক্ষমাঘেন্না করা,দোষ মার্জনা করা ও দয়া দেখানো,आँखें तरेरना,To show anger.,HIGH,False,bn-hi
2149,ক্ষীণকটি,সরু কোমরযুক্ত নারী,दिल पर पत्थर रखना,To control emotions with difficulty.,HIGH,False,bn-hi
2152,ক্ষুরধার বুদ্ধি,ক্ষুরের মতো তীক্ষ্ণ ধারবিশিষ্ট বুদ্ধি বা লেখনী,सांप भी मर जाए और लाठी भी न टूटे,Finding a solution that satisfies all parties without loss.,HIGH,False,bn-hi
2156,খই ফোটা মুখে,অনর্গলভাবে কথা বলা; অনবরত বকবক করা,सांप भी मर जाए और लाठी भी न टूटे,Finding a solution that satisfies all parties without loss.,HIGH,False,bn-hi
2159,খই ভাজা,নিতান্ত অকিঞ্চিৎকর কাজ,खून पसीना एक करना,To work extremely hard.,HIGH,False,bn-hi
2160,খই ভাজার দল,যে রাজনৈতিক দল জনগণের কোন উপকারে আসে না,सांप भी मर जाए और लाठी भी न टूटे,Finding a solution that satisfies all parties without loss.,HIGH,False,bn-hi
2162,খয়ের বন্ধন,"উভয়সংকট, কিংকর্তব্যবিমূঢ়তা; ধরতেও পারি না, আবার ছাড়তেও পারি না- এমন মানসিক অবস্থা; উভয়সংকটে পড়ে কিংকর্তব্যবিমূঢ় হওয়া; কঠিন পরিস্থিতিতে পড়ে হতবুদ্ধি হওয়া",पानी सिर से गुजरना,Situation getting out of control.,HIGH,False,bn-hi
2167,খচা,রেগে যাওয়া,कान खड़े होना,To become alert.,HIGH,False,bn-hi
2168,খচাখচ,নিরবচ্ছিন্নতাভাবব্যঞ্জক,सांप भी मर जाए और लाठी भी न टूटे,Finding a solution that satisfies all parties without loss.,HIGH,False,bn-hi
2169,খচে বোম,রেগে আগুন,थक कर चूर होना,To be extremely tired.,HIGH,False,bn-hi
2170,খচো,রাগীলোক,आँखों का काँटा,A person who is disliked or irritating.,HIGH,False,bn-hi
2171,খচ্চর,"দুর্বৃত্ত, বদমাইশ লোক, অতিধূর্ত- গালিবিশেষ",थक कर चूर होना,To be extremely tired.,HIGH,False,bn-hi
2173,খঞ্জন-নয়ন,চটুল সুন্দর নয়নযুক্ত পুরুষ বা নারী,दिल पर पत्थर रखना,To control emotions with difficulty.,HIGH,False,bn-hi
2174,খটখটানো,খটখট শব্দ করে দরজায় কড়া নাড়া,नाक ऊँची करना,To make proud.,HIGH,False,bn-hi
2180,খটাশ,গায়ে তীব্রগন্ধযুক্ত জন্তু,दिल पर पत्थर रखना,To control emotions with difficulty.,HIGH,False,bn-hi
2181,খড়কুটো ধরে বাঁচা,শেষমুহূর্তে তুচ্ছ সাহায্য নেওয়া,तिनके का सहारा,A small help in a difficult situation.,HIGH,False,bn-hi
2182,খড়খড়ে,সহচর শব্দ; অত্যন্ত শুকনো; শুকনো খড়ের মত,थक कर चूर होना,To be extremely tired.,HIGH,False,bn-hi
2184,খড়মপেয়ে,"যার পা খড়মের মতো, চলবার সময় পদতলের মাঝখান ভূমি স্পর্শ করে না; গালিবিশেষ",कान पकड़ना,To promise not to repeat a mistake.,HIGH,False,bn-hi
2188,খড়্গহস্ত,অত্যন্ত ক্রুদ্ধ; ক্ষিপ্ত; পারলে মাথা কেটে নেবে এমন ভাব প্রহারে উদ্যত; মারমুখি,थक कर चूर होना,To be extremely tired.,HIGH,False,bn-hi
2189,খণ্ডকপাল,দুর্ভাগ্য; মন্দভাগ্য,आसमान से गिरा खजूर में अटका,From bad to worse.,HIGH,False,bn-hi
2205,খবর-নয়-খবর,খবর না থাকাটাই একটা খবর তথা সুখবর; বাজে খবর বাতাসে ছড়ায়,सांप भी मर जाए और लाठी भी न टूटे,Finding a solution that satisfies all parties without loss.,HIGH,False,bn-hi
2209,খবরাখবর,পরস্পর সংবাদ আদানাপ্রদান; খোঁজখবর,दीवारों के कान होना,Confidential matters may be overheard.,HIGH,False,bn-hi
2211,খয়রাত,দান; সাহায্য,तिनके का सहारा,A small help in a difficult situation.,HIGH,False,bn-hi
2216,খরচিয়া,"অমিতব্যয়ী; খরচে দরাজ; বেশি ব্যয় করে এমন, মুক্তহস্ত",आँखों का काँटा,A person who is disliked or irritating.,HIGH,False,bn-hi
2220,খলিফা,শ্রেষ্ঠ ব্যক্তি,आँखों का काँटा,A person who is disliked or irritating.,HIGH,False,bn-hi
2222,খসখস,পাখের কলমে দ্রুতলেখার শব্দের ভাবব্যঞ্জক দ্বিত্ব শব্দ,दिल पर पत्थर रखना,To control emotions with difficulty.,HIGH,False,bn-hi
2225,খসানো,টাকা খরচ করানো,नाक ऊँची करना,To make proud.,HIGH,False,bn-hi
2232,খাঁদা-বোচা,"নতনাসিক, নাক-মুখের রেখা সুস্পষ্ট বা তীক্ষ্ণ নয় এমন",दिल पर पत्थर रखना,To control emotions with difficulty.,HIGH,False,bn-hi
2236,খাই খাই করা,সবসময় খাওয়ার জন্য লালসা প্রকাশ করা,दिल का बोझ हल्का करना,To express feelings.,HIGH,False,bn-hi
2237,খাই-খালাসি,জমির আয় থেকে ঋণ পরিশোধ,आसमान से गिरा खजूर में अटका,From bad to worse.,HIGH,False,bn-hi
2238,খাইয়ে,"পেটুক, বেশি খেতে পারে এমন, ভোজনরসিক",घर का भेदी लंका ढाए,An insider can cause downfall.,HIGH,False,bn-hi
2242,খাজা,"অপদার্থ; অত্যন্ত কাঁচা; নিতান্ত অনভিজ্ঞ, নিরেট বোকা",थक कर चूर होना,To be extremely tired.,HIGH,False,bn-hi
2243,খাঞ্জা খাঁ,নবাবীচালে চলা লোক,आँखों का काँटा,A person who is disliked or irritating.,HIGH,False,bn-hi
2244,খাটাখাটি,অনেক/বেশি পরিশ্রম,आसमान सिर पर उठाना,To create a lot of noise or chaos.,HIGH,False,bn-hi
2245,খাটাল,অত্যন্ত নোংরা ও দুর্গন্ধময় স্থান,थक कर चूर होना,To be extremely tired.,HIGH,False,bn-hi
2246,খাটিয়ে,খুব খাটতে পারে এমন,घर का भेदी लंका ढाए,An insider can cause downfall.,HIGH,False,bn-hi
2252,খাটো লোক,বেঁটে লোক,आँखों का काँटा,A person who is disliked or irritating.,HIGH,False,bn-hi
2253,খাটো হওয়া,অপদস্থ/অপমানিত/হেয় হওয়া,कान खड़े होना,To become alert.,HIGH,False,bn-hi
2254,খাট্টা,"বিগড়ে গেছে এমন; বিরক্ত, বিরূপ",आसमान से गिरा खजूर में अटका,From bad to worse.,HIGH,False,bn-hi
2258,খাড়া-বড়ি-থোড়,চরম একঘেয়েমি; কোনো অবস্থা যখন আগে-পরে একই রকম এবং বৈচিত্র্যহীন; বিরক্তিকর পুনরাবৃত্তি,सांप भी मर जाए और लाठी भी न टूटे,Finding a solution that satisfies all parties without loss.,HIGH,False,bn-hi
2264,খাতায় নাম লেখানো,বদসঙ্গের সদস্য হওয়া,आसमान से गिरा खजूर में अटका,From bad to worse.,HIGH,False,bn-hi
2267,খাদের কিনারে,চরমসঙ্কট আসন্ন; অধঃপাতের শেষসীমায়,खून खौलना,To feel extreme anger.,HIGH,False,bn-hi
2269,খানকতক,বেশি না কয়েকটি,कान पकड़ना,To promise not to repeat a mistake.,HIGH,False,bn-hi
2276,খাণ্ডার,কলহে ভীষণ ভয়ঙ্কর কুঁদুলে পুরুষ/নারী,थक कर चूर होना,To be extremely tired.,HIGH,False,bn-hi
2281,খাপছাড়া,"অসংলগ্ন, বেমানান",पानी सिर से गुजरना,Situation getting out of control.,HIGH,False,bn-hi
2284,খাবলা,একমুষ্টিতে যা ধরে,तिनके का सहारा,A small help in a difficult situation.,HIGH,False,bn-hi
2287,খাবি খাওয়া,নিঃশ্বাসটানার জন্য প্রাণপণ চেষ্টায় হাঁসফাঁস করা,छोटा मुँह बड़ी बात,Talking beyond one's status.,HIGH,False,bn-hi
2288,খামকা,অকারণে,सांप भी मर जाए और लाठी भी न टूटे,Finding a solution that satisfies all parties without loss.,HIGH,False,bn-hi
2293,খাল কেটে কুমির আনা,নিজের বিপদ ডেকে আনা,छोटा मुँह बड़ी बात,Talking beyond one's status.,HIGH,False,bn-hi
2298,খালিজুলি,ক্ষুদ্র জলস্রোত; সরু নালা,तिनके का सहारा,A small help in a difficult situation.,HIGH,False,bn-hi
2300,খাসকামরা,নিজস্ব কামরা বা বাড়ি; স্বতন্ত্র কামরা,छोटा मुँह बड़ी बात,Talking beyond one's status.,HIGH,False,bn-hi
2303,খাসতালুক,স্বীয় অধীনে থাকা জমি; নিজের সম্পত্তি; জমিদারের কর্তৃত্বাধীন জমি,छोटा मुँह बड़ी बात,Talking beyond one's status.,HIGH,False,bn-hi
2304,খাসতালুকের প্রজা,খুব অনুগত ব্যক্তি,आँखों का काँटा,A person who is disliked or irritating.,HIGH,False,bn-hi
2306,খাসমহল,নিজ আবাস,छोटा मुँह बड़ी बात,Talking beyond one's status.,HIGH,False,bn-hi
2310,খিঁচে নেওয়া,ইচ্ছার বিরুদ্ধে বলপূর্বক আদায় করা,छोटा मुँह बड़ी बात,Talking beyond one's status.,HIGH,False,bn-hi
2311,খিচিমিচি,ক্রমাগত তিরস্কার বকুনি; সামান্য বিষয় নিয়ে ঝগড়াঝাটি,दीवारों के कान होना,Confidential matters may be overheard.,HIGH,False,bn-hi
2312,খিচ মারা,কোন কাজ নিঃশেষে সম্পন্ন করা,सांप भी मर जाए और लाठी भी न टूटे,Finding a solution that satisfies all parties without loss.,HIGH,False,bn-hi
2314,খিচুড়ি পাকানো,জটিল/বিশৃঙ্খল করে তোলা,नाक ऊँची करना,To make proud.,HIGH,False,bn-hi
2317,খিটখিট করা,ক্রমাগত মৃদু আপত্তি প্রকাশ করা,हाथ धोकर पीछे पड़ना,To be persistently after someone.,HIGH,False,bn-hi
2318,খিটিমিটি,তুচ্ছ কারণে সর্বদা কলহ/বাদানুবাদ/মতবিরোধ,दीवारों के कान होना,Confidential matters may be overheard.,HIGH,False,bn-hi
2322,খুঁচানো,"উত্ত্যক্ত করা, বারবার তাগাদা দেওয়া",नाक में दम करना,To annoy greatly.,HIGH,False,bn-hi
2323,খুঁচিয়ে ঘা করা,অনর্থক কথা বাড়িয়ে অপ্রিয় অবস্থার সৃষ্টি করা,आसमान सिर पर उठाना,To create a lot of noise or chaos.,HIGH,False,bn-hi
2327,খুঁটি গাড়া,স্থায়ীভাবে বসবাস শুরু করা,पाँव जमाना,To establish oneself.,HIGH,False,bn-hi
2328,খুঁটিনাটি,সহচর শব্দ; কোনো বিষয়ের ছোটবড় সবকিছু; সূক্ষ্মাতিসূক্ষ্ম সকল বিষয়,तिनके का सहारा,A small help in a difficult situation.,HIGH,False,bn-hi
2330,খুঁটিয়ে দেখা,খুঁত ধরে বিচার করা,सांप भी मर जाए और लाठी भी न टूटे,Finding a solution that satisfies all parties without loss.,HIGH,False,bn-hi
2331,খুঁটির জোর,"প্রভাবশালী পৃষ্টপোষকের সহায়তা, মুরুব্বির জোর",आसमान से गिरा खजूर में अटका,From bad to worse.,HIGH,False,bn-hi
2333,খুঁটে খাওয়া,অন্নসংস্থান করতে সমর্থ; স্বাবলম্বী হওয়া,छोटा मुँह बड़ी बात,Talking beyond one's status.,HIGH,False,bn-hi
2334,খুঁতখুঁত করা,অনিচ্ছা/অসন্তোষ প্রকাশ করা,दिल का बोझ हल्का करना,To express feelings.,HIGH,False,bn-hi
2336,খুচখাচ,ছোটখাটো তুচ্ছ ব্যাপার,दीवारों के कान होना,Confidential matters may be overheard.,HIGH,False,bn-hi
2337,খুচরা,অল্প পরিমাণ,तिनके का सहारा,A small help in a difficult situation.,HIGH,False,bn-hi
2339,খুচরা কাজ,ছোটখাটো কাজ; অল্পে সমাধা হয় এমন কাজ,सांप भी मर जाए और लाठी भी न टूटे,Finding a solution that satisfies all parties without loss.,HIGH,False,bn-hi
2341,খুচরা বাজার,ভোক্তার বাজার যেখানে অল্প পরিমাণে কেনাবেচা হয়,तिनके का सहारा,A small help in a difficult situation.,HIGH,False,bn-hi
2343,খুড়োর কল,লোক ঠকানোর যন্ত্র; মিথ্যা আশা জাগিয়ে লোককে বোকা বানানোর কৌশল,आँखों में धूल झोंकना,To deceive someone.,HIGH,False,bn-hi
2346,খুদে রাক্ষস,ভয়ানক পেটুক,थक कर चूर होना,To be extremely tired.,HIGH,False,bn-hi
2347,খুদে শয়তান,দেখতে ছোট কিন্তু শয়তানিতে দড়,तिनके का सहारा,A small help in a difficult situation.,HIGH,False,bn-hi
2348,খুন হওয়া,আকুল হওয়া,कान खड़े होना,To become alert.,HIGH,False,bn-hi
2350,খুনখুনে,অতিবৃদ্ধ ব্যক্তি,थक कर चूर होना,To be extremely tired.,HIGH,False,bn-hi
2351,মাথায় খুন চাপা,ক্রোধে রক্ত গরম; প্রচণ্ড রেগে যাওয়া,थक कर चूर होना,To be extremely tired.,HIGH,False,bn-hi
2354,খুনি,অত্যন্ত নিষ্ঠুর লোক,थक कर चूर होना,To be extremely tired.,HIGH,False,bn-hi
2357,খুবসুরৎ,"অতি সুন্দর/সুশ্রী পুরুষ, মহিলা",थक कर चूर होना,To be extremely tired.,HIGH,False,bn-hi
2358,খুলে বলা,সত্যকথা বলা; কিছু না কুলানো,सांप भी मर जाए और लाठी भी न टूटे,Finding a solution that satisfies all parties without loss.,HIGH,False,bn-hi
2360,খুরেখুরে দণ্ডবৎ,পরোক্ষে পশু বলে ঘোষণা করে দুষ্টের কাছে নিষ্কৃতি কামনা,आसमान से गिरा खजूर में अटका,From bad to worse.,HIGH,False,bn-hi
2363,খেঁক খেঁক করা,ক্রোধ প্রকাশ করা,दिल का बोझ हल्का करना,To express feelings.,HIGH,False,bn-hi
2365,খেঁকি কুকুর,অত্যন্ত ক্রোধপরবশ এবং অল্পে উত্তেজিত হয় এমন ব্যক্তি,आँखों का काँटा,A person who is disliked or irritating.,HIGH,False,bn-hi
2367,খেঁচে হাওয়া,দ্রুত পলায়ন,बाल-बाल बचना,To narrowly escape danger.,HIGH,False,bn-hi
2371,খেটেখুটে,পরিশ্রম করে,खून पसीना एक करना,To work extremely hard.,HIGH,False,bn-hi
2372,খেদ,আক্ষেপ,हाथ मलना,To regret deeply.,HIGH,False,bn-hi
2384,খেলানো,ইচ্ছামত পরিচালিত করা,छोटा मुँह बड़ी बात,Talking beyond one's status.,HIGH,False,bn-hi
2388,খোঁচা মারা,কোন অপ্রিয় বিষয় নিয়ে কটাক্ষপূর্ণ আলোচনা,नाक ऊँची करना,To make proud.,HIGH,False,bn-hi
2391,খোঁটা দেওয়া,দোষ দেওয়া; গঞ্জনা দেওয়া,रास्ता निकालना,To find a solution.,HIGH,False,bn-hi
2393,খোঁয়াড়ি ভাঙা,মদের নেশা কাটাবার জন্য অল্প মদ খাওয়া,तिनके का सहारा,A small help in a difficult situation.,HIGH,False,bn-hi
2394,খোদ,"আসল, স্বয়ং",आँखों का काँटा,A person who is disliked or irritating.,HIGH,False,bn-hi
2397,খোদা হাফেজ,আল্লাহ/খোদা আপনার মঙ্গল করুন; আল্লাহ আপনাকে রক্ষা করুন,दीवारों के कान होना,Confidential matters may be overheard.,HIGH,False,bn-hi
2400,খোদার উপর খোদকারি,যোগ্যলোকের কাজে অযোগ্যলোকের অসংগত হস্তক্ষেপ,आँखों का काँटा,A person who is disliked or irritating.,HIGH,False,bn-hi
2402,খোদার খাসি,ব্যঙ্গে সংসারের চিন্তাভাবনামুক্ত হৃষ্টপুষ্ট ব্যক্তি; নাদুসনুদুস নিষ্কর্মা লোক,आसमान से गिरा खजूर में अटका,From bad to worse.,HIGH,False,bn-hi
2409,খোলনলচে বদল,রূপের আমূল পরিবর্তন; সম্পূর্ণ নবরূপ দান; সব পরিবর্তন করে নতুন জিনিস প্রস্তুত,आसमान सिर पर उठाना,To create a lot of noise or chaos.,HIGH,False,bn-hi
2411,খোলস ছাড়া,ছদ্ম আবরণ ত্যাগ করে স্বমূর্তি ধারণ করা,छोटा मुँह बड़ी बात,Talking beyond one's status.,HIGH,False,bn-hi
2414,খুলা,প্রতিষ্ঠা করা,पाँव जमाना,To establish oneself.,HIGH,False,bn-hi
2416,খোলা আকাশ,মাথায় আছাদন নেই,छोटा मुँह बड़ी बात,Talking beyond one's status.,HIGH,False,bn-hi
2420,খোলাবাজার,সরকারী নিয়ন্ত্রণমুক্ত বাজার; বৈধ বাজার,आसमान से गिरा खजूर में अटका,From bad to worse.,HIGH,False,bn-hi
2424,খোলামেলা,অকপট; অকৃত্রিম; আন্তরিক; ছলাকলাহীন; মনখোলা; মিশুকে,सांप भी मर जाए और लाठी भी न टूटे,Finding a solution that satisfies all parties without loss.,HIGH,False,bn-hi
2428,খোশনবিশ,যে ব্যক্তির হাতের লেখা সুন্দর,दिल पर पत्थर रखना,To control emotions with difficulty.,HIGH,False,bn-hi
2431,খোসা পুরু,লজ্জাশরমহীন; লজ্জাশূন্য,सांप भी मर जाए और लाठी भी न टूटे,Finding a solution that satisfies all parties without loss.,HIGH,False,bn-hi
2439,গন্ধের গন্ধ,খুব তীব্র বা প্রধান গন্ধ,थक कर चूर होना,To be extremely tired.,HIGH,False,bn-hi
2440,গঁদের গঁদ,অতি দূরসম্পর্কিত ব্যক্তি; দূর কুটুম্বের কুটুম্ব,आँखों का काँटा,A person who is disliked or irritating.,HIGH,False,bn-hi
2441,গকুলের ষাঁড়,গায়ে ফুঁ দিয়ে বেড়ানো চিন্তাভাবনাহীন অসংযত বা স্বেচ্ছাচারী পুরুষ,सांप भी मर जाए और लाठी भी न टूटे,Finding a solution that satisfies all parties without loss.,HIGH,False,bn-hi
2442,গগনচারী,"অতি কল্পনাবিলাসী, কল্পনার জগতে বাস করে এমন",थक कर चूर होना,To be extremely tired.,HIGH,False,bn-hi
2446,গঙ্গাজলি,অন্তর্জলি,दिल पर पत्थर रखना,To control emotions with difficulty.,HIGH,False,bn-hi
2448,গঙ্গাজলে গঙ্গাপূজা,অন্যের জিনিসে তারই তুষ্টিবিধান; পরের অর্থে পরোপকার,दिल पर पत्थर रखना,To control emotions with difficulty.,HIGH,False,bn-hi
2451,গঙ্গাপুত্র,ডোম; শবদাহকারী ব্যক্তি; মুর্দাফরাশ,आँखों का काँटा,A person who is disliked or irritating.,HIGH,False,bn-hi
2454,গঙ্গা-যমুনা গাঁথনি,কাদা ও সুরকি দিয়ে ইট গাঁথার কাজ,खून पसीना एक करना,To work extremely hard.,HIGH,False,bn-hi
2455,গঙ্গাযাত্রা,গঙ্গাজল স্পর্শ করে মরার জন্য মুমূর্ষু ব্যক্তিকে গঙ্গাতীরে যাওয়া,आँखों का काँटा,A person who is disliked or irritating.,HIGH,False,bn-hi
2456,গঙ্গাযাত্রী,মুমূর্ষু ব্যক্তি,आँखों का काँटा,A person who is disliked or irritating.,HIGH,False,bn-hi
2457,গঙ্গারাম,বিদ্রুপে আনাড়ী,आँखों का काँटा,A person who is disliked or irritating.,HIGH,False,bn-hi
2465,গজচক্ষু,ঈষৎ বাঁকা এবং দেহের তুলনায় ছোট বেমানান চোখ,तिनके का सहारा,A small help in a difficult situation.,HIGH,False,bn-hi
2468,গজদন্তমিনারবাসী,কল্পনাবিলাসী,आँखों का काँटा,A person who is disliked or irritating.,HIGH,False,bn-hi
2470,গজভুক্তকপিত্থবৎ,বাইরের খোসা ছাড়া কিছু না থাকা; সারশূন্য প্রদর্শন,सांप भी मर जाए और लाठी भी न टूटे,Finding a solution that satisfies all parties without loss.,HIGH,False,bn-hi
2473,গজস্কন্ধ,হাতির কাঁধের মতো মোটা কাঁধ যার; স্থূলস্কন্ধযুক্ত ব্যক্তি,दिल पर पत्थर रखना,To control emotions with difficulty.,HIGH,False,bn-hi
2474,গজেন্দ্রগমন,গজরাজের মতো মন্দ ছন্দে সুন্দর চলা,दिल पर पत्थर रखना,To control emotions with difficulty.,HIGH,False,bn-hi
2478,গড্ডলিকা প্রবাহ,অগ্রবর্তী মেষীর পিছনে অনুসরণকারী মেষপাল,सांप भी मर जाए और लाठी भी न टूटे,Finding a solution that satisfies all parties without loss.,HIGH,False,bn-hi
2479,গড়গড়,"অবলীলাক্রমে, অবাধে",सांप भी मर जाए और लाठी भी न टूटे,Finding a solution that satisfies all parties without loss.,HIGH,False,bn-hi
2483,গড়াগড়ি দেওয়া,একটু ঘুমানো,दिल पर लेना,To take something personally.,HIGH,False,bn-hi
2484,গড়াপেটা,পছন্দমতো আকৃতিদান,छोटा मुँह बड़ी बात,Talking beyond one's status.,HIGH,False,bn-hi
2485,গড়াপেটা,পছন্দমতো আকৃতিদান,छोटा मुँह बड़ी बात,Talking beyond one's status.,HIGH,False,bn-hi
2486,গড়িমসি,"আলস্য, কুঁড়েমি, ঢিলামি; দীর্ঘসূত্রতা; হচ্ছে হবে ভাব",रंग बदलना,To change attitude quickly.,HIGH,False,bn-hi
2494,গণেশ উলটানো,কারবার গুটানো/তুলে দেওয়া/ফেলে দেওয়া,हाथ झाड़ लेना,To abandon responsibility.,HIGH,False,bn-hi
2500,গণ্ডা পাওনা,নিজের গণ্ডা বুঝে নেওয়া,छोटा मुँह बड़ी बात,Talking beyond one's status.,HIGH,False,bn-hi
2502,গণ্ডায় এণ্ডায়,গোলমালের সুযোগে নিজের কাজে ফাঁকি দিয়ে,छोटा मुँह बड़ी बात,Talking beyond one's status.,HIGH,False,bn-hi
2505,গণ্ডূষ,হাতের কোষে যে পরিমাণ জল ধরে সেই অত্যল্প পরিমাণ,तिनके का सहारा,A small help in a difficult situation.,HIGH,False,bn-hi
2508,গণ্ডূষ জলে সফরীর ফরফরানি,অল্পবিদ্যার অধিকারীর বিদ্যা জাহির করার প্রবণতা,दिल पर पत्थर रखना,To control emotions with difficulty.,HIGH,False,bn-hi
2511,গতরখাকী,অত্যন্ত অলস; সামর্থ্য থাকা সত্ত্বেও পরিশ্রমবিমুখ নারী/পুরুষ,खून पसीना एक करना,To work extremely hard.,HIGH,False,bn-hi
2512,গতর খাটানো,পরিশ্রম করা,खून पसीना एक करना,To work extremely hard.,HIGH,False,bn-hi
2513,গতর খাটানো,পরিশ্রম করা,खून पसीना एक करना,To work extremely hard.,HIGH,False,bn-hi
2514,গতর খাটানো,পরিশ্রম করা,खून पसीना एक करना,To work extremely hard.,HIGH,False,bn-hi
2515,গতর নাড়ানো,কাজে নিযুক্ত থাকা,खून पसीना एक करना,To work extremely hard.,HIGH,False,bn-hi
2516,গতর নাড়ানো,কাজে নিযুক্ত থাকা,खून पसीना एक करना,To work extremely hard.,HIGH,False,bn-hi
2517,গতর নাড়ানো,কাজে নিযুক্ত থাকা,खून पसीना एक करना,To work extremely hard.,HIGH,False,bn-hi
2519,গতর পোষা,আলসেমি বা কুঁড়েমি করা; পরিশ্রম না করে শরীরকে তোয়াজ করা,सांप भी मर जाए और लाठी भी न टूटे,Finding a solution that satisfies all parties without loss.,HIGH,False,bn-hi
2520,গতর লাগা,মোটাসোটা হওয়া,कान खड़े होना,To become alert.,HIGH,False,bn-hi
2521,গতরে পোকা ধরা,অকর্মণ্য হয়ে পড়া; আলস্যে সময় কাটাতে কাটাতে কর্মশক্তি হারিয়ে ফেলা,छोटा मुँह बड़ी बात,Talking beyond one's status.,HIGH,False,bn-hi
2522,গতরের মাথা খাওয়া,নিস্কর্মা হয়ে বসে থাকা,सांप भी मर जाए और लाठी भी न टूटे,Finding a solution that satisfies all parties without loss.,HIGH,False,bn-hi
2523,গতরের মাথা খাওয়া,নিস্কর্মা হয়ে বসে থাকা,सांप भी मर जाए और लाठी भी न टूटे,Finding a solution that satisfies all parties without loss.,HIGH,False,bn-hi
2524,গতশোচনা,অতীত কৃতকার্যের জন্য শোক বা খেদ; অতীত বিষয়ের জন্য অনুতাপ,दीवारों के कान होना,Confidential matters may be overheard.,HIGH,False,bn-hi
2531,গদগদ,আবেগজনিত বিহ্বলতা,दिल पर पत्थर रखना,To control emotions with difficulty.,HIGH,False,bn-hi
2532,গদাইলস্কর,"বিপুল আকৃতির মন্থরগতিসম্পন্ন ব্যক্তি; অলস, কুঁড়ে",दिल पर पत्थर रखना,To control emotions with difficulty.,HIGH,False,bn-hi
2537,গন্ধর্ব ছোটানো,প্রহারের চোটে বেসুরে চিৎকার করানো,आसमान से गिरा खजूर में अटका,From bad to worse.,HIGH,False,bn-hi
2538,গন্ধর্ব পূজা,প্রথমে আদর করে পরে প্রহারে বিদায় দান,नौ दो ग्यारह होना,To run away quickly.,HIGH,False,bn-hi
2543,গভীরজলের মাছ,অচঞ্চল স্থিরবুদ্ধিসম্পন্ন ব্যক্তি,आँखों का काँटा,A person who is disliked or irritating.,HIGH,False,bn-hi
2545,গায়েবী চাল,অবস্থা না জেনেই ব্যবস্থা গ্রহণ,सांप भी मर जाए और लाठी भी न टूटे,Finding a solution that satisfies all parties without loss.,HIGH,False,bn-hi
2546,গয়সাল,মুসলমান ধর্মালম্বী হিন্দু,आँखों का काँटा,A person who is disliked or irritating.,HIGH,False,bn-hi
2548,গয়ার ভূত,"গয়ায় মরলে যে ভূত হয়, তাকে তাড়ানো কঠিন",थक कर चूर होना,To be extremely tired.,HIGH,False,bn-hi
2549,গয়ার পাপ,বিরক্তিকর অপরিহার্য বিষয় বা ব্যক্তি; যার কাছ থেকে নিস্কৃতি পাওয়া কঠিন; যাকে সহজে তাড়ানো যায় না,तिनके का सहारा,A small help in a difficult situation.,HIGH,False,bn-hi
2550,গয়ারাম,দলবদলে একদল থেকে অন্যদলে যাওয়া সদস্য,आसमान से गिरा खजूर में अटका,From bad to worse.,HIGH,False,bn-hi
2553,গরজ বড় বালাই,প্রয়োজনের গুরুত্ব; স্বার্থের তাগিদ; স্বার্থের জ্বালা বড় জ্বালা; যে দাবি যেমন করে হোক মেটাতে হয়,सांप भी मर जाए और लाठी भी न टूटे,Finding a solution that satisfies all parties without loss.,HIGH,False,bn-hi
2562,গরিবখানা,আপনগৃহসম্পর্কে বিনয় ও সৌজন্যসূচক উল্লেখ,छोटा मुँह बड़ी बात,Talking beyond one's status.,HIGH,False,bn-hi
2564,গরীবের ঘোড়ারোগ,অবস্থার অতিরিক্ত ব্যয়ের সাধ; উৎকট বাসনার বাতিক; সামর্থের বাইরে অন্যায় প্রত্যাশা করা; দরিদ্রের বড়মানুষি চাল-চলনের ঝোঁক,छोटा मुँह बड़ी बात,Talking beyond one's status.,HIGH,False,bn-hi
2567,গরু চোর,অতি ভীতসন্ত্রস্ত ব্যক্তি যে মুখ বুজে সব পীড়ন সহ্য করে,आँखों का काँटा,A person who is disliked or irritating.,HIGH,False,bn-hi
2572,গর্দভ,"অত্যন্ত নির্বোধ, বোকা, মহামূর্খ, মাথামোটা, হিতাহিতজ্ঞানশূন্য- গালিবিশেষ",थक कर चूर होना,To be extremely tired.,HIGH,False,bn-hi
2575,গর্ভস্রাব,অকালপ্রসুত শিশুতুল্য ব্যর্থজন্মা; অপদার্থ গালিবিশেষ,आँखों का काँटा,A person who is disliked or irritating.,HIGH,False,bn-hi
2577,গলগ্রহ,"অকারণে অন্যের বোঝা হয়ে থাকা; অকারণে ও অনিচ্ছায় যার দায় বহন করতে হয়; গলার ভারস্বরূপ পোষ্য, যাকে ইচ্ছা না থাকলেও প্রতিপালন করতে হয়; যে অকর্মা বসেবসে অন্যের অন্ন ধংস করে",सांप भी मर जाए और लाठी भी न टूटे,Finding a solution that satisfies all parties without loss.,HIGH,False,bn-hi
2582,গলবস্ত্র,সাতিশয় বিনীতভাব,दिल पर पत्थर रखना,To control emotions with difficulty.,HIGH,False,bn-hi
2583,গলা ওঠা,স্বর উঁচু করা,छोटा मुँह बड़ी बात,Talking beyond one's status.,HIGH,False,bn-hi
2584,গলা করে বলা,মুক্তকণ্ঠে বলা; বড় গলায় বলা,कान में कहना,To speak secretly.,HIGH,False,bn-hi
2585,গলা কাটা,বড় ধরনের ঠকানো; ভীষণ প্রবঞ্চনা করা,खून खौलना,To feel extreme anger.,HIGH,False,bn-hi
2588,গলাগলি,সহচর শব্দ; অত্যন্ত ঘনিষ্ঠতা; আন্তরিকতাপূর্ণ,खून खौलना,To feel extreme anger.,HIGH,False,bn-hi
2589,গলা চাপা,স্বর নীচু করা; নীচু স্বরে কথা বলা,छोटा मुँह बड़ी बात,Talking beyond one's status.,HIGH,False,bn-hi
2591,গলা ছাড়া,স্বর উচ্চে তোলা,छोटा मुँह बड़ी बात,Talking beyond one's status.,HIGH,False,bn-hi
2595,গলা ধরা,গলা কুটকুট করা,दिल बाग-बाग होना,Feeling extremely happy.,HIGH,False,bn-hi
2596,গলা ধরা,গলা কুটকুট করা,दिल बाग-बाग होना,Feeling extremely happy.,HIGH,False,bn-hi
2597,গলাধাক্কা,অপমান করে বিদায় করা,दिल पर पत्थर रखना,To control emotions with difficulty.,HIGH,False,bn-hi
2598,গলা ফুলো পায়রা,অহঙ্কারী ব্যক্তি,आँखों का काँटा,A person who is disliked or irritating.,HIGH,False,bn-hi
2599,গলাবন্ধ,গলায় ঠাণ্ডা না লাগার জন্য ব্যবহৃত বস্ত্রখণ্ড,आसमान से गिरा खजूर में अटका,From bad to worse.,HIGH,False,bn-hi
2601,গলা বাঁচানো,প্রাণ বাঁচানো,छोटा मुँह बड़ी बात,Talking beyond one's status.,HIGH,False,bn-hi
2602,গলা বাঁচানো,প্রাণ বাঁচানো,छोटा मुँह बड़ी बात,Talking beyond one's status.,HIGH,False,bn-hi
2605,গলা ভারী,গম্ভীর স্বর,सांप भी मर जाए और लाठी भी न टूटे,Finding a solution that satisfies all parties without loss.,HIGH,False,bn-hi
2606,গলা সাধা,রেওয়াজ করা; সরগম সাধনা; সুরের সাধনা,छोटा मुँह बड़ी बात,Talking beyond one's status.,HIGH,False,bn-hi
2610,গলায় কাপড়,অতি দারিদ্র বা বিনয়ীর লক্ষণ,खून खौलना,To feel extreme anger.,HIGH,False,bn-hi
2611,গলায় গলায়,"আকণ্ঠ, গলা পর্যন্ত",आँखों में बस जाना,To be deeply loved or admired.,HIGH,False,bn-hi
2613,গলায় গাঁথা,অনভিপ্রেত বোঝা হওয়া,कान खड़े होना,To become alert.,HIGH,False,bn-hi
2615,গলায় ছুরি দেওয়া,ভীষণরকমের প্রবঞ্চনা করা,थक कर चूर होना,To be extremely tired.,HIGH,False,bn-hi
2616,গলায় দড়ি,"অপমান লজ্জা ইত্যাদি, যাতে লোকসমাজে আর মুখ দেখাতে না পারে তারজন্য মৃত্যু কামনা করে ধিক্কারসূচক উক্তি",खून खौलना,To feel extreme anger.,HIGH,False,bn-hi
2617,গলায় পড়া,গলগ্রহ হওয়া,कान खड़े होना,To become alert.,HIGH,False,bn-hi
2624,গলার নিচে যাওয়া,উদরপূর্তি,छोटा मुँह बड़ी बात,Talking beyond one's status.,HIGH,False,bn-hi
2625,গলার নিচে যাওয়া,উদরপূর্তি,छोटा मुँह बड़ी बात,Talking beyond one's status.,HIGH,False,bn-hi
2630,গল্পের ভুশুড়ি ভাঙা,ক্রমাগত একটার পর একটা গল্প বলা; ক্রমাগত বলে যাওয়া,सांप भी मर जाए और लाठी भी न टूटे,Finding a solution that satisfies all parties without loss.,HIGH,False,bn-hi
2632,গস্ত,ঘুরে ফিরে জিনিসপত্র কেনা,आसमान से गिरा खजूर में अटका,From bad to worse.,HIGH,False,bn-hi
2634,গহনার নৌকা,সময়তালিকা অনুযায়ী বহুযাত্রী নিয়ে চলাচলকারী বড় নৌকাবিশেষ,सांप भी मर जाए और लाठी भी न टूटे,Finding a solution that satisfies all parties without loss.,HIGH,False,bn-hi
2635,গাঁ নেই তার সীমানা,নেই বস্তুর খোঁজের কোন অর্থ হয় না,सांप भी मर जाए और लाठी भी न टूटे,Finding a solution that satisfies all parties without loss.,HIGH,False,bn-hi
2636,গাঁ বড় তার মাঝের পাড়া,ছোট গ্রামে কয়েক ঘর পরিবারের বাস; সেখানে একাধিক পল্লী হতে পারে না; অন্যায় বা অবাস্তব দাবি নগণ্যের বাড়াবাড়ি,तिनके का सहारा,A small help in a difficult situation.,HIGH,False,bn-hi
2640,গাঁ-গাঁ,উত্কটভাবে চিৎকার করে কথা বলা; ক্রুদ্ধ আওয়াজবিশেষ,कान में कहना,To speak secretly.,HIGH,False,bn-hi
2648,গাঁটকাটা,"পকেটমার, যে অন্যের পকেট কেটে টাকা চুরি করে",आँखों का काँटा,A person who is disliked or irritating.,HIGH,False,bn-hi
2651,গাঁটে গাঁটে বুদ্ধি,মহা ধুরন্ধর,थक कर चूर होना,To be extremely tired.,HIGH,False,bn-hi
2652,গাঁটের কড়ি,"নিজের পরিশ্রমের পয়সা, স্বোপার্জিত সঞ্চিত অর্থ",छोटा मुँह बड़ी बात,Talking beyond one's status.,HIGH,False,bn-hi
2654,গাঁয়ে মানে না আপনি মোড়ল,মূর্খ ও অযোগ্য ব্যক্তির হাস্যকর আত্মশ্লাঘা,आँखों का काँटा,A person who is disliked or irritating.,HIGH,False,bn-hi
2655,গা এলিয়ে দেওয়া,হাত পা ছেড়ে শুয়ে পড়া,पानी सिर से गुजरना,Situation getting out of control.,HIGH,False,bn-hi
2656,গা করা,কিছু মনে করা,दिल पर लेना,To take something personally.,HIGH,False,bn-hi
2657,গা করকর করা,ঈর্ষান্বিত হওয়া,कान खड़े होना,To become alert.,HIGH,False,bn-hi
2658,গা কশকশ করা,আক্রোশযুক্ত হওয়া,दिल पर पत्थर रखना,To control emotions with difficulty.,HIGH,False,bn-hi
2659,গা কশকশ করা,আক্রোশযুক্ত হওয়া,दिल पर पत्थर रखना,To control emotions with difficulty.,HIGH,False,bn-hi
2660,গা কাঁপা,প্রচণ্ড ভয় পাওয়া,खून खौलना,To feel extreme anger.,HIGH,False,bn-hi
2661,গা কাঁপা,প্রচণ্ড ভয় পাওয়া,खून खौलना,To feel extreme anger.,HIGH,False,bn-hi
2662,গা কেমন করা,"ভয়, ঘৃণা বা অসুস্থতাজনিত অস্বস্তি বোধ করা",खून खौलना,To feel extreme anger.,HIGH,False,bn-hi
2664,গা গরম,অল্প জ্বর; জ্বর নয় জ্বরের মতো অনুভূতি,सांप भी मर जाए और लाठी भी न टूटे,Finding a solution that satisfies all parties without loss.,HIGH,False,bn-hi
2665,গা গুলানো,বমির উদ্রেক হওয়া,खून खौलना,To feel extreme anger.,HIGH,False,bn-hi
2666,গা ঘামানো,পরিশ্রম করা,खून पसीना एक करना,To work extremely hard.,HIGH,False,bn-hi
2668,গাঘেঁষা,গায়ে পড়ে ভাব জমায় এমন,सिर पर चढ़ाना,To spoil someone with too much affection.,HIGH,False,bn-hi
2669,গা চাটাচাটি করা,ভালবাসা জানানো,दिल का बोझ हल्का करना,To express feelings.,HIGH,False,bn-hi
2670,গা ছাড়া,"আগ্রহহীন, ঢিলেঢালাভাব",रंग बदलना,To change attitude quickly.,HIGH,False,bn-hi
2671,গা জুড়ানো,মনে শান্তি পাওয়া,खून खौलना,To feel extreme anger.,HIGH,False,bn-hi
2674,গা জুরি করা,অন্যায় কথা বলা,जुबान फिसलना,To say something unintentionally.,HIGH,False,bn-hi
2675,গা জ্বলা,অতিশয় ক্রোধের উদ্রেক হওয়া,आग बबूला होना,To become extremely angry.,HIGH,False,bn-hi
2676,গা জ্বালা করা,ঈর্ষান্বিত হওয়া,कान खड़े होना,To become alert.,HIGH,False,bn-hi
2677,গা ঝাড়া দেওয়া,জড়তা কাটিয়ে কাজে নামা,खून पसीना एक करना,To work extremely hard.,HIGH,False,bn-hi
2678,গা ঝিম ঝিম করা,অসুস্থতা বোধ করা,खून खौलना,To feel extreme anger.,HIGH,False,bn-hi
2679,গা টেপাটেপি করা,ইঙ্গিতে কথা বলা,कान में कहना,To speak secretly.,HIGH,False,bn-hi
2681,গা ঢালা,আশা ভরসা ছেড়ে দেওয়া; নিরুদ্যম হওয়া,कान खड़े होना,To become alert.,HIGH,False,bn-hi
2682,গা তোলা,ঘুম থেকে উঠে বসা; নড়েচড়ে ওঠা; শয্যা ত্যাগ করা,आसमान से गिरा खजूर में अटका,From bad to worse.,HIGH,False,bn-hi
2683,গা দেওয়া,উৎসাহ দেখানো; মনোযোগ দেওয়া; যত্ন করা,दिल पर लेना,To take something personally.,HIGH,False,bn-hi
2685,গা পেতে নেওয়া,"মেনে নেওয়া; বিনা প্রতিবাদে সহ্য করা, স্বীকার করা",सांप भी मर जाए और लाठी भी न टूटे,Finding a solution that satisfies all parties without loss.,HIGH,False,bn-hi
2686,গা মাটি মাটি করা,আলস্য বোধ করা; শুয়ে পড়ার ইচ্ছা হওয়া,खून खौलना,To feel extreme anger.,HIGH,False,bn-hi
2688,গা ম্যাজম্যাজ করা,অস্বস্তি বা আলস্য বোধ করা,खून खौलना,To feel extreme anger.,HIGH,False,bn-hi
2689,গা লাগানো,মনযোগী হওয়া; প্রবৃত্ত হওয়া,कान खड़े होना,To become alert.,HIGH,False,bn-hi
2690,গা সহা,যা অভ্যস্ত; সহ্য হয় এমন,सांप भी मर जाए और लाठी भी न टूटे,Finding a solution that satisfies all parties without loss.,HIGH,False,bn-hi
2691,গা শুঁকাশুঁকি করা,পরস্পরের প্রতি অন্তরঙ্গ হওয়া,दिल पर पत्थर रखना,To control emotions with difficulty.,HIGH,False,bn-hi
2693,গাঙ পেরুলেই পাটনী শালা,সামান্য ভৌগোলিক বা পরিস্থিতিগত পরিবর্তনে সম্পর্ক বা দৃষ্টিভঙ্গির দ্রুত ও বড় ধরনের পরিবর্তন হয়ে যাওয়া,पानी सिर से गुजरना,Situation getting out of control.,HIGH,False,bn-hi
2694,গাঙ্গুরাম তেলি,অতি নগণ্যব্যক্তি,आँखों का काँटा,A person who is disliked or irritating.,HIGH,False,bn-hi
2700,গাছপাথর,"পরিমাণনির্দেশক, অনেক বয়স হয়েছে এমন",थक कर चूर होना,To be extremely tired.,HIGH,False,bn-hi
2703,গাছে চড়ানো,অযথা প্রশংসা করা; চাটুকারি করে কাউকে গর্বিত করা,नाक ऊँची करना,To make proud.,HIGH,False,bn-hi
2704,গাছে তুলে মই কাড়া,আশা দিয়ে নিরাশ করা; সাহায্যের আশা দিয়ে সাহায্য না করা,तिनके का सहारा,A small help in a difficult situation.,HIGH,False,bn-hi
2706,গাছেরও খাওয়া তলারও কুড়ানো,নিতান্ত স্বার্থপরের মত কাজ করা; সকল উপায়ে অভিষ্ট বিষয় হস্তগত করা,सांप भी मर जाए और लाठी भी न टूटे,Finding a solution that satisfies all parties without loss.,HIGH,False,bn-hi
2715,গাণ্ডু,অশ্লীল গালিবিশেষ,आँखों का काँटा,A person who is disliked or irritating.,HIGH,False,bn-hi
2716,গাণ্ডেপিণ্ডে গেলা,অপরিমিত আহার করা,सांप भी मर जाए और लाठी भी न टूटे,Finding a solution that satisfies all parties without loss.,HIGH,False,bn-hi
2718,গাত্রোত্থান,বিছানা ছেড়ে উঠে বসা বা দাঁড়ানো,धरना देना,To stand firm on an issue.,HIGH,False,bn-hi
2720,গাধা,"অত্যন্ত নির্বোধ, বোকা- তিরস্কার",थक कर चूर होना,To be extremely tired.,HIGH,False,bn-hi
2721,গাধা পিটিয়ে ঘোড়া করা,বোকাকে শিখিয়ে পড়িয়ে চালাক করা,नाक ऊँची करना,To make proud.,HIGH,False,bn-hi
2722,গাধার খাটুনি,"যে কাজে বুদ্ধির প্রয়োজন নেই, কিন্ত পরিশ্রম আছে",सांप भी मर जाए और लाठी भी न टूटे,Finding a solution that satisfies all parties without loss.,HIGH,False,bn-hi
2723,গাধার জল খাওয়া,স্বভাবের দোষ,छोटा मुँह बड़ी बात,Talking beyond one's status.,HIGH,False,bn-hi
2724,গাধার জল খাওয়া,স্বভাবের দোষ,छोटा मुँह बड़ी बात,Talking beyond one's status.,HIGH,False,bn-hi
2727,গান্ধর্ববিবাহ,পাত্রপাত্রীর ইচ্ছানুসারে প্রচলিত আচার অনুষ্ঠান না করে একে অপরকে স্বামী ও স্ত্রীরূপে বরণ,सांप भी मर जाए और लाठी भी न टूटे,Finding a solution that satisfies all parties without loss.,HIGH,False,bn-hi
2731,গায়ে কাঁটা দেওয়া,ভয়ে রোমাঞ্চিত হওয়া,खून खौलना,To feel extreme anger.,HIGH,False,bn-hi
2734,গায়ে গু মাখলে যমও ছাড়ে না,দোষ করলে নিস্কৃতি নাই; দোষীরা কখনো নিস্কৃতি পায় না,दिमाग खराब होना,To get irritated.,HIGH,False,bn-hi
2735,গায়ে জ্বর আসা,"আশঙ্কিত হওয়া, ভয় পাওয়া",कान खड़े होना,To become alert.,HIGH,False,bn-hi
2736,গায়ে তেল হওয়া,উদ্ধত বা বেপরোয়া হওয়া,कान खड़े होना,To become alert.,HIGH,False,bn-hi
2737,গায়ে থুথু দেওয়া,"ঘৃণা করা, ধিক্কার দেওয়া, নিন্দা করা",दिल का बोझ हल्का करना,To express feelings.,HIGH,False,bn-hi
2738,গায়ে পড়া,উপযাজক হয়ে কথা বলা; যেচে/সেধে আলাপ করা,हाथ धोकर पीछे पड़ना,To be persistently after someone.,HIGH,False,bn-hi
2742,গায়ে ফুঁ দিয়ে বেড়ানো,নির্ভাবনায় বাবুয়ানা ও ফুর্তি করে বেড়ানো; পরিশ্রম না করে আরামে দিন কাটানো,सांप भी मर जाए और लाठी भी न टूटे,Finding a solution that satisfies all parties without loss.,HIGH,False,bn-hi
2743,গায়ে ফোসকা পড়া,অসহ্য বোধ হওয়া; ঈর্ষান্বিত হওয়া,आग बबूला होना,To become extremely angry.,HIGH,False,bn-hi
2744,গায়ে বিষ ছড়ানো,অঙ্গ জ্বালানো; ক্রোধ হওয়া,खून खौलना,To feel extreme anger.,HIGH,False,bn-hi
2745,গায়ে মাখা,আমল দেওয়া বা না দেওয়া; গ্রাহ্য করা বা না করা,आँखें फेर लेना,To ignore or abandon.,HIGH,False,bn-hi
2746,গায়ে মাখা,আমল দেওয়া বা না দেওয়া; গ্রাহ্য করা বা না করা,आँखें फेर लेना,To ignore or abandon.,HIGH,False,bn-hi
2747,গায়ে মাংস লাগা,মোটা হওয়া; স্বাস্থ্য ভালো হওয়া,कान खड़े होना,To become alert.,HIGH,False,bn-hi
2748,গায়ে লাগা,ইঙ্গিতে দোষারূপ হচ্ছে ভেবে মনে লওয়া; মর্মে আঘাত করা,दिल बाग-बाग होना,Feeling extremely happy.,HIGH,False,bn-hi
2749,গায়ে সওয়া,অভ্যস্ত হওয়া,कान खड़े होना,To become alert.,HIGH,False,bn-hi
2752,গায়ে হাত না দিয়ে কথা বলা,নিজের দোষ গোপন করে পরের নিন্দা করা,छोटा मुँह बड़ी बात,Talking beyond one's status.,HIGH,False,bn-hi
2755,গায়ের ঝাল ঝাড়া,প্রতিশোধ নেওয়া,दिल पर लेना,To take something personally.,HIGH,False,bn-hi
2760,গায়ের জ্বালা,"ঈর্ষা, হিংসা",दिल में आग लगना,To feel jealousy or anger.,HIGH,False,bn-hi
2767,গালভরা নাম,বিরাট নাম; নামের চোটে গগন ফাটে,सांप भी मर जाए और लाठी भी न टूटे,Finding a solution that satisfies all parties without loss.,HIGH,False,bn-hi
2771,গালাভরা বালা,যতটা ভার ততটা গুণের নয়,कान पकड़ना,To promise not to repeat a mistake.,HIGH,False,bn-hi
2773,গালে চড়,বেদনাদায়ক অভিজ্ঞতা অর্জন,दिल में जगह बनाना,To gain affection.,HIGH,False,bn-hi
2780,গিরগিটি,অত্যন্ত কৃশ ও শীর্ণকায় ব্যক্তি,थक कर चूर होना,To be extremely tired.,HIGH,False,bn-hi
2782,গিরিসঙ্কট,কঠিন বা সংকটময় পরিস্থিতি,तिनके का सहारा,A small help in a difficult situation.,HIGH,False,bn-hi
2788,গুজগুজ,অল্পলোকের সমাবেশের মৃদু গুঞ্জনশব্দ,तिनके का सहारा,A small help in a difficult situation.,HIGH,False,bn-hi
2789,গুজগুজে,যার পেটের কথা স্পষ্ট পাওয়া যায় না; যে মনের কথা স্পষ্ট করে প্রকাশ করে না,आँखों का काँटा,A person who is disliked or irritating.,HIGH,False,bn-hi
2790,গুজরান,জীবিকা নির্বাহ করা,नाक ऊँची करना,To make proud.,HIGH,False,bn-hi
2791,গুটিকয়েক,অল্পসংখ্যক,तिनके का सहारा,A small help in a difficult situation.,HIGH,False,bn-hi
2794,গুড়গুড়িয়া,খর্বাকৃতি ব্যক্তি,दिल पर पत्थर रखना,To control emotions with difficulty.,HIGH,False,bn-hi
2796,গুড়ি মারা,ওত পেতে থাকা,तेल देखो तेल की धार देखो,Wait and observe carefully.,HIGH,False,bn-hi
2798,গুণ করা,জাদু দিয়ে বশ করা,दिल पर पत्थर रखना,To control emotions with difficulty.,HIGH,False,bn-hi
2801,গুণধর,ব্যঙ্গে- সব বদগুণের অধিকারী; কুক্রিয়াসক্ত; দোষের আকর; নীচচরিত্র,सांप भी मर जाए और लाठी भी न टूटे,Finding a solution that satisfies all parties without loss.,HIGH,False,bn-hi
2804,গুণে ঘাট নাই,গুণবিষয়ে কোন অংশে কম নাই; কোনবিষয়ে হীন নয়; সকল গুণের আধার,सांप भी मर जाए और लाठी भी न टूटे,Finding a solution that satisfies all parties without loss.,HIGH,False,bn-hi
2805,গুণে নুন দিতে নেই,নির্গুণ কখনো গুণী হবে না; নির্গুণের প্রতি ব্যঙ্গোক্তি,जख्म पर नमक छिड़कना,Adding to someone's pain.,HIGH,False,bn-hi
2806,গুবলেট,ভেস্তে যাওয়া; ভেস্তে গেছে এমন,कान खड़े होना,To become alert.,HIGH,False,bn-hi
2810,গুয়ে ঢেলা মারা,নোংরা প্রসঙ্গ বা বিষয়ে প্রবিষ্ট হয়ে নিজেকে কলুষিত করা,दीवारों के कान होना,Confidential matters may be overheard.,HIGH,False,bn-hi
2811,গুয়ের এপিঠ আর ওপিঠ,মন্দের সবই মন্দ,आसमान से गिरा खजूर में अटका,From bad to worse.,HIGH,False,bn-hi
2812,গুয়ের পোকা,অধমের অধম; নিকৃষ্ট নরাধম,आँखों का काँटा,A person who is disliked or irritating.,HIGH,False,bn-hi
2814,গুরুচণ্ডালী,সাধুভাষার সাথে কথ্য ভাষার সংমিশ্রণজনিত দোষ,दिल पर पत्थर रखना,To control emotions with difficulty.,HIGH,False,bn-hi
2815,গুরুপাক,সহজে হজম হয় না এমন,सांप भी मर जाए और लाठी भी न टूटे,Finding a solution that satisfies all parties without loss.,HIGH,False,bn-hi
2818,গুরুমারা বিদ্যা,"যার কাছে শিক্ষা অনিষ্ট করার জন্য তারই উপর প্রয়োগ, অর্জিত বিদ্যায় বিদ্যাদানকারীকে জব্দ করা",दिल पर पत्थर रखना,To control emotions with difficulty.,HIGH,False,bn-hi
2819,গুরুমুখী বিদ্যা,যে বিদ্যা কেবল গুরুর মুখ হইতে শুনিয়া অধিগত করিতে হয়,सांप भी मर जाए और लाठी भी न टूटे,Finding a solution that satisfies all parties without loss.,HIGH,False,bn-hi
2827,গুলবাহার,ফুল আঁকা বা তোলা কাপড়,दिल पर पत्थर रखना,To control emotions with difficulty.,HIGH,False,bn-hi
2829,গুলিখোর,আফিম চণ্ডু ইত্যাদি নেশার দ্রবসেবী,आँखों का काँटा,A person who is disliked or irritating.,HIGH,False,bn-hi
2830,গুলি মারা,"উপেক্ষা করা; তোয়াক্কা না করা, পাত্তা না দেওয়া",दिल पर लेना,To take something personally.,HIGH,False,bn-hi
2833,গুষ্টিবর্গ,পরিবারের সকল সদস্য,सांप भी मर जाए और लाठी भी न टूटे,Finding a solution that satisfies all parties without loss.,HIGH,False,bn-hi
2834,গুষ্টির পিণ্ডি,একান্ত অবাঞ্ছিত বিরক্তিকর বস্তু অর্থে গালিবিশেষ,थक कर चूर होना,To be extremely tired.,HIGH,False,bn-hi
2837,গৃহবধু,কুলবধু; যে বিবাহিতা নারী সংসারধর্ম পালন করে,आँखों का काँटा,A person who is disliked or irritating.,HIGH,False,bn-hi
2838,গৃহভেদী,ঘর ভাঙানে; পরিবারের মধ্যে বিবাদ ঘটায় এমন ব্যক্তি,आँखों का काँटा,A person who is disliked or irritating.,HIGH,False,bn-hi
2841,গেঁড়াকল,লোককে ঠকাবার কৌশল; বিপদ; ফাঁদ,आँखों में धूल झोंकना,To deceive someone.,HIGH,False,bn-hi
2848,গেজেট,যার কাছে সব খবর পাওয়া যায় এমন ব্যক্তি,सांप भी मर जाए और लाठी भी न टूटे,Finding a solution that satisfies all parties without loss.,HIGH,False,bn-hi
2853,গোঁগা,কথা বলতে অক্ষম,कान में कहना,To speak secretly.,HIGH,False,bn-hi
2855,গোঙ্গা ছেলের নাম তর্কবাগিশ,যা হবার নয়; অসঙ্গত ব্যাপার; অর্থহীন নাম করণের ব্যর্থপ্রয়াস,सांप भी मर जाए और लाठी भी न टूटे,Finding a solution that satisfies all parties without loss.,HIGH,False,bn-hi
2856,গোঙ্গা ছেলের নাম তর্কবাগিশ,যা হবার নয়; অসঙ্গত ব্যাপার; অর্থহীন নাম করণের ব্যর্থপ্রয়াস,सांप भी मर जाए और लाठी भी न टूटे,Finding a solution that satisfies all parties without loss.,HIGH,False,bn-hi
2857,গোঁজামিল,দায়ে পড়ে মিল,दिल पर पत्थर रखना,To control emotions with difficulty.,HIGH,False,bn-hi
2858,গোঁফ খেজুরে,"খেজুরটি গোঁফের উপর এসে পড়েছে তবু সেটি মুখের মধ্যে পুরে নেবার চেষ্টা করে না এমন অলসের চূড়ামণি, নিতান্ত অলস",आँखों का काँटा,A person who is disliked or irritating.,HIGH,False,bn-hi
2859,গোঁফে তাড়া,উপেক্ষা করা,आँखें फेर लेना,To ignore or abandon.,HIGH,False,bn-hi
2861,গোঁফে তা,ভবিষ্যৎ লাভের আশায় উৎফুল্ল হওয়া,दिल में जगह बनाना,To gain affection.,HIGH,False,bn-hi
2865,গোকুলের ষাঁড়,"অসংযত স্বেচ্ছাচারী মুক্তপুরুষ, যাকে বাধা দেবার কেউ নেই; স্বচ্ছন্দে বিচরণকারী ও পরের অনিষ্টকারী ব্যক্তি",आँखों का काँटा,A person who is disliked or irritating.,HIGH,False,bn-hi
2867,গোগ্রাস,প্রায়শ্চিত্তের পর গরুর মুখে ঘাসদানের হিন্দুপ্রথা,कलेजा ठंडा होना,To feel satisfied after revenge.,HIGH,False,bn-hi
2872,গোজন্ম ঘুচে গন্ধর্ব জন্ম,মন্দ থেকে ভালো হওয়া,आसमान से गिरा खजूर में अटका,From bad to worse.,HIGH,False,bn-hi
2873,গোটা কতক,"অল্পসংখ্যক, কয়েকটি",तिनके का सहारा,A small help in a difficult situation.,HIGH,False,bn-hi
2874,গোটা গোটা,আস্ত আস্ত,सांप भी मर जाए और लाठी भी न टूटे,Finding a solution that satisfies all parties without loss.,HIGH,False,bn-hi
2877,গোড়া কেটে আগায় জল,আগে নষ্ট করে পরে ভালো করার চেষ্টা,कलेजा ठंडा होना,To feel satisfied after revenge.,HIGH,False,bn-hi
2880,গোড়ায় গলদ,"মূলেই গোলমাল, শুরুতেই ভুল",आसमान से गिरा खजूर में अटका,From bad to worse.,HIGH,False,bn-hi
2881,গোড়ে গোড় দেওয়া,পদাঙ্ক অনুসরণ করা,नज़रबंद करना,To restrict someone's freedom.,HIGH,False,bn-hi
2882,গোড়ে গোড় দেওয়া,পদাঙ্ক অনুসরণ করা,नज़रबंद करना,To restrict someone's freedom.,HIGH,False,bn-hi
2883,গোণাগুণতি,একার্থক যুগ্মশব্দ; অল্পসংখ্যক,तिनके का सहारा,A small help in a difficult situation.,HIGH,False,bn-hi
2885,গোদা পায়ে লাথি,অমূলক ভয়; বাহ্যত ভয়ঙ্কর কার্যত নয়,कान पकड़ना,To promise not to repeat a mistake.,HIGH,False,bn-hi
2890,গোবরগণেশ,"ব্যঙ্গে গোবরে তৈরি গণেশমূর্তির মতো অকর্মণ্য, নির্বোধ, মূর্খ, স্থূলবুদ্ধিসম্পন্ন ব্যক্তি",दिल पर पत्थर रखना,To control emotions with difficulty.,HIGH,False,bn-hi
2893,গোবরভরা মাথা,বুদ্ধিহীন; মাথায় একটুও বুদ্ধি নেই,सांप भी मर जाए और लाठी भी न टूटे,Finding a solution that satisfies all parties without loss.,HIGH,False,bn-hi
2894,গোবরে পদ্মফুল,অস্থানে ভালো জিনিস; নিকৃষ্ট স্থানে উৎকৃষ্ট বস্তু,आसमान से गिरा खजूर में अटका,From bad to worse.,HIGH,False,bn-hi
2895,গোবিন্দের বাপ,একজন নগণ্য ব্যক্তি,आँखों का काँटा,A person who is disliked or irritating.,HIGH,False,bn-hi
2896,গোবেচারা,অতিরিক্ত ভালোমানুষ; গরুর মতো নিরীহ শান্ত মানুষ,आँखों का काँटा,A person who is disliked or irritating.,HIGH,False,bn-hi
2898,গোমড়া মুখ,অপ্রসন্ন মুখ,मुँह की खाना,To face defeat.,HIGH,False,bn-hi
2900,গোয়ালার কাঁজি ভক্ষণ,"নামমাত্র সার, কাজে কিছু নয়",दिल पर पत्थर रखना,To control emotions with difficulty.,HIGH,False,bn-hi
2902,গোরুচোর,অতি ভীতসন্ত্রস্ত ব্যক্তি যে মুখ বুজে সব অত্যাচার সহ্য করে,आँखों का काँटा,A person who is disliked or irritating.,HIGH,False,bn-hi
2907,গোলগর্তে চৌকো পেরেক,অস্বস্তিকর অবস্থা,पानी सिर से गुजरना,Situation getting out of control.,HIGH,False,bn-hi
2909,গোলকধাঁধা,"জটিল বিষয়/সমস্যা, যার সমাধান পাওয়া কঠিন",तिनके का सहारा,A small help in a difficult situation.,HIGH,False,bn-hi
2912,গোলেমালে চণ্ডীপাঠ,অনেকে থাকার সুযোগে কাজে ফাঁকি দেওয়া; বিশৃঙ্খল কাজকর্ম,खून पसीना एक करना,To work extremely hard.,HIGH,False,bn-hi
2915,গোলমেলে লোক,কুটিল গোলমালপ্রিয় লোক,आँखों का काँटा,A person who is disliked or irritating.,HIGH,False,bn-hi
2917,গোলাঙ্গুলন্যায়,গরুর লেজ ধরে শ্বশুরবাড়ী যেতে গিয়ে অন্ধের যে দুরবস্থা হয়েছিল সেইরকম,आँखों का काँटा,A person who is disliked or irritating.,HIGH,False,bn-hi
2919,গোলাপী নেশা,অল্পমদের নেশা,तिनके का सहारा,A small help in a difficult situation.,HIGH,False,bn-hi
2920,গোলামখানা,"গোলামের মনোবৃত্তিসম্পন্ন লোক তৈরি করার কারখানা, যেখান থেকে উদ্ধার পাওয়া কঠিন",तिनके का सहारा,A small help in a difficult situation.,HIGH,False,bn-hi
2921,গোলে হরিবোল দেওয়া,গোলমালে ভিড়ের সুযোগে কাজে ফাঁকি দেওয়া,बाल-बाल बचना,To narrowly escape danger.,HIGH,False,bn-hi
2923,গোসাঘর,বনেদী বাড়িতে যে ঘরে অভিমান হলে মহিলারা আশ্রয় নিত,दिल पर लेना,To take something personally.,HIGH,False,bn-hi
2927,গৌরবে বহুবচন,গর্ব করার সুযোগ তৈরি হলে তখন সেই বিষয়ের সঙ্গে যুক্ত হয়ে ওঠার প্রবণতামূলক ভণ্ডামি,दिल पर पत्थर रखना,To control emotions with difficulty.,HIGH,False,bn-hi
2928,গৌরী দান,অষ্টমবর্ষীয়া কন্যাদান,नौ दो ग्यारह होना,To run away quickly.,HIGH,False,bn-hi
2929,গৌরী সেন,"যার কাছে অর্থ চাইলেই পাওয়া যায়, কিন্তু হিসাব চায় না এমন ব্যক্তি",आँखों का काँटा,A person who is disliked or irritating.,HIGH,False,bn-hi
2930,গৌরী সেনের টাকা,অঢেল অর্থ যা চাইলেই পাওয়া যায়; বেহিসাবী অর্থ,सांप भी मर जाए और लाठी भी न टूटे,Finding a solution that satisfies all parties without loss.,HIGH,False,bn-hi
2933,গ্যাঁড়াকল,"লোক ঠকাবার কৌশল; বিপদ, ফাঁদ",आँखों में धूल झोंकना,To deceive someone.,HIGH,False,bn-hi
2936,গ্যাস ছাড়া,বাজে কথা বলা; মিথ্যা কথা বিশ্বাস করবার চেষ্টা করা,छोटा मुँह बड़ी बात,Talking beyond one's status.,HIGH,False,bn-hi
2937,গ্রন্থকীট,"বইয়ের পোকা, যার অন্যদিকে খেয়াল নেই এবং যে বইয়ের জগতের বাইরের কিছু জানে না",आँखों का काँटा,A person who is disliked or irritating.,HIGH,False,bn-hi
2943,ঘটঘটানো,উদ্দেশ্যবিহীনভাবে ঘুরে বেড়ানো,सांप भी मर जाए और लाठी भी न टूटे,Finding a solution that satisfies all parties without loss.,HIGH,False,bn-hi
2946,ঘটিবাটি,সংসারের যাবতীয় জিনিসপত্র,सांप भी मर जाए और लाठी भी न टूटे,Finding a solution that satisfies all parties without loss.,HIGH,False,bn-hi
2950,ঘড়ি ধরে,নির্দিষ্ট সময়ে; সময়ের এতটুকু ব্যতিক্রম না করে,सांप भी मर जाए और लाठी भी न टूटे,Finding a solution that satisfies all parties without loss.,HIGH,False,bn-hi
2951,ঘড়েল,ধূর্ত লোক,आँखों का काँटा,A person who is disliked or irritating.,HIGH,False,bn-hi
2952,ঘণ্টা,বিদ্রুপে কিছুই না; ফাঁকি,आँखों में धूल झोंकना,To deceive someone.,HIGH,False,bn-hi
2957,ঘর আলো-করা,যে ঘর/সংসারের শোভা বৃদ্ধি করে এমন,आँखों का काँटा,A person who is disliked or irritating.,HIGH,False,bn-hi
2958,ঘর করা,গৃহস্থালী স্থাপন করা; সংসারধর্ম পালন করা; গৃহিণী হিসেবে দায়িত্ব পালন করা,पाँव जमाना,To establish oneself.,HIGH,False,bn-hi
2959,ঘরকুনো,অত্যন্ত গৃহাসক্ত; গৃহকোণ ছেড়ে নড়তে চায় না এমন ব্যক্তি; অমিশুক; অসামাজিক; লাজুক,आँखों का काँटा,A person who is disliked or irritating.,HIGH,False,bn-hi
2962,ঘর ছাড়া,গৃহত্যাগ করা; বৈরাগ্য অবলম্বন করা,छोटा मुँह बड़ी बात,Talking beyond one's status.,HIGH,False,bn-hi
2966,ঘর জ্বালানে,ঘরের শান্তি বিঘ্নিত করে এমন,आँखों का काँटा,A person who is disliked or irritating.,HIGH,False,bn-hi
2970,ঘরপোড়া গরু,কষ্টদায়ক অভিজ্ঞতাসম্পন্ন ব্যক্তি; লক্ষণসাদৃশ্যে যে বিপদের আশঙ্কা করে,आँखों का काँटा,A person who is disliked or irritating.,HIGH,False,bn-hi
2971,ঘরপোড়া বুদ্ধি,যে কুবুদ্ধির প্রয়োগে নিজেই ধ্বংস হয়,सांप भी मर जाए और लाठी भी न टूटे,Finding a solution that satisfies all parties without loss.,HIGH,False,bn-hi
2972,ঘরপোড়া বুদ্ধি,যে কুবুদ্ধির প্রয়োগে নিজেই ধ্বংস হয়,सांप भी मर जाए और लाठी भी न टूटे,Finding a solution that satisfies all parties without loss.,HIGH,False,bn-hi
2973,ঘর বাঁধা,বিয়ে করে সংসার পাতা,पाँव जमाना,To establish oneself.,HIGH,False,bn-hi
2975,ঘরবার করা,কারো আকুল প্রতীক্ষায় ক্রমাগত ঘরের বাইরে যাওয়া ও ভিতরে আসা,पानी सिर से गुजरना,Situation getting out of control.,HIGH,False,bn-hi
2978,ঘর ভাঙ্গানি,যে নারী কুপরামর্শ দিয়ে একান্নবর্তী পরিবার টুকরা করে,आसमान से गिरा खजूर में अटका,From bad to worse.,HIGH,False,bn-hi
2979,ঘরভেদী বিভীষণ,গৃহবিবাদ সৃষ্টিকারী ব্যক্তি,आँखों का काँटा,A person who is disliked or irritating.,HIGH,False,bn-hi
2981,ঘর মজানো,কুল বা বংশে কলঙ্ক লেপন করা,छोटा मुँह बड़ी बात,Talking beyond one's status.,HIGH,False,bn-hi
2983,ঘরমুখো,পরিবারের প্রতি অনুরক্ত,छोटा मुँह बड़ी बात,Talking beyond one's status.,HIGH,False,bn-hi
2984,ঘরশত্রু,পরের সাথে হাত মিলিয়ে আপনজনের অনিষ্টকারী ব্যক্তি,आँखों का काँटा,A person who is disliked or irritating.,HIGH,False,bn-hi
2986,ঘরসন্ধান,ঘরের দোষ অনুসন্ধান; ঘরের ভেদ জ্ঞাত হওয়া,छोटा मुँह बड़ी बात,Talking beyond one's status.,HIGH,False,bn-hi
2987,ঘরসন্ধানে রাবণ নষ্ট,ঘরসন্ধানরাই ঘর বিনাশ করে,आँखों का काँटा,A person who is disliked or irritating.,HIGH,False,bn-hi
2988,ঘর সামলানো,পরিজনকে বশে রাখা,दिल पर पत्थर रखना,To control emotions with difficulty.,HIGH,False,bn-hi
2989,ঘরের কী মুরগী দাল বরাবর,সহজলভ্য বস্তুর কদর নেই; সুলভ মুল্যবান বস্তুর তেমন আদর হয় না,बंदर क्या जाने अदरक का,Someone is unaware of the value or significance of something.,HIGH,False,bn-hi
2990,ঘরা-ঘরি,আপোসে; পরস্পরের সম্মতিক্রমে,दिल पर पत्थर रखना,To control emotions with difficulty.,HIGH,False,bn-hi
2991,ঘরে আগুন দেওয়া,পরিজনদের ধ্বংসসাধন করা; সংসারের শান্তি নষ্ট করা,रंग में भंग डालना,To ruin enjoyment.,HIGH,False,bn-hi
2992,"ঘরে ছুঁচোর কেত্তন, বাইরে কোঁচার পত্তন","বাড়িতে চরম দারিদ্র্য, বাইরে বড়লোকি দেখানো; প্রকৃত অবস্থা গোপন করে আড়ম্বর প্রদর্শন",खून खौलना,To feel extreme anger.,HIGH,False,bn-hi
2995,ঘরে-পরে,"ঘরের ভিতরে ও বাইরে, আপন-পর, দেশেবিদেশে, সর্বত্র",छोटा मुँह बड़ी बात,Talking beyond one's status.,HIGH,False,bn-hi
2998,ঘরের ইঁদুর বাঁশ কাটে,ঘরের লোক শত্রুতা করে,छोटा मुँह बड़ी बात,Talking beyond one's status.,HIGH,False,bn-hi
2999,ঘরের কথা,পরিবারের ও নিজপক্ষের অন্তরঙ্গ কথা,दीवारों के कान होना,Confidential matters may be overheard.,HIGH,False,bn-hi
3001,ঘরের খেয়ে বনের মোষ তাড়ানো,অকারণে অন্যের দায়িত্ব মাথায় নেওয়া,सांप भी मर जाए और लाठी भी न टूटे,Finding a solution that satisfies all parties without loss.,HIGH,False,bn-hi
3003,ঘরের ঢেঁকির কুমির হওয়া,আত্মীয়ের শত্রু হওয়া; প্রচ্ছন্ন শত্রু,छोटा मुँह बड़ी बात,Talking beyond one's status.,HIGH,False,bn-hi
3004,ঘরের লক্ষ্মী,"গৃহবধূ, স্ত্রী",आँखों का काँटा,A person who is disliked or irritating.,HIGH,False,bn-hi
3007,ঘরামির ঘর ছেঁদা,নিজের কাজে নজর নেই,छोटा मुँह बड़ी बात,Talking beyond one's status.,HIGH,False,bn-hi
3011,ঘষেমেজে সুন্দরী,নকল সুন্দরী,चार चाँद लगना,To enhance beauty or value.,HIGH,False,bn-hi
3013,ঘাঁতঘোঁত,"কাজের অনুকূল ফাঁক বা সুযোগ; কলকৌশল; গোপন তথ্য; সমার্থক-অন্ধিসন্ধি, ফাঁকফোকর, সুলুকসন্ধান",घर का भेदी लंका ढाए,An insider can cause downfall.,HIGH,False,bn-hi
3014,ঘা-কতক খাওয়া,কয়েকবার চড়চাপড় মারা,हाथ खड़े करना,To give up.,HIGH,False,bn-hi
3015,ঘা করা (খুঁচিয়ে),অনাবশ্যক অপ্রীতিকর পরিস্থিতি সৃষ্টি করা,आसमान सिर पर उठाना,To create a lot of noise or chaos.,HIGH,False,bn-hi
3019,ঘাগি,"অনেকবার শাস্তি পেয়েছে এমন, পুরানো পাপী, সুচতুর সেয়ানালোক",आँखों का काँटा,A person who is disliked or irritating.,HIGH,False,bn-hi
3022,ঘাট মানা,দোষত্রুটি স্বীকার করা; অপরাধ স্বীকার করে নত হওয়া; পরাজয় স্বীকার করা,छोटा मुँह बड़ी बात,Talking beyond one's status.,HIGH,False,bn-hi
3027,ঘাটের মড়া,তুচ্ছ অতিবৃদ্ধ বা বুদ্ধিলুপ্ত ব্যক্তি,आँखों का काँटा,A person who is disliked or irritating.,HIGH,False,bn-hi
3029,ঘাড় থেকে ভূত নামানো,অন্যায় আবদার থেকে বিরত করা,आसमान से गिरा खजूर में अटका,From bad to worse.,HIGH,False,bn-hi
3032,ঘাড় ধাক্কা দেওয়া,তাড়িয়ে দেওয়া বা বহিস্কার করা,नौ दो ग्यारह होना,To run away quickly.,HIGH,False,bn-hi
3033,ঘাড় নাড়া,হ্যাঁ বা না-সূচক ইঙ্গিত করা; সম্মতি বা অসম্মতি প্রকাশ করা,दिल का बोझ हल्का करना,To express feelings.,HIGH,False,bn-hi
3034,ঘাড় নাড়া,হ্যাঁ বা না-সূচক ইঙ্গিত করা; সম্মতি বা অসম্মতি প্রকাশ করা,दिल का बोझ हल्का करना,To express feelings.,HIGH,False,bn-hi
3035,ঘাড় পাতা,দায়িত্ব গ্রহণ করা বা গ্রহণে সম্মত হওয়া,दिल पर लेना,To take something personally.,HIGH,False,bn-hi
3036,ঘাড় ভাঙা,আপনস্বার্থে অন্যকে ব্যয়বহন করতে বাধ্য করা,छोटा मुँह बड़ी बात,Talking beyond one's status.,HIGH,False,bn-hi
3038,ঘাড় ভাঙা (পরের),পরের উপর জোর খাটিয়ে নিজের কার্যসাধন করা,छोटा मुँह बड़ी बात,Talking beyond one's status.,HIGH,False,bn-hi
3039,ঘাড়ভাঙ্গা খাটুনি,প্রাণান্তকর পরিশ্রম,खून पसीना एक करना,To work extremely hard.,HIGH,False,bn-hi
3040,ঘাড়ে নেওয়া,দায়িত্বভার গ্রহণ করা; দায় স্বীকার করা,दिल पर लेना,To take something personally.,HIGH,False,bn-hi
3041,ঘাড়ে গর্দানে,অত্যন্ত স্থুলব্যক্তি; মাথা ও স্কন্ধ আলাদা মনে হয় না এমন স্থুল,थक कर चूर होना,To be extremely tired.,HIGH,False,bn-hi
3042,ঘাড়ে চাপা,আশ্রয় করা; দায়িত্ব চাপা; পরের উপর নির্ভরশীল হওয়া; ভরণপোষণের জন্য অন্যের গলগ্রহ হওয়া,कान खड़े होना,To become alert.,HIGH,False,bn-hi
3044,ঘাড়ে দুটো মাথা থাকা,অত্যন্ত দুঃসাহসী হওয়া,थक कर चूर होना,To be extremely tired.,HIGH,False,bn-hi
3045,ঘাড়ে ভূত চাপা,দুষ্টবুদ্ধি মাথায় চাপা দেওয়া,रातों-रात बदल जाना,Sudden change.,HIGH,False,bn-hi
3047,ঘাতঘোত,ভারী বস্তু পড়ার ঘর্ঘর শব্দ,दिल पर पत्थर रखना,To control emotions with difficulty.,HIGH,False,bn-hi
3048,ঘাতের ভাই,অত্যন্ত স্বার্থপর; কাজ হাসিল করার জন্য ভাইসম্পর্ক গড়ে তোলা; ফন্দিবাজ; মতলববাজ,थक कर चूर होना,To be extremely tired.,HIGH,False,bn-hi
3049,ঘানি টানা,একটানা কঠিন শাস্তি ভোগ করা; খুব পরিশ্রম করা; কারাদণ্ড ভোগ করা,खून पसीना एक करना,To work extremely hard.,HIGH,False,bn-hi
3050,ঘানি পেষা,শ্রমসাধ্য কাজ করা; শ্রমসাধ্য কাজ করে দীর্ঘদিন চলা,पैर जमाना मुश्किल होना,Hard to establish oneself.,HIGH,False,bn-hi
3051,ঘানিতে জোড়া,দীর্ঘকাল পরিশ্রম করতে হবে বা দায় বহন করতে এমন কাজে নিয়োগ করা,सांप भी मर जाए और लाठी भी न टूटे,Finding a solution that satisfies all parties without loss.,HIGH,False,bn-hi
3052,ঘাপটি মারা,শিকারের অপেক্ষায় লুকিয়ে অবস্থান করা,तेल देखो तेल की धार देखो,Wait and observe carefully.,HIGH,False,bn-hi
3053,ঘাম ঝরানো,অত্যধিক পরিশ্রম হওয়া বা করা,पैर जमाना मुश्किल होना,Hard to establish oneself.,HIGH,False,bn-hi
3054,ঘাম দিয়ে জ্বর ছাড়া,"আশ্বস্ত হওয়া, উদ্বেগ-উৎকণ্ঠা থেকে স্বস্তি পাওয়া; বিপদ থেকে নিস্কৃতি; হাঁপ ছেড়ে বাঁচা",खून खौलना,To feel extreme anger.,HIGH,False,bn-hi
3055,ঘাস কাটা,অকাজ বা সামান্য কাজ করা,खून पसीना एक करना,To work extremely hard.,HIGH,False,bn-hi
3058,ঘিচিঘিচি,নৈকট্যের ভাবার্থে দ্বিত্বশব্দ; গায়েগায়ে লাগানো,खून खौलना,To feel extreme anger.,HIGH,False,bn-hi
3059,ঘিনঘিন করা,ঘেন্নার জন্য অস্বস্তি বোধ করা,खून खौलना,To feel extreme anger.,HIGH,False,bn-hi
3062,ঘিলু শুকিয়ে যাওয়া,চিন্তাশক্তি লোপ পাওয়া,सिर खपाना,To think hard.,HIGH,False,bn-hi
3065,ঘুঁটে পোড়ে গোবর হাসে,অন্যের বিপদে নিজেকে খুশী মনে করা,छोटा मुँह बड़ी बात,Talking beyond one's status.,HIGH,False,bn-hi
3066,ঘুঁটেকুড়ুনি,সহায়সম্বলহীনা নারী,सांप भी मर जाए और लाठी भी न टूटे,Finding a solution that satisfies all parties without loss.,HIGH,False,bn-hi
3067,ঘুঁটেকুড়ুনির ব্যাটার নাম চন্দনবিলাস,নেই-গুণের নামকরণের হাস্যকর প্রয়াস,हाथ खड़े करना,To give up.,HIGH,False,bn-hi
3070,ঘুঘু চরা,কারও সমূহ সর্বনাশ করা,रंग में भंग डालना,To ruin enjoyment.,HIGH,False,bn-hi
3071,ঘুঘু চরা (ভিটেয়),ধ্বংস করা; নির্বংশ হওয়ার গালিবিশেষ,रंग में भंग डालना,To ruin enjoyment.,HIGH,False,bn-hi
3072,ঘুঘু দেখেছ ফাঁদ দেখোনি,"ঘুঘু পাখির আনন্দে বিচরণই দেখছ, তার ফাঁদে পড়ার যন্ত্রণা দেখনি",कान पकड़ना,To promise not to repeat a mistake.,HIGH,False,bn-hi
3074,ঘুঘুর ফাঁদ,মহাবিপদ,खून खौलना,To feel extreme anger.,HIGH,False,bn-hi
3081,ঘুম কাতর,অনেকক্ষণ ঘুমাতে না পারলে কাতর হয় এমন,आँखों का काँटा,A person who is disliked or irritating.,HIGH,False,bn-hi
3083,ঘুমিয়ে থাকা,অজ্ঞ/অলস/অসতর্ক থাকা; কোনদিক না দেখা,कान पकड़ना,To promise not to repeat a mistake.,HIGH,False,bn-hi
3084,ঘুমেরে ঘুম পাড়ানো,ঘুম না হওয়া,कान पकड़ना,To promise not to repeat a mistake.,HIGH,False,bn-hi
3086,ঘুরঘুর করা,অকারণে ঘুরে বেড়ানো,सांप भी मर जाए और लाठी भी न टूटे,Finding a solution that satisfies all parties without loss.,HIGH,False,bn-hi
3087,ঘুরঘুরে ঘা,যে ক্ষত অনেকদিন ধরে শুকায় না,सांप भी मर जाए और लाठी भी न टूटे,Finding a solution that satisfies all parties without loss.,HIGH,False,bn-hi
3091,ঘুরা,পাক খাওয়া,खून खौलना,To feel extreme anger.,HIGH,False,bn-hi
3095,ঘুর্ণিপাক,যুগান্তরের প্রচণ্ড পরিবর্তন বা বিপ্লবের ঘূর্ণি,रंग बदलना,To change attitude quickly.,HIGH,False,bn-hi
3099,ঘেঁচু,"অবজ্ঞার্থে কিছু না, নিস্ফল প্রয়ত্ন",दिल पर पत्थर रखना,To control emotions with difficulty.,HIGH,False,bn-hi
3101,ঘেন্নাপিত্তি,প্রায় সমার্থক সহচরশব্দ; লজ্জা ও বিরাগ; লজ্জা হয়; লজ্জায় মাথা কাটা যায় এমন,सांप भी मर जाए और लाठी भी न टूटे,Finding a solution that satisfies all parties without loss.,HIGH,False,bn-hi
3103,ঘোঁট পাকানো,দল বেঁধে কুমন্ত্রণা করা/ বিরূপ সমালোচনা করা/ ষড়যন্ত্র করা; দলাদলি করা,आसमान सिर पर उठाना,To create a lot of noise or chaos.,HIGH,False,bn-hi
3104,ঘোড়দৌড় করানো,অত্যধিক দৌড়াদৌড়ি করিয়ে কাউকে হয়রান করা; নাকাল করা,दिल पर पत्थर रखना,To control emotions with difficulty.,HIGH,False,bn-hi
3106,ঘোড়া দেখে খোড়া হওয়া,আরাম পাবার সুযোগ পেলে আলসেমি করা,कान खड़े होना,To become alert.,HIGH,False,bn-hi
3107,ঘোড়া দেখে খোড়া হওয়া,আরাম পাবার সুযোগ পেলে আলসেমি করা,कान खड़े होना,To become alert.,HIGH,False,bn-hi
3108,ঘোড়ায় জিন দিয়ে আসা,অত্যন্ত ব্যতিব্যস্ত; তিলেকবিলম্বে অস্থিরতাভাব,थक कर चूर होना,To be extremely tired.,HIGH,False,bn-hi
3112,ঘোড়ার ডাক্তার,তুচ্ছার্থে ডাক্তার পদবাচ্য নয়,कान पकड़ना,To promise not to repeat a mistake.,HIGH,False,bn-hi
3115,ঘোড়েল,ধূর্তলোক,आँखों का काँटा,A person who is disliked or irritating.,HIGH,False,bn-hi
3117,ঘোমটার আড়ালে খেমটা নাচ,কুলবধুর বেশে অসতীর ব্যবহার,सांप भी मर जाए और लाठी भी न टूटे,Finding a solution that satisfies all parties without loss.,HIGH,False,bn-hi
3118,ঘোরকলি,সমাজে চরম অরাজকতা/পাপাচার চলছে,खून खौलना,To feel extreme anger.,HIGH,False,bn-hi
3122,ঘোল খাওয়া,কষ্টের ফেরে পড়া; জব্দ হওয়া; বিপদে পড়ে নাকাল হওয়া,मुँह की खाना,To face defeat.,HIGH,False,bn-hi
3123,ঘোল খাওয়ানো,জব্দ করা; বিপদে ফেলে নাকাল করা,नाक ऊँची करना,To make proud.,HIGH,False,bn-hi
3126,ঘোলা জলে মাছ ধরা,অব্যবস্থা বা এলোমেলো অবস্থার সুযোগ নিয়ে লাভবান হওয়া,दिल में जगह बनाना,To gain affection.,HIGH,False,bn-hi
3132,ঘ্যাম,অশালীন উঁচুদরের/মানের বিষয়,दीवारों के कान होना,Confidential matters may be overheard.,HIGH,False,bn-hi
3134,চকবন্দী জমি,সীমানা নির্ধারিত হয়েছে এমন জমি,दिल में चिंगारी होना,To have passion.,HIGH,False,bn-hi
3138,চকমা দেওয়া,ধোঁকা দেওয়া; প্রবঞ্চনা করা,आँखों में धूल झोंकना,To deceive someone.,HIGH,False,bn-hi
3142,চকোর,চাঁদের কিরণ পানে তৃপ্তি লাভ করে বলে কথিত পাখি বিশেষ,आसमान से गिरा खजूर में अटका,From bad to worse.,HIGH,False,bn-hi
3144,চক্কর মারা,একবার ঘুরে যাওয়া,दिल पर लेना,To take something personally.,HIGH,False,bn-hi
3147,চক্ষুকর্ণের বিবাদভঞ্জন,শোনা বিষয় চোখে দেখে নিঃসন্দেহ হওয়া; প্রত্যক্ষজ্ঞান,छोटा मुँह बड़ी बात,Talking beyond one's status.,HIGH,False,bn-hi
3148,চক্ষু খাওয়া,চোখ থাকতেও তার যথাযথ ব্যবহার না করা,दिल में चिंगारी होना,To have passion.,HIGH,False,bn-hi
3152,চক্ষু ছানাবড়া,অত্যন্ত বিস্ময়াপন্ন; ভয় বা বিস্ময়ের আধিক্যে চোখ বিস্ফারিত,थक कर चूर होना,To be extremely tired.,HIGH,False,bn-hi
3153,চক্ষু থেকেও অন্ধ,মূর্খ; ভালোমন্দ হিতাহিত উপলব্ধি করতে অক্ষম,आसमान से गिरा खजूर में अटका,From bad to worse.,HIGH,False,bn-hi
3155,চক্ষুবুজে মেনে নেওয়া,সম্পূর্ণ বিশ্বাস করা,सांप भी मर जाए और लाठी भी न टूटे,Finding a solution that satisfies all parties without loss.,HIGH,False,bn-hi
3156,চক্ষুলজ্জা,চোখে লজ্জাজনক ঠেকে এমন কিছু অপরের কাছে করতে বা বলতে কুণ্ঠা বা সংকোচ,सांप भी मर जाए और लाठी भी न टूटे,Finding a solution that satisfies all parties without loss.,HIGH,False,bn-hi
3157,চক্ষুলজ্জার মাথা খাওয়া,নির্লজ্জ হয়ে কিছু করা বা বলা,सांप भी मर जाए और लाठी भी न टूटे,Finding a solution that satisfies all parties without loss.,HIGH,False,bn-hi
3159,চক্ষুঃশুল,অত্যন্ত অপ্রিয় লোক; যাকে দেখলে বিরক্তি জন্মে বা এমনকিছু যা দেখতে ইচ্ছা হয় না,थक कर चूर होना,To be extremely tired.,HIGH,False,bn-hi
3160,চক্ষুষ্মান্,ভালোমন্দ উপলব্ধি করতে সমর্থ এমন ব্যক্তি; সত্য উপলব্ধিক্ষম; সত্যদ্রষ্টা,आसमान से गिरा खजूर में अटका,From bad to worse.,HIGH,False,bn-hi
3163,চক্ষে সরষে ফুল দেখা,ভীষণ বিপদে পড়ে হতবুদ্ধি,खून खौलना,To feel extreme anger.,HIGH,False,bn-hi
3164,চক্ষের পুত্তলি,অত্যন্ত আদরের বা স্নেহের পাত্র বা পাত্রী,थक कर चूर होना,To be extremely tired.,HIGH,False,bn-hi
3165,চচ্চড়ি পাকানো,পরিস্থিতি জটিল করে তোলা,पानी सिर से गुजरना,Situation getting out of control.,HIGH,False,bn-hi
3166,চটকা ভাঙা,নিদ্রালুভাব ছুটে যাওয়া; তন্দ্রাভাব দূর হওয়া,कान खड़े होना,To become alert.,HIGH,False,bn-hi
3167,চট-জলদি,কিছু না ভেবেচিন্তে; কোনরূপ দ্বিধা না করে,सांप भी मर जाए और लाठी भी न टूटे,Finding a solution that satisfies all parties without loss.,HIGH,False,bn-hi
3172,চটাচট,খুব তাড়াতাড়ি; অতিদ্রুত,थक कर चूर होना,To be extremely tired.,HIGH,False,bn-hi
3175,চটিতং,অত্যন্ত ক্রুদ্ধ; খুব রাগ হয়েছে এমন,थक कर चूर होना,To be extremely tired.,HIGH,False,bn-hi
3176,চড়কগাছ,বিদ্রুপে অতিরিক্ত রোগা এবং ঢ্যাঙ্গালোক,आँखों का काँटा,A person who is disliked or irritating.,HIGH,False,bn-hi
3178,চড়কের পিঠ,যে পিঠ সবই সহ্য করতে পারে,सांप भी मर जाए और लाठी भी न टूटे,Finding a solution that satisfies all parties without loss.,HIGH,False,bn-hi
3185,চড়ুই পাখির প্রাণ,ক্ষীণজীবী ব্যক্তি,दिल पर पत्थर रखना,To control emotions with difficulty.,HIGH,False,bn-hi
3188,চড়ুকে বাতিক,চড়কগাছে পাক খাওয়ার লোভে সন্ন্যাসী হওয়ার ইচ্ছা,कान खड़े होना,To become alert.,HIGH,False,bn-hi
3190,চণ্ড,উগ্রপ্রকৃতির লোক; দুর্বৃত্ত; পাষণ্ড,आँखों का काँटा,A person who is disliked or irritating.,HIGH,False,bn-hi
3193,চণ্ডাল,ক্রুর বা নিষ্ঠুর প্রকৃতির লোক,आँखों का काँटा,A person who is disliked or irritating.,HIGH,False,bn-hi
3195,চণ্ডীপাঠ থেকে জুতা সেলাই,সবরকম কাজ,सांप भी मर जाए और लाठी भी न टूटे,Finding a solution that satisfies all parties without loss.,HIGH,False,bn-hi
3196,চতুরচূড়ামণি,অত্যন্ত চালাক,थक कर चूर होना,To be extremely tired.,HIGH,False,bn-hi
3198,চতুরের ফতুর হওয়া,অতিচালাক সর্বশান্ত হওয়া,दाँत खट्टे करना,To defeat someone badly.,HIGH,False,bn-hi
3202,চতুর্দিক,সবদিক,सांप भी मर जाए और लाठी भी न टूटे,Finding a solution that satisfies all parties without loss.,HIGH,False,bn-hi
3203,চতুর্ভুজ,চৌকস; সর্বতোমুখী; সর্বগুণে গুণান্বিত,सांप भी मर जाए और लाठी भी न टूटे,Finding a solution that satisfies all parties without loss.,HIGH,False,bn-hi
3204,চতুর্ভুজা,খুবই করিতকর্মানারী,थक कर चूर होना,To be extremely tired.,HIGH,False,bn-hi
3214,চব্বিশ ঘণ্টা,অবিরাম; অনবরত; সবসময়; সারা দিনরাত,सांप भी मर जाए और लाठी भी न टूटे,Finding a solution that satisfies all parties without loss.,HIGH,False,bn-hi
3216,চমক ভাঙা,অন্যমনস্কতা হঠাৎ কেটে যাওয়া; হঠাৎ সচেতন হওয়া,पानी सिर से गुजरना,Situation getting out of control.,HIGH,False,bn-hi
3217,চম্পট দেওয়া,পলায়ন করা,नौ दो ग्यारह होना,To run away quickly.,HIGH,False,bn-hi
3218,চরকায় তেল দেওয়া,অন্যের ব্যাপারে নাক না গলিয়ে নিজের কাজে মন দেওয়া,सांप भी मर जाए और लाठी भी न टूटे,Finding a solution that satisfies all parties without loss.,HIGH,False,bn-hi
3219,চরকি খাওয়া,অবিরাম কাজ করা; অপ্রয়োজনে ঘুরে বেড়ানো,सांप भी मर जाए और लाठी भी न टूटे,Finding a solution that satisfies all parties without loss.,HIGH,False,bn-hi
3220,চরকি ঘোরানো,কাউকে অনর্থক ঘুরিয়ে হয়রান করা,नौ दो ग्यारह होना,To run away quickly.,HIGH,False,bn-hi
3228,চর্বণ করা,চিবিয়ে চিবিয়ে কথা বলা,कान में कहना,To speak secretly.,HIGH,False,bn-hi
3234,চলনসই,কাজ চালানো গোছের; মোটামুটি কাজ চলে যাবে; কোনোমতে কাজ চলতে পারে; মাঝামাঝি ধরনের,पानी सिर से गुजरना,Situation getting out of control.,HIGH,False,bn-hi
3235,চলচিত্ত চঞ্চরী,চঞ্চলা ভ্রামরী,आँखों का काँटा,A person who is disliked or irritating.,HIGH,False,bn-hi
3240,চলে আসা,স্থান পরিত্যাগ করা,आसमान से गिरा खजूर में अटका,From bad to worse.,HIGH,False,bn-hi
3244,চল্লিশে চল্লিশ বুদ্ধি,ভাগ্য ভালো থাকলে নানাউপায়ে কাজ সফল হয় অন্যথায় গণ্ডগোল,दाल गलना,To succeed in a plan.,HIGH,False,bn-hi
3246,চশমখোর,চক্ষুলজ্জাহীন; চোখের চামড়া নেই; নির্লজ্জ; সম্পূর্ণ বেহায়া,सांप भी मर जाए और लाठी भी न टूटे,Finding a solution that satisfies all parties without loss.,HIGH,False,bn-hi
3249,চাঁই,নেতা; মোড়ল; প্রধানব্যক্তি; বেশিদরের লোক,आँखों का काँटा,A person who is disliked or irritating.,HIGH,False,bn-hi
3250,চাঁচাছোলা,উপরের আবরণ বা ছাল উঠিয়ে ফেলা হয়েছে এমন,आसमान से गिरा खजूर में अटका,From bad to worse.,HIGH,False,bn-hi
3254,চাঁড়াল,"নিষ্ঠুর প্রকৃতির লোক, গালিবিশেষ",आँखों का काँटा,A person who is disliked or irritating.,HIGH,False,bn-hi
3256,চাঁদবদন,বিদ্রুপে অসুন্দর ব্যক্তি,आँखों का काँटा,A person who is disliked or irritating.,HIGH,False,bn-hi
3257,চাঁদ কপালে,কপাল অর্ধচন্দ্রের মত; কপালে অর্ধচন্দ্রের মত চিহ্নযুক্ত,दिल पर पत्थर रखना,To control emotions with difficulty.,HIGH,False,bn-hi
3259,চাঁদ হাতে দেওয়া,দুর্লভ বা প্রীতিপূর্ণ বস্তু হাতে দেওয়া,हाथ खड़े करना,To give up.,HIGH,False,bn-hi
3260,চাঁদি,ব্যঙ্গে রূপার টাকা,सांप भी मर जाए और लाठी भी न टूटे,Finding a solution that satisfies all parties without loss.,HIGH,False,bn-hi
3261,চাঁদিফাটা রৌদ্র,মাথার উপরিভাগ ফেটে যায় এমন প্রখর রৌদ্র,छोटा मुँह बड़ी बात,Talking beyond one's status.,HIGH,False,bn-hi
3263,চাঁদে কলঙ্ক,সর্বাঙ্গসুন্দর বস্তুর মধ্যে সামান্য কিছু দোষ,सांप भी मर जाए और लाठी भी न टूटे,Finding a solution that satisfies all parties without loss.,HIGH,False,bn-hi
3264,চাঁদের কণা,অতি আদরের শিশুসন্তান,थक कर चूर होना,To be extremely tired.,HIGH,False,bn-hi
3265,চাঁদের কাছে জোনাকি,অতি নগণ্য; তুলনা চলে না এমন,थक कर चूर होना,To be extremely tired.,HIGH,False,bn-hi
3266,চাঁদের দিকে হাত বাড়ানো,ক্ষমতার বাইরে প্রত্যাশা করা,छोटा मुँह बड़ी बात,Talking beyond one's status.,HIGH,False,bn-hi
3269,চাই কী,হয়তঃ বা সম্ভবত,आँखों का काँटा,A person who is disliked or irritating.,HIGH,False,bn-hi
3273,চাকরি-বাকরি,কাজকর্ম; চাকরি বা ঐ ধরণের জীবিকা; জীবিকার সংস্থান,खून पसीना एक करना,To work extremely hard.,HIGH,False,bn-hi
3274,চাকরি মেঘের ছায়া,এই আছে এই নেই- এমন; অত্যন্ত অনির্ভরশীল আশ্রয়,थक कर चूर होना,To be extremely tired.,HIGH,False,bn-hi
3275,চাক্কি পেষা,কঠোর পরিশ্রম করা,पैर जमाना मुश्किल होना,Hard to establish oneself.,HIGH,False,bn-hi
3276,চাগাড় দেওয়া,উত্তেজিত হয়ে ওঠা; প্রবলভাব ধারণ করা,कान खड़े होना,To become alert.,HIGH,False,bn-hi
3280,চাটাইয়ে শুয়ে লাখ টাকা স্বপ্ন দেখা,মাত্রারিক্ত আশা করা,दिल में चिंगारी होना,To have passion.,HIGH,False,bn-hi
3282,চাটিবাটি করা/তোলা,ভিটেমাটি থেকে উৎখাত করা; ভিটেমাটি ছেড়ে চলে যাওয়া,छोटा मुँह बड़ी बात,Talking beyond one's status.,HIGH,False,bn-hi
3283,চাটুবাদ,পরের সন্তুষ্টির জন্য অনুচিত প্রিয়বাক্য বলা; নিজের স্বার্থসিদ্ধির জন্য পরের অতিরিক্ত প্রশংসা করা; খোসামোদ; তোষামোদ,छोटा मुँह बड़ी बात,Talking beyond one's status.,HIGH,False,bn-hi
3284,চাট্টিখানি,অল্পপরিমাণ,तिनके का सहारा,A small help in a difficult situation.,HIGH,False,bn-hi
3285,চাপ পড়লে বাপ,সঙ্কটে পড়ে বাপ বাপ বলা,पानी सिर से गुजरना,Situation getting out of control.,HIGH,False,bn-hi
3290,চাপা পড়া,আলোচনায় না আসা,कान पकड़ना,To promise not to repeat a mistake.,HIGH,False,bn-hi
3294,চামচিকের লাথি,নগণ্য ব্যক্তির কটূক্তি/দুর্ব্যবহার,आसमान से गिरा खजूर में अटका,From bad to worse.,HIGH,False,bn-hi
3295,চামার,অত্যন্ত কৃপণ প্রকৃতির লোক,थक कर चूर होना,To be extremely tired.,HIGH,False,bn-hi
3296,চামুণ্ডা,উগ্রস্বভাবা রমণী,दिल पर पत्थर रखना,To control emotions with difficulty.,HIGH,False,bn-hi
3298,চারচক্ষু খোলা,চারিদিকে সতর্ক দৃষ্টি,सांप भी मर जाए और लाठी भी न टूटे,Finding a solution that satisfies all parties without loss.,HIGH,False,bn-hi
3299,চারচক্ষু খোলা,চারিদিকে সতর্ক দৃষ্টি,सांप भी मर जाए और लाठी भी न टूटे,Finding a solution that satisfies all parties without loss.,HIGH,False,bn-hi
3304,চারটিখানি,অল্প পরিমাণ; যৎসামান্য,तिनके का सहारा,A small help in a difficult situation.,HIGH,False,bn-hi
3306,চারদিক,চতুষ্পার্শ্ব; সবদিক,सांप भी मर जाए और लाठी भी न टूटे,Finding a solution that satisfies all parties without loss.,HIGH,False,bn-hi
3308,চারপেয়ে,অবিবেকী; মূঢ়; পশু-প্রকৃতির মানুষ,दिल पर पत्थर रखना,To control emotions with difficulty.,HIGH,False,bn-hi
3309,চারভিত্তি,"এদিক-সেদিক; চারদিক, পাশ",सांप भी मर जाए और लाठी भी न टूटे,Finding a solution that satisfies all parties without loss.,HIGH,False,bn-hi
3320,চাল-চিঁড়ে বেঁধে যাওয়া,প্রয়োজনীয় সবকিছু সঙ্গেনিয়ে দূরবর্তীস্থানে যাওয়া,सांप भी मर जाए और लाठी भी न टूटे,Finding a solution that satisfies all parties without loss.,HIGH,False,bn-hi
3321,চালচিত্র,বর্তমানপরিস্থিতির রূপরেখা,पानी सिर से गुजरना,Situation getting out of control.,HIGH,False,bn-hi
3324,চালচুলোহীন,আহার-বাসস্থানের সংস্থান নেই এমন; নিস্ব; নিঃসম্বল; নিঃসহায়; নিরাশ্রয়,सांप भी मर जाए और लाठी भी न टूटे,Finding a solution that satisfies all parties without loss.,HIGH,False,bn-hi
3325,চালচূলো নেই,বৃত্তিহীন বেকার যার ঠিকানা ও বৃত্তি নেই,सांप भी मर जाए और लाठी भी न टूटे,Finding a solution that satisfies all parties without loss.,HIGH,False,bn-hi
3327,চালবাজ,ধোঁকাবাজ; বড়বড় কথা বলে; মিথ্যা বড়াইকারী; মিথ্যা জাঁক করে এমন,आँखों का काँटा,A person who is disliked or irritating.,HIGH,False,bn-hi
3328,চাল বাড়ানো,জীবনযাত্রার আড়ম্বর বাড়ানো; সংসারের খরচ বাড়ানো,छोटा मुँह बड़ी बात,Talking beyond one's status.,HIGH,False,bn-hi
3329,চাল বিগড়ানো,অধঃপাতে যাওয়া,रंग में भंग डालना,To ruin enjoyment.,HIGH,False,bn-hi
3331,চাল মারা,মিথ্যা জাঁক দেখানো; মিথ্যা বড়াই করা; প্রতারণা করা; ফাঁকি দেওয়া,आँखें तरेरना,To show anger.,HIGH,False,bn-hi
3335,চালাচালি,সহচরশব্দ; পরস্পর আদানপ্রদান; দেওয়া-নেওয়া,हाथ खड़े करना,To give up.,HIGH,False,bn-hi
3337,চালুমাল,বাজারে কাটতি আছে এমন পণ্য,सांप भी मर जाए और लाठी भी न टूटे,Finding a solution that satisfies all parties without loss.,HIGH,False,bn-hi
3338,চাষবাস,কৃষিকাজ করে জীবনধারণ,खून पसीना एक करना,To work extremely hard.,HIGH,False,bn-hi
3339,চাষাভুষো,গ্রাম্য অশিক্ষিত লোক,आँखों का काँटा,A person who is disliked or irritating.,HIGH,False,bn-hi
3340,চিঁ চিঁ করা,দুর্বলতাজনিত ক্ষীণ আর্তনাদ ক্ষীণকণ্ঠে বেদনা প্রকাশ করা,दिल का बोझ हल्का करना,To express feelings.,HIGH,False,bn-hi
3341,চিঁড়ে কাঁচকলা সম্পর্ক,এই দুটি একসাথে ব্যবহৃত হয় না; উভয়ের মধ্যে সদ্ভাব নেই; চিরবৈরীতা,कान पकड़ना,To promise not to repeat a mistake.,HIGH,False,bn-hi
3343,চিড়ের বাইশ ফের,সরল জিনিস কঠিন করা,तिनके का सहारा,A small help in a difficult situation.,HIGH,False,bn-hi
3348,চিচিং-ফাঁক,গুপ্ত বিষয় উন্মেচিত/প্রকাশিত,दीवारों के कान होना,Confidential matters may be overheard.,HIGH,False,bn-hi
3349,চিজ,"বিদ্রূপে ধান্ধাবাজ, ধূর্তলোক",आँखों का काँटा,A person who is disliked or irritating.,HIGH,False,bn-hi
3354,চিড়া-কাঁচকলায় সম্পর্ক,এই দুটি একসাথে ব্যবহৃত হয় না; উভয়ের মধ্যে সদ্ভাব নেই,कान पकड़ना,To promise not to repeat a mistake.,HIGH,False,bn-hi
3359,চিৎপটাং,"সম্পূর্ণ চিৎ হয়ে পতন, ঊর্ধ্বমুখ হয়ে পতিত",छोटा मुँह बड़ी बात,Talking beyond one's status.,HIGH,False,bn-hi
3360,চিতচোর,প্রেমিক; মনকে যে হরণ করেছে,आँखों का काँटा,A person who is disliked or irritating.,HIGH,False,bn-hi
3368,চিত্রবিচিত্র,নানারঙের নকশাযুক্ত,दिल पर पत्थर रखना,To control emotions with difficulty.,HIGH,False,bn-hi
3369,চিত্রিণী,চারপ্রকার নারীর দ্বিতীয়প্রকার; মধ্যম-আকৃতির নারী যাদের মুখে মৃদুহাসি লেগেই থাকে এবং চলনে অস্থিরতা দেখায় না,आँखों का काँटा,A person who is disliked or irritating.,HIGH,False,bn-hi
3372,চিনির পুতুল,যা জল পড়লেই গলে যায়,सांप भी मर जाए और लाठी भी न टूटे,Finding a solution that satisfies all parties without loss.,HIGH,False,bn-hi
3373,চিনির বলদ,ভারবাহী কিন্তু ফলভোগী নয়; অপরের সমৃদ্ধির জন্য খেটেমরা ব্যক্তি,आँखों का काँटा,A person who is disliked or irritating.,HIGH,False,bn-hi
3374,ছিনে জোঁক,নাছোড়বান্দা,आँखों का काँटा,A person who is disliked or irritating.,HIGH,False,bn-hi
3377,চিপটান,মাঝে মাঝে নীচুস্বরে উচ্চারিত চিমটি কাটার মত জ্বালা ধরা উক্তি,सांप भी मर जाए और लाठी भी न टूटे,Finding a solution that satisfies all parties without loss.,HIGH,False,bn-hi
3378,চিপটান কাটা,বিদ্রূপ করা; ব্যঙ্গ করে মন্তব্য করা,नाक ऊँची करना,To make proud.,HIGH,False,bn-hi
3379,চিবিয়ে চিবিয়ে কথা বলা,কথা অস্পষ্টভাবে বা গুজগুজ করে বলা,कान में कहना,To speak secretly.,HIGH,False,bn-hi
3380,চিমটি কাটা,হালকা করে চিপটানো বা পিঞ্চ করা,हाथ खड़े करना,To give up.,HIGH,False,bn-hi
3381,চিমড়ে,অত্যন্ত রোগাটে কিন্তু শক্ত পাকানো,थक कर चूर होना,To be extremely tired.,HIGH,False,bn-hi
3382,চিমড়া,শুকনো চামড়ার মত শক্ত,पैर जमाना मुश्किल होना,Hard to establish oneself.,HIGH,False,bn-hi
3383,চিরকুট,ছোট টুকরা কাগজ,तिनके का सहारा,A small help in a difficult situation.,HIGH,False,bn-hi
3385,চিরাচরিত,অতি প্রাচীনকাল থেকে চলে আসছে এমন,सांप भी मर जाए और लाठी भी न टूटे,Finding a solution that satisfies all parties without loss.,HIGH,False,bn-hi
3388,চিল চিৎকার,তারস্বরে চিল্লানো,छोटा मुँह बड़ी बात,Talking beyond one's status.,HIGH,False,bn-hi
3389,চিলকে বিল দেখানো,ঘরে বিপদ ডেকে আনা,छोटा मुँह बड़ी बात,Talking beyond one's status.,HIGH,False,bn-hi
3390,চিলের ছোঁয়া,আচমকা লুন্ঠন,रातों-रात बदल जाना,Sudden change.,HIGH,False,bn-hi
3391,চিল্লাচিল্লি,বহুলোকের একত্র চিৎকার; হট্টগোল,आसमान से गिरा खजूर में अटका,From bad to worse.,HIGH,False,bn-hi
3392,চীজ,প্রশংসার্থে মহার্থ বা মূল্যবান বস্তু বা সামগ্রী,बंदर क्या जाने अदरक का,Someone is unaware of the value or significance of something.,HIGH,False,bn-hi
3393,চীনে জোঁক,"নাছোড়বান্দা, যে অভীষ্ট লাভ না করে ছাড়তে চায় না",आँखों का काँटा,A person who is disliked or irritating.,HIGH,False,bn-hi
3394,চুঁইচুঁই,"আগুনে জ্বাল, ক্ষুধা, জলশোষণ ইত্যাদির মতো মৃদু অনুভূতি সূচক দ্বিত্বশব্দ",आसमान से गिरा खजूर में अटका,From bad to worse.,HIGH,False,bn-hi
3397,চুকচুক,ধ্বন্যাত্মক দ্বিত্বশব্দ; জিভ দিয়ে ধীরেধীরে চা খাওয়ার কোমল শব্দ,दिल पर पत्थर रखना,To control emotions with difficulty.,HIGH,False,bn-hi
3401,চুটকি সাহিত্য,সরলভাষায় অতি অল্পকথায় লিখিত সরসসাহিত্য,दिल पर पत्थर रखना,To control emotions with difficulty.,HIGH,False,bn-hi
3405,চুনোপুঁটি,ছোটছোট মাছ,तिनके का सहारा,A small help in a difficult situation.,HIGH,False,bn-hi
3406,চুনাপুঁটি,অল্পপুঁজির লোক,दिल पर पत्थर रखना,To control emotions with difficulty.,HIGH,False,bn-hi
3407,চুন্নি,যে নারী চুরি করে,आँखों का काँटा,A person who is disliked or irritating.,HIGH,False,bn-hi
3411,চুপচাপ মারা,হঠাৎ সম্পূর্ণ নীরব হয়ে যাওয়া,साँप सूँघ जाना,To become silent suddenly.,HIGH,False,bn-hi
3412,চুপিচুপি,অনুচ্চস্বরে; অন্যের অগোচরে বা অজ্ঞাতসারে; কোন সাড়াশব্দ না করে; চুপ থেকে এবং আকার ইঙ্গিতে; প্রায় নিঃশব্দে; সমার্থক-ফিসফিস করে,सांप भी मर जाए और लाठी भी न टूटे,Finding a solution that satisfies all parties without loss.,HIGH,False,bn-hi
3413,চুমকুড়ি,গাড়োয়ানের পরিচিত সংকেতমূলক আওয়াজ যা গরু চেনে,सांप भी मर जाए और लाठी भी न टूटे,Finding a solution that satisfies all parties without loss.,HIGH,False,bn-hi
3414,চুমরানো,মিষ্টিকথায় ভুলানো; পিঠে হাতবুলিয়ে কাজ উদ্ধার,आँखों में धूल झोंकना,To deceive someone.,HIGH,False,bn-hi
3416,চুয়াড়,নিষ্ঠুর প্রকৃতির লোক,दिल पर पत्थर रखना,To control emotions with difficulty.,HIGH,False,bn-hi
3420,চুরি করে শোনা,অন্যের অলক্ষ্যে বা গোপনে শোনা,सांप भी मर जाए और लाठी भी न टूटे,Finding a solution that satisfies all parties without loss.,HIGH,False,bn-hi
3423,চুলকে ঘা করা,ইচ্ছা করে নিজের বিপদ ডেকে আনা,छोटा मुँह बड़ी बात,Talking beyond one's status.,HIGH,False,bn-hi
3424,চুলচেরা,সূক্ষ্মাতিসূক্ষ্মভাগ,थक कर चूर होना,To be extremely tired.,HIGH,False,bn-hi
3425,চুল পাকানো,বৃদ্ধ হওয়া,कान खड़े होना,To become alert.,HIGH,False,bn-hi
3426,চুলবুল করা,অস্থিরভাব প্রকাশ করা; উসখুস করা; চঞ্চল হওয়া; ছটফট করা,दिल का बोझ हल्का करना,To express feelings.,HIGH,False,bn-hi
3428,চুলোভোগী,ঘাটের মড়া,आसमान से गिरा खजूर में अटका,From bad to worse.,HIGH,False,bn-hi
3430,চূড়ামণি,গুণে-শ্রেষ্ঠ বা প্রধান ব্যক্তি,आँखों का काँटा,A person who is disliked or irritating.,HIGH,False,bn-hi
3432,চূড়ার ওপর ময়ূরপাখা,"অতিরিক্ত সাজসজ্জা; আদিখ্যেতা, ভড়ংসর্বস্ব",सांप भी मर जाए और लाठी भी न टूटे,Finding a solution that satisfies all parties without loss.,HIGH,False,bn-hi
3438,চেনাশোনা,একার্থক সহচরশব্দ; পরস্পরের পরিচিত,दिल पर पत्थर रखना,To control emotions with difficulty.,HIGH,False,bn-hi
3439,চেপে ধরা,বিশেষভাবে অনুরোধ বা পীড়াপীড়ি করা,नाक ऊँची करना,To make proud.,HIGH,False,bn-hi
3440,চেপে যাওয়া,কিছু না বলে চুপ থাকা,सांप भी मर जाए और लाठी भी न टूटे,Finding a solution that satisfies all parties without loss.,HIGH,False,bn-hi
3441,চেপে বসা,উঠতে না দেওয়া,कान पकड़ना,To promise not to repeat a mistake.,HIGH,False,bn-hi
3442,চেয়ে চিন্তে,অপরের সাহায্য নিয়ে,तिनके का सहारा,A small help in a difficult situation.,HIGH,False,bn-hi
3443,চেয়েচিন্তে,নিজের ভালমন্দ বিবেচনা করে,छोटा मुँह बड़ी बात,Talking beyond one's status.,HIGH,False,bn-hi
3444,চ্যালাচামুণ্ডা,অনুচবৃন্দসহ দুষ্টলোক; দুষ্ট স্বভাবযুক্ত অনুগামীরা; সাধুসন্ন্যাসী ও তার ভক্তবৃন্দ,दिल पर पत्थर रखना,To control emotions with difficulty.,HIGH,False,bn-hi
3446,চৈতন,টিকি; সমার্থক সহচরশব্দ,तिनके का सहारा,A small help in a difficult situation.,HIGH,False,bn-hi
3448,চোঁচাঁ,অতিদ্রুততার সঙ্গে; অন্য কোন দিকে না তাকিয়ে,सांप भी मर जाए और लाठी भी न टूटे,Finding a solution that satisfies all parties without loss.,HIGH,False,bn-hi
3450,চোখ উল্টানো,অকৃতজ্ঞতার ভাব প্রকাশ করা,दिल का बोझ हल्का करना,To express feelings.,HIGH,False,bn-hi
3451,চোখ এড়ানো,কারো নজর না হওয়া,नज़रबंद करना,To restrict someone's freedom.,HIGH,False,bn-hi
3454,চোখ কান বুজে থাকা,না দেখা না শোনা,कान पकड़ना,To promise not to repeat a mistake.,HIGH,False,bn-hi
3459,চোখ গরম করা,চোখ আরক্ত/লাল করা,नाक ऊँची करना,To make proud.,HIGH,False,bn-hi
3460,চোখ ঘুরানো,চারদিকে ক্রুদ্ধ দৃষ্টি নিক্ষেপ করা; রাগে তাকানো,सांप भी मर जाए और लाठी भी न टूटे,Finding a solution that satisfies all parties without loss.,HIGH,False,bn-hi
3461,চোখ চড়কগাছে ওঠা,বিস্ময়ে চক্ষু বিস্ফোরিত হওয়া,पानी सिर से गुजरना,Situation getting out of control.,HIGH,False,bn-hi
3464,চোখ জ্বলে ওঠা,"আনন্দ, ক্রোধ, লোভ ইত্যাদি কারণে চোখ দীপ্ত হওয়া",दिल पर पत्थर रखना,To control emotions with difficulty.,HIGH,False,bn-hi
3466,চোখ টানানো,অন্যের সুখ সইতে না পারা; অন্যের শ্রীবৃদ্ধিতে ঈর্ষান্বিত হওয়া; হিংসা করা,खून खौलना,To feel extreme anger.,HIGH,False,bn-hi
3467,চোখ টেপা,চোখ দিয়ে ইঙ্গিত করা,दिल पर पत्थर रखना,To control emotions with difficulty.,HIGH,False,bn-hi
3469,চোখ ঠারা,চোখ কুঁচকে ইসারা করা; ইঙ্গিতে প্রবোধ দেওয়া,हाथ खड़े करना,To give up.,HIGH,False,bn-hi
3470,চোখ তুলে তাকানো,"বিরুদ্ধাচারণ করা, মোকাবিলা করা, সাহস করা",आँखें तरेरना,To show anger.,HIGH,False,bn-hi
3472,চোখ দেওয়া,কুনজর দেওয়া; লোভ করা,कलेजा ठंडा होना,To feel satisfied after revenge.,HIGH,False,bn-hi
3473,চোখ দেখানো,ক্রুদ্ধ হওয়া; গরম নেওয়া; ধমকানো; রাগ দেখানো,कान खड़े होना,To become alert.,HIGH,False,bn-hi
3474,চোখ পড়া,অসাধু উদ্দেশ্যে নজরে আসা; নজরে পড়ায় রীতি বিরুদ্ধ কিছু করার জন্য প্ররোচিত হওয়া,दिल पर पत्थर रखना,To control emotions with difficulty.,HIGH,False,bn-hi
3475,চোখ পড়া,অসাধু উদ্দেশ্যে নজরে আসা; নজরে পড়ায় রীতি বিরুদ্ধ কিছু করার জন্য প্ররোচিত হওয়া,दिल पर पत्थर रखना,To control emotions with difficulty.,HIGH,False,bn-hi
3476,চোখ পাকানো,ক্রুদ্ধ হওয়া; গরম নেওয়া; ধমকানো; রাগ দেখানো,कान खड़े होना,To become alert.,HIGH,False,bn-hi
3477,চোখ ফিরিয়ে থাকা,নজর না দেওয়া,आँखें फेर लेना,To ignore or abandon.,HIGH,False,bn-hi
3478,চোখ ফোটা,জন্মের পর প্রথম চোখের পাতা খোলা,कलेजा ठंडा होना,To feel satisfied after revenge.,HIGH,False,bn-hi
3479,চোখ ফোটা,জন্মের পর প্রথম চোখের পাতা খোলা,कलेजा ठंडा होना,To feel satisfied after revenge.,HIGH,False,bn-hi
3481,চোখ বুজে থাকা,আমলে না আনা,आँखें फेर लेना,To ignore or abandon.,HIGH,False,bn-hi
3483,চোখ বোজা,আমলে না আনা,कान पकड़ना,To promise not to repeat a mistake.,HIGH,False,bn-hi
3485,চোখ মটকানো,চোখের ইঙ্গিত বা ইশারা করা,दिल पर पत्थर रखना,To control emotions with difficulty.,HIGH,False,bn-hi
3487,চোখ মারা,একচোখ বুজে অশ্লীল ইঙ্গিত করা,दिल पर पत्थर रखना,To control emotions with difficulty.,HIGH,False,bn-hi
3489,চোখ রাঙানো,ক্রোধে চোখ লাল করা,आँखें तरेरना,To show anger.,HIGH,False,bn-hi
3490,চোখ লাল করা,রাগ দেখানো,आँखें तरेरना,To show anger.,HIGH,False,bn-hi
3491,চোখ লুকানো,সামনে না যাওয়া,मुँह की खाना,To face defeat.,HIGH,False,bn-hi
3492,সাদা চোখ,অনাবিল বা স্বাভাবিক দৃষ্টি; নেশায় বা কুসংস্কারে আচ্ছন্ন নয়,कान पकड़ना,To promise not to repeat a mistake.,HIGH,False,bn-hi
3494,চোখা কথা,মর্মভেদী কথা,सांप भी मर जाए और लाठी भी न टूटे,Finding a solution that satisfies all parties without loss.,HIGH,False,bn-hi
3498,চোখাবুদ্ধি,তলিয়ে বুঝতে পারে এমন,घर का भेदी लंका ढाए,An insider can cause downfall.,HIGH,False,bn-hi
3500,চোখালোক,চৌখস বা তুখোড় লোক,आँखों का काँटा,A person who is disliked or irritating.,HIGH,False,bn-hi
3501,চোখে অন্ধকার দেখা,বিপদে দিশেহারা হয়ে পড়া,कान खड़े होना,To become alert.,HIGH,False,bn-hi
3502,চোখে আঙ্গুল দিয়ে দেখানো,প্রমাণ দিয়ে স্পষ্টভাবে বোঝানো,नाक ऊँची करना,To make proud.,HIGH,False,bn-hi
3503,চোখে চশমা ঘরময় খোঁজা,আপনভোলা বা ঢিলেঢালা লোক,आँखों का काँटा,A person who is disliked or irritating.,HIGH,False,bn-hi
3504,চোখে চশমা ঘরময় খোঁজা,আপনভোলা বা ঢিলেঢালা লোক,आँखों का काँटा,A person who is disliked or irritating.,HIGH,False,bn-hi
3505,চোখে চোখ রেখে কথা বলা,চোখ তুলে তাকানোর অনুরূপ,कान में कहना,To speak secretly.,HIGH,False,bn-hi
3506,চোখে চোখে কথা,ইঙ্গিতে বা ইসারায় কথা,सांप भी मर जाए और लाठी भी न टूटे,Finding a solution that satisfies all parties without loss.,HIGH,False,bn-hi
3507,চোখে চোখে রাখা,নজরে রাখা; দৃষ্টির বাইরে যেতে না দেওয়া; সতর্ক নজরদারি করা,पानी सिर से गुजरना,Situation getting out of control.,HIGH,False,bn-hi
3510,চোখে ঠুলি পরা,কিছু দেখতে না চাওয়া/দেওয়া/পাওয়া,आँखें फेर लेना,To ignore or abandon.,HIGH,False,bn-hi
3512,চোখে ধরা,পছন্দ হওয়া,रास्ता निकालना,To find a solution.,HIGH,False,bn-hi
3513,চোখে ধূলা দেওয়া,প্রকৃত তথ্য গোপন করে ফাঁকি দেওয়া,आँखों में धूल झोंकना,To deceive someone.,HIGH,False,bn-hi
3514,চোখে ধূলা দেওয়া,প্রকৃত তথ্য গোপন করে ফাঁকি দেওয়া,आँखों में धूल झोंकना,To deceive someone.,HIGH,False,bn-hi
3516,চোখে পড়া,নজরে আসা,छोटा मुँह बड़ी बात,Talking beyond one's status.,HIGH,False,bn-hi
3520,চোখে লাগা,পছন্দ হওয়া,छोटा मुँह बड़ी बात,Talking beyond one's status.,HIGH,False,bn-hi
3521,চোখে লাগা,পছন্দ হওয়া,छोटा मुँह बड़ी बात,Talking beyond one's status.,HIGH,False,bn-hi
3523,চোখে সাঁতার পানি,অতিরিক্ত মায়া কান্না,आसमान से गिरा खजूर में अटका,From bad to worse.,HIGH,False,bn-hi
3524,চোখের চামড়া,অন্যের দৃষ্টিতে লজ্জাজনক মনে হয় এমন কিছু করতে সঙ্কোচবোধ করা; লজ্জা সঙ্কোচ,सांप भी मर जाए और लाठी भी न टूटे,Finding a solution that satisfies all parties without loss.,HIGH,False,bn-hi
3525,চোখের জলে নাকের জলে,বিপর্যস্ত অবস্থা; ভোগান্তির একশেষ,खून खौलना,To feel extreme anger.,HIGH,False,bn-hi
3526,চোখের তারা,অতি আদরের সন্তান,थक कर चूर होना,To be extremely tired.,HIGH,False,bn-hi
3527,চোখের দেখা,"শুধু পলকের জন্য বা কিছুক্ষণের জন্য দেখা, কোন কথা নয়",सांप भी मर जाए और लाठी भी न टूटे,Finding a solution that satisfies all parties without loss.,HIGH,False,bn-hi
3528,চোখের দেখা দেখা,শুধু দর্শনসুখ লাভ করা; আলাপ করা বা সঙ্গ সুখ লাভ করা নয়,सांप भी मर जाए और लाठी भी न टूटे,Finding a solution that satisfies all parties without loss.,HIGH,False,bn-hi
3529,চোখের নেশা,কেবল দেখার উৎকট বাতিক বা মোহ,दिल पर पत्थर रखना,To control emotions with difficulty.,HIGH,False,bn-hi
3536,চোখের মণি,অত্যন্ত প্রিয়জন,थक कर चूर होना,To be extremely tired.,HIGH,False,bn-hi
3539,চোটপাট করা,"ক্রোধ প্রকাশ করা; তিরস্কার করা, ধমকানো, রাগ দেখানো",आँखें तरेरना,To show anger.,HIGH,False,bn-hi
3540,চৌদ্দচাকার রথ দেখানো,মুশকিলে ফেলা,तिनके का सहारा,A small help in a difficult situation.,HIGH,False,bn-hi
3544,চোদ্দপোয়া হওয়া,সর্বাঙ্গ বিস্তার করে শুয়ে পড়া; হাত-পা ছড়িয়ে সটান হয়ে শোয়া,दिल पर पत्थर रखना,To control emotions with difficulty.,HIGH,False,bn-hi
3547,চোপা,মুখ; মুখমণ্ডল,मुँह की खाना,To face defeat.,HIGH,False,bn-hi
3548,চোয়াল ভাঙ্গা শব্দ,উচ্চারণ করা যায় না এমন শব্দ,तिनके का सहारा,A small help in a difficult situation.,HIGH,False,bn-hi
3549,চোয়াল শক্ত করা,দৃঢ়প্রতিজ্ঞ হওয়া,कान खड़े होना,To become alert.,HIGH,False,bn-hi
3552,চোর ধরতে চোরকে লাগানো,জটিল কাজ সফলভাবে সম্পাদনের জন্য অনুরূপ দক্ষতাসম্পন্ন ব্যক্তির সাহায্য নেওয়া,दिल पर पत्थर रखना,To control emotions with difficulty.,HIGH,False,bn-hi
3553,চোর পালালে বুদ্ধি বাড়ে,ঘটনা ঘটার পর অভিজ্ঞতায় বুদ্ধি খোলে,कलेजा ठंडा होना,To feel satisfied after revenge.,HIGH,False,bn-hi
3560,চোরাগর্ত,নজরে পড়ে না এমন গর্ত,सांप भी मर जाए और लाठी भी न टूटे,Finding a solution that satisfies all parties without loss.,HIGH,False,bn-hi
3569,চোরের উপর বাটপাড়ি,চোরের কাছ থেকে চোরাইমাল চুরি; চোরের সঙ্গে প্রতাড়না; ঠগকে ঠকানো,आसमान से गिरा खजूर में अटका,From bad to worse.,HIGH,False,bn-hi
3570,চোরের ধন বাটপাড়ে খায়,অসৎ উপায়ে অর্জিত ধন ভোগে আসে না,कान पकड़ना,To promise not to repeat a mistake.,HIGH,False,bn-hi
3572,চোরের মায়ের বড় গলা,অসতের হম্বিতম্বি; অতি অসৎব্যক্তির অতিরিক্ত সাধুতার ভান,थक कर चूर होना,To be extremely tired.,HIGH,False,bn-hi
3573,চোরের মার বড় গলা,নিজে অসৎ তা ভালোভাবে জেনেও অন্যের উপর চোটপাট,छोटा मुँह बड़ी बात,Talking beyond one's status.,HIGH,False,bn-hi
3575,চৌকশ,চালাকচতুর; সবকাজে দক্ষ; সবদিকে নজর আছে এমন,सांप भी मर जाए और लाठी भी न टूटे,Finding a solution that satisfies all parties without loss.,HIGH,False,bn-hi
3576,চৌকা গর্তে গোল পেরেক,যে ব্যক্তি খুবই অনভ্যস্ত বা অস্বস্তিকর অবস্থায় পড়েছে,आँखों का काँटा,A person who is disliked or irritating.,HIGH,False,bn-hi
3577,চৌকাঠ না মাড়ানো,সম্পর্ক না রাখা; সম্পর্ক ছিন্ন করা; সংস্পর্শে না আসা,कान पकड़ना,To promise not to repeat a mistake.,HIGH,False,bn-hi
3578,চৌঘরি মাত দেখানো,বিষম সঙ্কটে ফেলা,पानी सिर से गुजरना,Situation getting out of control.,HIGH,False,bn-hi
3580,চৌপাট,"ধ্বংস, নষ্ট",रंग में भंग डालना,To ruin enjoyment.,HIGH,False,bn-hi
3581,চৌপর,চারপ্রহর; সারাদিন,सांप भी मर जाए और लाठी भी न टूटे,Finding a solution that satisfies all parties without loss.,HIGH,False,bn-hi
3582,চৌপল,চারপার্শ্বদেশবিশিষ্ট,सांप भी मर जाए और लाठी भी न टूटे,Finding a solution that satisfies all parties without loss.,HIGH,False,bn-hi
3587,চ্যাঙদোলা,শববাহী খাটিয়া; শবের মতো বয়ে নিয়ে যাওয়া,नौ दो ग्यारह होना,To run away quickly.,HIGH,False,bn-hi
3590,চ্যাচাঁমেচি,একাধিক লোকের একসঙ্গে চিৎকার বা হট্টগোল,आसमान से गिरा खजूर में अटका,From bad to worse.,HIGH,False,bn-hi
3592,ছক কাটা,পরিকল্পনা বা ষড়যন্ত্র করা,नाक ऊँची करना,To make proud.,HIGH,False,bn-hi
3597,ছকে দেওয়া,কাজের খসড়া বানিয়ে দেওয়া; কাজের পদ্ধতি স্থির করে দেওয়া,पाँव जमाना,To establish oneself.,HIGH,False,bn-hi
3602,ছড়ানো-ছিটানো,একার্থক যুগ্মশব্দ; ছত্রাকারে চারিদিকে ছড়ানো; বিক্ষিপ্ত/বিশৃঙ্খলভাবে ইতঃস্তত ছড়িয়ে আছে এমন,सांप भी मर जाए और लाठी भी न टूटे,Finding a solution that satisfies all parties without loss.,HIGH,False,bn-hi
3603,ছড়ি ঘোরানো,খবরদারি/দাদাগিরি/মাতব্বরি/হম্বিতম্বি করা,आँखें तरेरना,To show anger.,HIGH,False,bn-hi
3604,ছত্রখান,খোলা ছাতার শিকের মত চারদিকে বা দূরেদূরে বিক্ষিপ্ত/বিস্তৃত,सांप भी मर जाए और लाठी भी न टूटे,Finding a solution that satisfies all parties without loss.,HIGH,False,bn-hi
3611,ছনছন,সর্দি জ্বরজ্বর ভাব-ঈষৎ অসুস্থতা ইত্যাদি প্রকাশক দ্বিত্বশব্দ,दिल बाग-बाग होना,Feeling extremely happy.,HIGH,False,bn-hi
3613,ছন্দপতন,অবাঞ্ছিত আকস্মিক উপস্থিতি,सांप भी मर जाए और लाठी भी न टूटे,Finding a solution that satisfies all parties without loss.,HIGH,False,bn-hi
3615,ছন্নছাড়া,আশ্রয়হীন,सांप भी मर जाए और लाठी भी न टूटे,Finding a solution that satisfies all parties without loss.,HIGH,False,bn-hi
3616,ছপ্পর ফুঁড়ে,অপ্রত্যাশিতভাবে; আশাতীতভাবে,छोटा मुँह बड़ी बात,Talking beyond one's status.,HIGH,False,bn-hi
3620,"ছয়কে নয়, নয়কে ছয় করা",সম্পূর্ণ বিপরীত কাজ করা বা কথা বলা,जुबान फिसलना,To say something unintentionally.,HIGH,False,bn-hi
3621,ছয়লাপ,পরিপূর্ণ; যেভাবে ছেয়েছে তাতে চলাফেরা করার জায়গা নেই,सांप भी मर जाए और लाठी भी न टूटे,Finding a solution that satisfies all parties without loss.,HIGH,False,bn-hi
3622,ছরকট,অতি অগোছালো অবস্থা; ছড়াছড়ি; বিশৃঙ্খল,थक कर चूर होना,To be extremely tired.,HIGH,False,bn-hi
3627,ছল ধরা,কথার খুঁত বা দোষ বার করা,नज़रबंद करना,To restrict someone's freedom.,HIGH,False,bn-hi
3632,ছাঁকা তেলে ভাজা,ঝাঁঝরি দিয়ে ছেঁকে তোলা যায় এমন বেশি তেলে ভাজা,सांप भी मर जाए और लाठी भी न टूटे,Finding a solution that satisfies all parties without loss.,HIGH,False,bn-hi
3635,ছাঁদনদড়ি,"অবিচ্ছেদ্য বন্ধন, বিশেষত বিবাহ বা গৃহস্থালীর দায়িত্ব যা থেকে মুক্তি পাওয়া কঠিন",सांप भी मर जाए और लाठी भी न टूटे,Finding a solution that satisfies all parties without loss.,HIGH,False,bn-hi
3636,ছাঁদনদড়ি বাহুলতা,দৃঢ় আলিঙ্গন; বাহুবেষ্টন,धरना देना,To stand firm on an issue.,HIGH,False,bn-hi
3638,ছাঁদা বাঁধা,নিমন্ত্রিত ব্যক্তি ভোজনশেষে যে খাদ্যবস্তু পুটুলি বেঁধে নিয়ে যায়,सांप भी मर जाए और लाठी भी न टूटे,Finding a solution that satisfies all parties without loss.,HIGH,False,bn-hi
3643,ছাই চাপা আগুন,অব্যক্ত ক্রোধ বা মর্মবেদনা যা অন্তরে বিদ্যমান কিন্তু বাইরে প্রকাশিত হয় না; শোক যা মনে থেকে যায় কিন্তু প্রকাশ পায় না এবং দূর হয় না,सांप भी मर जाए और लाठी भी न टूटे,Finding a solution that satisfies all parties without loss.,HIGH,False,bn-hi
3644,ছাই চাপা কপাল,অপ্রকাশিত ভাগ্য যা খুলতে পারে এমন কপাল,सांप भी मर जाए और लाठी भी न टूटे,Finding a solution that satisfies all parties without loss.,HIGH,False,bn-hi
3647,ছাই ফেলতে ভাঙা কুলো,নগণ্য/যা-তা কাজের জন্য অবহেলিত/সামান্য ব্যক্তির প্রয়োজনীয়তা; অকাজের জন্য অপদার্থ নিয়োগ,आँखों का काँटा,A person who is disliked or irritating.,HIGH,False,bn-hi
3650,ছাগল দিয়ে চাষ করা,অযোগ্যলোককে দিয়ে ভারী কাজ করানো,आँखों का काँटा,A person who is disliked or irritating.,HIGH,False,bn-hi
3658,ছাড়াছাড়ি,প্রায় সমার্থক শব্দদ্বয়; পরস্পর থেকে সম্পূর্ণ বিচ্ছিন্ন,आसमान से गिरा खजूर में अटका,From bad to worse.,HIGH,False,bn-hi
3661,ছাতা ধরা,আশ্রয় দেওয়া; সাহায্য করা,तिनके का सहारा,A small help in a difficult situation.,HIGH,False,bn-hi
3662,ছাতারে পাখি,যারা কেবল ঝগড়া করে বেড়ায়,आँखों का काँटा,A person who is disliked or irritating.,HIGH,False,bn-hi
3665,ছাতি ফোলানো,গর্ব করা; শক্তিমত্তা জাহির করা,आँखें तरेरना,To show anger.,HIGH,False,bn-hi
3668,ছাতুখোর,অকিঞ্চিৎকর ভোজনকারী,आँखों का काँटा,A person who is disliked or irritating.,HIGH,False,bn-hi
3669,ছাতুর হাঁড়িতে বাড়ি পড়া,নিমেষে সব লণ্ডভণ্ড হওয়া,पानी सिर से गुजरना,Situation getting out of control.,HIGH,False,bn-hi
3672,ছাপাছাপি,তথ্য গোপন করা; সকলের কাছে লুকিয়ে রাখা,आसमान से गिरा खजूर में अटका,From bad to worse.,HIGH,False,bn-hi
3673,ছাপোষা,নিরীহ দরিদ্রব্যক্তি,आँखों का काँटा,A person who is disliked or irritating.,HIGH,False,bn-hi
3674,ছাপোষা কেরানী,পোষ্য ভারাক্রান্ত মধ্যবিত্ত,दिल पर पत्थर रखना,To control emotions with difficulty.,HIGH,False,bn-hi
3677,ছায়া মাড়ানো,কাছে আসা বা না আসা; সংস্পর্শে আসা বা না আসা; কোনরকম সংশ্রব রাখা বা না রাখা,कान पकड़ना,To promise not to repeat a mistake.,HIGH,False,bn-hi
3682,ছারপোকা,নগণ্য বা হীন ব্যক্তি,आँखों का काँटा,A person who is disliked or irritating.,HIGH,False,bn-hi
3685,ছাল নেই কুত্তা নাম তার বাঘা,নেই-গুণযুক্ত ব্যক্তির নামকরণের হাস্যকর প্রয়াস,हाथ खड़े करना,To give up.,HIGH,False,bn-hi
3688,ছিঁচকে চোর,ছোটখাটো জিনিস চুরি করে; হাতের কাছে যা পায় তাই চুরি করে এমন চোর,तिनके का सहारा,A small help in a difficult situation.,HIGH,False,bn-hi
3689,ছিঁচকাঁদুনে,অল্পতেই কান্নাকাটি করে এমন,आँखों का काँटा,A person who is disliked or irritating.,HIGH,False,bn-hi
3692,ছিছি করা,ধিক্কার দেওয়া; নিন্দা করা,दिल का बोझ हल्का करना,To express feelings.,HIGH,False,bn-hi
3693,ছিকলি কাটা টিয়ে,অধীনতামুক্ত সত্তা; স্বাধীন মনোভাবাপন্ন ব্যক্তি,दिल पर पत्थर रखना,To control emotions with difficulty.,HIGH,False,bn-hi
3695,ছিটকে পড়া,ছড়িয়ে ছিটিয়ে পড়া,पानी सिर से गुजरना,Situation getting out of control.,HIGH,False,bn-hi
3696,ছিটেফোঁটা,একার্থক যুগ্মশব্দ; অতি সামান্য পরিমাণ; কণামাত্র,थक कर चूर होना,To be extremely tired.,HIGH,False,bn-hi
3699,ছিদ্রদর্শী,পরের দোষত্রুটি খুঁজে বেড়ায় এমন,आँखों का काँटा,A person who is disliked or irritating.,HIGH,False,bn-hi
3703,ছিন্নভিন্ন,ছিঁড়েখুঁড়ে একাকার করা হয়েছে এমন; সম্পূর্ণভাবে ধ্বংসপ্রাপ্ত বা বিশৃঙ্খল,रंग में भंग डालना,To ruin enjoyment.,HIGH,False,bn-hi
3704,ছিন্নমূল,ভিটেমাটি থেকে উৎখাত হয়েছে এমন পরিবার,आसमान से गिरा खजूर में अटका,From bad to worse.,HIGH,False,bn-hi
3707,ছিমছাম,"সহচরশব্দ; আতিশয্যবর্জিত কিন্তু শোভন, সুচারু ও সুন্দর",आसमान से गिरा खजूर में अटका,From bad to worse.,HIGH,False,bn-hi
3710,ছুঁচিবাই,অঙ্গশুদ্ধি নিয়ে বায়ুরোগগ্রস্ততা; ছুঁলে শুচিতা নষ্ট হবে এমন বাতিক,सांप भी मर जाए और लाठी भी न टूटे,Finding a solution that satisfies all parties without loss.,HIGH,False,bn-hi
3713,ছুঁচো মেরে হাত গন্ধ,তুচ্ছব্যক্তিকে শাস্তি দিয়ে অখ্যাতি লাভ করা,आँखों का काँटा,A person who is disliked or irritating.,HIGH,False,bn-hi
3721,ছুটকারা,তুচ্ছ বা ছোটখাটো বিষয়সমূহ,दीवारों के कान होना,Confidential matters may be overheard.,HIGH,False,bn-hi
3725,ছুটমুখ,আজেবাজে বা শক্ত কথা বলতে যার আটকায় না,आँखों का काँटा,A person who is disliked or irritating.,HIGH,False,bn-hi
3727,ছুপা রুস্তম,সুপ্তপ্রতিভাসম্পন্ন; বোঝা যায় না কিন্তু অনেক গুণ ধরে এমন ব্যক্তি,आँखों का काँटा,A person who is disliked or irritating.,HIGH,False,bn-hi
3728,গলায় ছুরি দেওয়া/চালানো,বিশালমাপে ঠকানো; সমূহ সর্বনাশ করা,रंग में भंग डालना,To ruin enjoyment.,HIGH,False,bn-hi
3729,ছেঁকে ধরা,ঘিরে ধরা; চারদিক থেকে অনেকে মিলে ব্যতিব্যস্ত করা,सांप भी मर जाए और लाठी भी न टूटे,Finding a solution that satisfies all parties without loss.,HIGH,False,bn-hi
3730,ছেঁচড়,নির্লজ্জ; নীচপ্রকৃতির লোক; বেহায়া,आँखों का काँटा,A person who is disliked or irritating.,HIGH,False,bn-hi
3742,ছেড়ে দিয়ে তেড়ে ধরা,প্রথমে ঢিলে দিয়ে পরে চেপে ধরা,दिल पर पत्थर रखना,To control emotions with difficulty.,HIGH,False,bn-hi
3743,ছেড়ে মা কেঁদে বাঁচি,তুচ্ছ বন্ধন যন্ত্রণা ইত্যাদি থেকে মুক্তির আকুতি,आसमान से गिरा खजूर में अटका,From bad to worse.,HIGH,False,bn-hi
3747,ছেলে-ভুলানো,যাতে কেবল শিশুরাই ভোলে বা আকৃষ্ট হয় তেমন কিছু,सांप भी मर जाए और लाठी भी न टूटे,Finding a solution that satisfies all parties without loss.,HIGH,False,bn-hi
3751,ছোঁ মারা,হঠাৎ কেড়ে নেবার চেষ্টা করা,नौ दो ग्यारह होना,To run away quickly.,HIGH,False,bn-hi
3753,ছোঁকছোঁক করা,খাওয়ার জন্য ব্যগ্রতা প্রকাশ করা,दिल का बोझ हल्का करना,To express feelings.,HIGH,False,bn-hi
3754,ছোঁচা,অত্যন্ত খাদ্যলোভী,थक कर चूर होना,To be extremely tired.,HIGH,False,bn-hi
3755,ছোঁয়াছুঁয়ি,পরস্পর স্পর্শ; অস্পৃশ্য বস্তু বা ব্যক্তির সঙ্গে সংস্পর্শ; স্পর্শদোষ,दिल पर पत्थर रखना,To control emotions with difficulty.,HIGH,False,bn-hi
3756,ছোকরা,তুচ্ছার্থে-অপরিণতবুদ্ধির নব্যযুবক,दिल पर पत्थर रखना,To control emotions with difficulty.,HIGH,False,bn-hi
3757,ছোটখাটো,ক্ষুদ্রায়তন; স্বল্পায়তন; মোটামুটি ক্ষুদ্র আকার,तिनके का सहारा,A small help in a difficult situation.,HIGH,False,bn-hi
3763,ছোট মুখ,শিশু,बंदर क्या जाने अदरक का,Someone is unaware of the value or significance of something.,HIGH,False,bn-hi
3764,ছোটমুখ,সঙ্কুচিত মুখ,मुँह की खाना,To face defeat.,HIGH,False,bn-hi
3765,ছোটমুখে বড় কথা,অবস্থার পক্ষে অশোভন উক্তি; অবস্থার অতীত উক্তি,छोटा मुँह बड़ी बात,Talking beyond one's status.,HIGH,False,bn-hi
3766,ছোটমোট,ছোটখাটো বা তুচ্ছ বিষয়সমূহ,दीवारों के कान होना,Confidential matters may be overheard.,HIGH,False,bn-hi
3767,ছোটলোক,অভদ্র ব্যক্তি; নীচু জাত; হীন মানসিকতার লোক; সঙ্কীর্ণ চেতা,दिल पर पत्थर रखना,To control emotions with difficulty.,HIGH,False,bn-hi
3770,ছোটাছুটি,অতিশয় ব্যস্ততা বা আতঙ্কসূচক সহচরশব্দ,खून खौलना,To feel extreme anger.,HIGH,False,bn-hi
3771,ছোবল মারা,নখ/দাঁত দিয়ে বিদ্ধ করা,दिल पर पत्थर रखना,To control emotions with difficulty.,HIGH,False,bn-hi
3773,ছ্যাঁচড়,দেনা সহজে শোধ করতে চায় না এমন,आँखों का काँटा,A person who is disliked or irritating.,HIGH,False,bn-hi
3774,ছ্যাঁচড়া,নীচপ্রকৃতির লোক,आँखों का काँटा,A person who is disliked or irritating.,HIGH,False,bn-hi
3776,ছ্যা ছ্যা করা,ধিক্কার জানানো; নিন্দা করা,दिल का बोझ हल्का करना,To express feelings.,HIGH,False,bn-hi
3780,জগদ্দল,অতি গুরুভার পাথর/পাষাণ/শিলা; নড়ানো যায় না এমন দুস্কর,थक कर चूर होना,To be extremely tired.,HIGH,False,bn-hi
3785,জগাখিচুড়ি পাকানো,কোন বিষয় জটিল করে তোলা; গোলমাল বাধানো; বিশৃঙখলা সৃষ্টি করা,आसमान सिर पर उठाना,To create a lot of noise or chaos.,HIGH,False,bn-hi
3786,জঙলা,সুন্দরবনের বাঘ,आसमान से गिरा खजूर में अटका,From bad to worse.,HIGH,False,bn-hi
3788,জট পাকানো,জটিলতা সৃষ্টি করা; তালগোল পাকিয়ে জটিলতা সৃষ্টি হওয়া,आसमान सिर पर उठाना,To create a lot of noise or chaos.,HIGH,False,bn-hi
3789,জটিলা-কুটিলা,"কুটবুদ্ধিসম্পন্না, কুঁদুলী, বধূদের দোষ ধরতে নিপুণা; বধুগঞ্জনাকারী কলহপরায়ণা শাশুড়ী-ননদ",सांप भी मर जाए और लाठी भी न टूटे,Finding a solution that satisfies all parties without loss.,HIGH,False,bn-hi
3790,জটেবুড়ি,শিশুদের ভয় দেখানোর জন্য কল্পিত জটাধারণী পিশাচী মূর্তি,दिल पर पत्थर रखना,To control emotions with difficulty.,HIGH,False,bn-hi
3794,জড়পদার্থ,নিশ্চেষ্ট ব্যক্তি,आँखों का काँटा,A person who is disliked or irritating.,HIGH,False,bn-hi
3795,জড়পুত্তলি,"স্থবির, স্থূলবুদ্ধি ও জড়মনোভাবাপন্ন লোক",आँखों का काँटा,A person who is disliked or irritating.,HIGH,False,bn-hi
3796,জড়ভরত,"অকর্মণ্য, নিস্ক্রিয়, নিরুদ্দম, জড়বুদ্ধিসম্পন্ন ব্যক্তি",दिल पर पत्थर रखना,To control emotions with difficulty.,HIGH,False,bn-hi
3798,জড়িপটি খাওয়া,চলতে চলতে পা জড়িয়ে যাওয়া,दिल पर पत्थर रखना,To control emotions with difficulty.,HIGH,False,bn-hi
3799,জড়িবুটি,গাছের শিকড় ও ছাল থেকে তৈরী টোটকা ওষুধের বড়ি,आसमान से गिरा खजूर में अटका,From bad to worse.,HIGH,False,bn-hi
3800,জতুগৃহ,সহজদাহ্য ঘরবাড়ী; যেকোন সময় আগুন লেগে ধ্বংস হতে পারে এমন,सांप भी मर जाए और लाठी भी न टूटे,Finding a solution that satisfies all parties without loss.,HIGH,False,bn-hi
3801,জনক-জননী-জননী,পিতামাতাদের জন্মদাত্রী জন্মভূমি-ধরিত্রী,सांप भी मर जाए और लाठी भी न टूटे,Finding a solution that satisfies all parties without loss.,HIGH,False,bn-hi
3805,জনপ্রাণি,একজনও মানুষ বা প্রাণি,आँखों का काँटा,A person who is disliked or irritating.,HIGH,False,bn-hi
3808,জনমানবশূন্য,একজনও মানুষ,आँखों का काँटा,A person who is disliked or irritating.,HIGH,False,bn-hi
3809,জনশ্রুতি,কিংবদন্তি; গুজব; লোকের মুখেমুখে রটে যাওয়া কথা,सांप भी मर जाए और लाठी भी न टूटे,Finding a solution that satisfies all parties without loss.,HIGH,False,bn-hi
3810,জনসমক্ষে নোংরা কাপড় কাচা,অন্তরঙ্গ পারিবারিক বিষয় জনসমক্ষে আলোচনা করা যা উচিত নয়,दीवारों के कान होना,Confidential matters may be overheard.,HIGH,False,bn-hi
3811,জনসমক্ষে নোংরা কাপড় কাচা,অন্তরঙ্গ পারিবারিক বিষয় জনসমক্ষে আলোচনা করা যা উচিত নয়,दीवारों के कान होना,Confidential matters may be overheard.,HIGH,False,bn-hi
3812,জনাকতক,গোণা কয়েক জন,तिनके का सहारा,A small help in a difficult situation.,HIGH,False,bn-hi
3815,জনে-জনে,প্রতিজনকে ভাবার্থে দ্বিত্বশব্দ; এক এক করে; প্রত্যেককে,आँखों का काँटा,A person who is disliked or irritating.,HIGH,False,bn-hi
3821,জপানো,"ক্রমাগত পরামর্শ দিয়ে কার্যোদ্ধারের চেষ্টা করা, ফুসলানো",हाथ धोकर पीछे पड़ना,To be persistently after someone.,HIGH,False,bn-hi
3824,জপমালা,নিত্যস্মরণীয় বিষয়বস্তু,छोटा मुँह बड़ी बात,Talking beyond one's status.,HIGH,False,bn-hi
3826,জবরদস্ত,"দুর্দান্ত, অত্যন্ত বলবান",थक कर चूर होना,To be extremely tired.,HIGH,False,bn-hi
3828,জবাই,ধ্বংস; নাশ,रंग में भंग डालना,To ruin enjoyment.,HIGH,False,bn-hi
3836,জমি নেওয়া,কুস্তির সময়ে কুস্তিগিরের উপুড় হয়ে জমি আঁকড়ে ধরা,छोटा मुँह बड़ी बात,Talking beyond one's status.,HIGH,False,bn-hi
3838,জম্পেশ,অতিশয় উপভোগ্য; খুব জমিয়ে করা কাজ,थक कर चूर होना,To be extremely tired.,HIGH,False,bn-hi
3839,জম্বুক,"শিয়ালের মতো ধূর্ত লোক, গালি বিশেষ",आँखों का काँटा,A person who is disliked or irritating.,HIGH,False,bn-hi
3840,জয়কেতু,স্বার্থসিদ্ধির জন্য সবসময় বিজয়ীর পক্ষে থাকা; খোসামুদে,दिल पर पत्थर रखना,To control emotions with difficulty.,HIGH,False,bn-hi
3842,জরাগ্রস্ত বৃষ,"বয়স্ক, অকর্মণ্য বা অকেজো ব্যক্তি যে আর কোনো কাজে লাগে না",आँखों का काँटा,A person who is disliked or irritating.,HIGH,False,bn-hi
3844,জল উঁচু জল নিচু,তোষামুদ্রা; মন রাখার কথা; স্তুতিবাদ,दिल खुश करना,To please someone.,HIGH,False,bn-hi
3845,জল খাওয়া (ডুবে ডুবে),অন্যের অজ্ঞাতসারে গোপনে অন্যায় কাজ করা,सांप भी मर जाए और लाठी भी न टूटे,Finding a solution that satisfies all parties without loss.,HIGH,False,bn-hi
3848,জল গলে না,অতি কৃপণতা,खून खौलना,To feel extreme anger.,HIGH,False,bn-hi
3850,জল ঘোলা করা,অস্বস্তিকর অবস্থা সৃষ্টি করা,आसमान सिर पर उठाना,To create a lot of noise or chaos.,HIGH,False,bn-hi
3851,জলচল,যার ছোঁয়া জল খেতে বাধা নেই,कान पकड़ना,To promise not to repeat a mistake.,HIGH,False,bn-hi
3852,জলছাড়া কুমির,অনভ্যস্ত যায়গায় অসহায় ব্যক্তি,आँखों का काँटा,A person who is disliked or irritating.,HIGH,False,bn-hi
3853,জলজ্যান্ত,"অত্যন্ত স্পষ্ট, খাঁটি, টাটকা, তরতাজা, নির্ভেজাল, বিশুদ্ধ ইত্যাদি",थक कर चूर होना,To be extremely tired.,HIGH,False,bn-hi
3861,জল দিয়ে জল বার করা,শত্রুর সাহায্যে শত্রুনিধন করা,तिनके का सहारा,A small help in a difficult situation.,HIGH,False,bn-hi
3878,জল হওয়া,গলে যাওয়া,कान खड़े होना,To become alert.,HIGH,False,bn-hi
3881,জলাঞ্জলি,কোনো কিছু সম্পূর্ণভাবে ত্যাগ বা পরিত্যাগ করা,हाथ खड़े करना,To give up.,HIGH,False,bn-hi
3883,জলে কুমির ডাঙায় বাঘ,উভয়সংকট; প্রাণঘাতী; দুদিকেই বিপদ; সমতুল্য,सांप भी मर जाए और लाठी भी न टूटे,Finding a solution that satisfies all parties without loss.,HIGH,False,bn-hi
3888,জলে ফেলা,অপচয় করা; নষ্ট করা,रंग में भंग डालना,To ruin enjoyment.,HIGH,False,bn-hi
3892,জলের দাম,অতি সস্তাদর,थक कर चूर होना,To be extremely tired.,HIGH,False,bn-hi
3894,জলের মাছ ভাঙায়,যে ব্যক্তি খুবই অনভ্যস্ত বা অস্বস্তিকর অবস্থায় পড়েছে,आँखों का काँटा,A person who is disliked or irritating.,HIGH,False,bn-hi
3896,জল্লাদ,অতি নির্মম নিষ্ঠুর ব্যক্তি,थक कर चूर होना,To be extremely tired.,HIGH,False,bn-hi
3897,জহুরি,যে আসল/ভালো জিনিস চেনে; গুণগ্রাহী ব্যক্তি,आँखों का काँटा,A person who is disliked or irritating.,HIGH,False,bn-hi
3899,জাঁকজমক,আড়ম্বর ও উদ্যমের সাথে কাজ,दिल पर पत्थर रखना,To control emotions with difficulty.,HIGH,False,bn-hi
3901,জাঁহাবাজ,প্রশংসার্থে বহুগুণসম্পন্ন ব্যক্তি,दिल पर पत्थर रखना,To control emotions with difficulty.,HIGH,False,bn-hi
3903,জাতক্রোধ,ক্রোধ জন্মেছে এমন,सांप भी मर जाए और लाठी भी न टूटे,Finding a solution that satisfies all parties without loss.,HIGH,False,bn-hi
3904,জাত খাওয়া,"জাতি, ধর্ম বা সতীত্ব নষ্ট করা",छोटा मुँह बड़ी बात,Talking beyond one's status.,HIGH,False,bn-hi
3910,জাত মারা,"জাত খাওয়া বা খোয়ানোর অনুরূপ, অর্থাৎ সমাজে লজ্জা বা অপমানিত হওয়া",छोटा मुँह बड़ी बात,Talking beyond one's status.,HIGH,False,bn-hi
3911,জাতশত্রু,উৎপন্ন বা জাত হয়েছে যে শত্রুতা; যার অনেক শত্রু জন্মেছে,आँखों का काँटा,A person who is disliked or irritating.,HIGH,False,bn-hi
3914,জাতিস্মর,পূর্বজন্মের ঘটনাসমূহ স্মরণ থাকা,आसमान से गिरा खजूर में अटका,From bad to worse.,HIGH,False,bn-hi
3916,জাতে ঠেলা,সমাজচ্যুত করা; স্বজাতির নিকট হেয় প্রতিপন্ন করা,छोटा मुँह बड़ी बात,Talking beyond one's status.,HIGH,False,bn-hi
3917,জাত্যভিমান,উচ্চবংশের অহঙ্কার,आसमान से गिरा खजूर में अटका,From bad to worse.,HIGH,False,bn-hi
3919,জান কবুল,প্রাণপণ চেষ্টা; প্রাণ দিতেও প্রস্তুত এমন,छोटा मुँह बड़ी बात,Talking beyond one's status.,HIGH,False,bn-hi
3920,জান কয়লা,প্রচণ্ড ক্লেশে জীবন বিপর্যস্ত,खून खौलना,To feel extreme anger.,HIGH,False,bn-hi
3923,জানান দেওয়া,অবগত করানো; আগের থেকে জানিয়ে রাখা; আভাসে ইঙ্গিত করা; খবর দেওয়া; সতর্ক করা,नाक ऊँची करना,To make proud.,HIGH,False,bn-hi
3926,জানেমন,জীবনসাথী; প্রিয়তমা; প্রেয়সী নারী; বধুর প্রতি প্রিয় সম্ভাষণ,छोटा मुँह बड़ी बात,Talking beyond one's status.,HIGH,False,bn-hi
3927,জানোয়ার,"অসভ্য, বর্বর, মনুষ্যত্বহীন ব্যক্তি- গালিবিশেষ",आँखों का काँटा,A person who is disliked or irritating.,HIGH,False,bn-hi
3928,জান্নাতবাসী,পরলোকগত,नौ दो ग्यारह होना,To run away quickly.,HIGH,False,bn-hi
3931,জামাই-আদর,প্রচুর আদরযত্ন; উৎকৃষ্ট ও ভূরিভোজনে সমাদর,दिल पर पत्थर रखना,To control emotions with difficulty.,HIGH,False,bn-hi
3937,জায়াজীবী,স্ত্রীর রোজগারে বসে খায় এমন ব্যক্তি,आँखों का काँटा,A person who is disliked or irritating.,HIGH,False,bn-hi
3940,জাল গুটানো,কর্মক্ষেত্রের পরিধি সঙ্কুচিত করা,छोटा मुँह बड़ी बात,Talking beyond one's status.,HIGH,False,bn-hi
3941,জাল ছেঁড়া,বিপদ থেকে উদ্ধার পাওয়া,बाल-बाल बचना,To narrowly escape danger.,HIGH,False,bn-hi
3942,জালছেঁড়া মাছ,দুর্ধর্ষ লোক,आँखों का काँटा,A person who is disliked or irritating.,HIGH,False,bn-hi
3946,জালিবোট,জাহাজের সঙ্গে বাঁধা ছোট নৌকা,तिनके का सहारा,A small help in a difficult situation.,HIGH,False,bn-hi
3947,জালিয়াত,অন্যের অবিকল নকলকারী,आँखों का काँटा,A person who is disliked or irritating.,HIGH,False,bn-hi
3948,জালিম,জুলুমকারী; নিষ্ঠুর প্রকৃতির লোক,आँखों का काँटा,A person who is disliked or irritating.,HIGH,False,bn-hi
3949,জালে জড়ানো,ফ্যাসাদে বা ঝঞ্ঝাট-ঝামেলায় জড়িয়ে পড়া,पानी सिर से गुजरना,Situation getting out of control.,HIGH,False,bn-hi
3954,জাহাজের কাছে জালিবোট,বড়র সঙ্গে ছোটর তুলনা; সমতুল্য নয়,तिनके का सहारा,A small help in a difficult situation.,HIGH,False,bn-hi
3957,জাহান্নমে যাওয়া,অধঃপাতে যাওয়া; দুশ্চরিত্র হওয়া,कान खड़े होना,To become alert.,HIGH,False,bn-hi
3965,জিগির তোলা,বিশেষ জোর দিয়ে বলা; দাবীর স্বপক্ষে জোরে আওয়াজ তোলা; শোরগোল করা; স্লোগান দেওয়া,आसमान सिर पर उठाना,To create a lot of noise or chaos.,HIGH,False,bn-hi
3966,জিতাক্ষর,দুর্বোধ্য হস্তাক্ষর পাঠে দক্ষব্যক্তি,तिनके का सहारा,A small help in a difficult situation.,HIGH,False,bn-hi
3967,জিভ কাটা,অপ্রতিভ হওয়া; দাঁত দিয়ে জিভ চেপে ধরে লজ্জা প্রকাশ করা,छोटा मुँह बड़ी बात,Talking beyond one's status.,HIGH,False,bn-hi
3968,জিভ বন্ধ রাখা,সব দেখেশুনে কিছু না বলা,साँप सूँघ जाना,To become silent suddenly.,HIGH,False,bn-hi
3969,জিভ বার করা,ভেংচি কাটা,नाक ऊँची करना,To make proud.,HIGH,False,bn-hi
3970,জিভ বার হওয়া,প্রাণান্তকর পরিশ্রমে ক্লান্ত হওয়া,कान खड़े होना,To become alert.,HIGH,False,bn-hi
3971,জিভ সেলাই করা,নিশ্চুপ থাকা,साँप सूँघ जाना,To become silent suddenly.,HIGH,False,bn-hi
3972,জিভ সেলাই করা,নিশ্চুপ থাকা,साँप सूँघ जाना,To become silent suddenly.,HIGH,False,bn-hi
3973,জিভ সেলাই করা,নিশ্চুপ থাকা,साँप सूँघ जाना,To become silent suddenly.,HIGH,False,bn-hi
3974,জিভ সেলাই করে দেওয়া,কিছু না বলার জন্য ভয় দেখানো,आँख दिखाना,To threaten someone.,HIGH,False,bn-hi
3975,জিভে জল আসা,প্রলুব্ধ হওয়া,कान खड़े होना,To become alert.,HIGH,False,bn-hi
3976,জিভে দাঁতে সম্বন্ধ,অবন্ধুত্বপূর্ণ সম্বন্ধ; ভালমন্দের সম্পর্ক,दिल पर पत्थर रखना,To control emotions with difficulty.,HIGH,False,bn-hi
3981,জীবনমরণ সমস্যা,বেঁচে থাকা বা না-থাকা নির্ভর করে এমন কঠিন সমস্যা,सांप भी मर जाए और लाठी भी न टूटे,Finding a solution that satisfies all parties without loss.,HIGH,False,bn-hi
3983,জীবিকার্জন,জীবনযাত্রার জন্য অর্থোপার্জন,छोटा मुँह बड़ी बात,Talking beyond one's status.,HIGH,False,bn-hi
3985,জীবন্ত মাছে পোকা পড়া,অসম্ভবকে সম্ভব করা; হয়কে নয় করা; দিনকে রাত করা,नाक ऊँची करना,To make proud.,HIGH,False,bn-hi
3988,জুজুর ভয়,কাল্পনিক বিপদ সম্বন্ধে অত্যন্ত ভীতি,खून खौलना,To feel extreme anger.,HIGH,False,bn-hi
3992,জুতা সেলাই থেকে চণ্ডীপাঠ,সংসারের ছোটবড় ভালোমন্দ সবরকম কাজ,आसमान से गिरा खजूर में अटका,From bad to worse.,HIGH,False,bn-hi
3999,জেনেশুনে,সচেতনভাবে; সব বুঝে,दिल पर पत्थर रखना,To control emotions with difficulty.,HIGH,False,bn-hi
4002,জেহাদ,কোনো সৎ উদ্দেশ্যে প্রতিবাদ; ধর্মরক্ষার জন্য অধর্মযুদ্ধ; সত্য ও ন্যায়প্রতিষ্ঠার লড়াই,पाँव जमाना,To establish oneself.,HIGH,False,bn-hi
4004,জোঁকের মুখে চূন,আস্ফালনকারী বা উদ্ধত ব্যক্তিকে চুপ করতে পারে এমন উচিত কথা,सांप भी मर जाए और लाठी भी न टूटे,Finding a solution that satisfies all parties without loss.,HIGH,False,bn-hi
4008,জোটেবুড়ি,মাথার চুল জট পাকিয়ে গেছে এমন অতি বৃদ্ধা; শিশুদের ভয়োৎপাদক কল্পিত পিশাচীমূর্তি,थक कर चूर होना,To be extremely tired.,HIGH,False,bn-hi
4010,জোড়াতাড়া,কোনরকমে কাজ চালানোর ব্যবস্থা; ঠেকনা দিয়ে কোনো প্রকারে কার্যোপযোগী করণের চেষ্টা,नाक ऊँची करना,To make proud.,HIGH,False,bn-hi
4011,জোড়াতালি,কষ্টেসৃষ্টে কাজ চালাবার মতো বা এখান ওখান থেকে জুটিয়ে চালানো,दिल पर पत्थर रखना,To control emotions with difficulty.,HIGH,False,bn-hi
4014,জোমাগোদা,অতিস্থুলদেহ,थक कर चूर होना,To be extremely tired.,HIGH,False,bn-hi
4017,জোর গলায়,উচ্চৈঃস্বরে সকলকে শুনিয়ে,सांप भी मर जाए और लाठी भी न टूटे,Finding a solution that satisfies all parties without loss.,HIGH,False,bn-hi
4020,জোরতলব,অবিলম্বে হাজির হবার কড়া হুকুম বা ডাক,सांप भी मर जाए और लाठी भी न टूटे,Finding a solution that satisfies all parties without loss.,HIGH,False,bn-hi
4021,জোর যার মুল্লুক তার,যার শক্তি আছে সেই সববিষয়ের অধিকারী হয়,आँखों का काँटा,A person who is disliked or irritating.,HIGH,False,bn-hi
4030,জ্ঞানদাতা,ব্যঙ্গার্থে কথায় কথায় যিনি অযাচিত উপদেশ দেন,आँखों का काँटा,A person who is disliked or irritating.,HIGH,False,bn-hi
4032,জ্ঞানপাপী,জেনেশুনে যে মিথ্যা কথা বলে; পাপ ও তার পরিণাম জেনেও যে পাপকাজ করে,आँखों का काँटा,A person who is disliked or irritating.,HIGH,False,bn-hi
4033,জ্ঞানবৃদ্ধ,প্রচুর জ্ঞানসম্পন্ন ব্যক্তি,दिल पर पत्थर रखना,To control emotions with difficulty.,HIGH,False,bn-hi
4034,জ্ঞানশূন্য,অজ্ঞান; মূঢ়ব্যক্তি,आँखों का काँटा,A person who is disliked or irritating.,HIGH,False,bn-hi
4042,জ্বলন্ত উদাহরণ,"অতিস্পষ্ট, আগুনের মত স্বয়ংপ্রকাশ",थक कर चूर होना,To be extremely tired.,HIGH,False,bn-hi
4044,জ্বালা,বিরক্ত হওয়া,खून खौलना,To feel extreme anger.,HIGH,False,bn-hi
4045,জ্বলা,মানসিকভাবে বিধ্বস্ত হওয়া,दिल लगाना,To become emotionally involved.,HIGH,False,bn-hi
4046,জ্বলেপুড়ে,দগ্ধ হওয়া বা তীব্র কষ্ট ভোগ করা,आसमान से गिरा खजूर में अटका,From bad to worse.,HIGH,False,bn-hi
4048,জ্বালানী,তক্তবিরক্ত করে এমন নারী,आँखों का काँटा,A person who is disliked or irritating.,HIGH,False,bn-hi
4049,হাড় জ্বালানে,"যে তক্তবিরক্ত করে, যন্ত্রণাদাতা",आँखों का काँटा,A person who is disliked or irritating.,HIGH,False,bn-hi
4050,জ্বালানো,তক্তবিরক্ত করা,नाक में दम करना,To annoy greatly.,HIGH,False,bn-hi
4061,ঝটপট,খুব তাড়াতাড়ি; অতিদ্রুত,थक कर चूर होना,To be extremely tired.,HIGH,False,bn-hi
4065,ঝড় বয়ে যাওয়া,ঝড়ের মতো বকে বা বলে যাওয়া,कान में कहना,To speak secretly.,HIGH,False,bn-hi
4066,ঝড়ো কাক,উদভ্রান্ত/বিপদগ্রস্ত/বিপর্যস্ত ব্যক্তি,आँखों का काँटा,A person who is disliked or irritating.,HIGH,False,bn-hi
4071,এক ঝলক,সেই দৃশ্য যা খুব অল্প সময়ের জন্য চোখের সামনে থাকে,सांप भी मर जाए और लाठी भी न टूटे,Finding a solution that satisfies all parties without loss.,HIGH,False,bn-hi
4072,ঝলকানি,অগ্নিশিখার আকস্মিক ছটা; প্রখর আলোর আকস্মিক স্ফুরণ,रातों-रात बदल जाना,Sudden change.,HIGH,False,bn-hi
4073,ঝলসাকানা,সুর্যের দিকে চেয়ে যার আর্ধেক চোখ গেছে,आसमान से गिरा खजूर में अटका,From bad to worse.,HIGH,False,bn-hi
4074,ঝাঁ করে,অবিলম্বে; একদৌড়ে; ঝট করে; ঝাঁ বলতে যতক্ষণ সময় লাগে তার মধ্যে,जुबान फिसलना,To say something unintentionally.,HIGH,False,bn-hi
4078,ঝাঁঝরাচোখ,যে চোখে অল্পেই জল আসে,सांप भी मर जाए और लाठी भी न टूटे,Finding a solution that satisfies all parties without loss.,HIGH,False,bn-hi
4080,ঝাঁটাখেকো,"ঝাঁটার বাড়ি খেতে অভ্যস্ত, হীনব্যক্তি",आँखों का काँटा,A person who is disliked or irritating.,HIGH,False,bn-hi
4090,পরের মুখে ঝাল খাওয়া,নিজে না জেনে পরের কথা নির্বিচারে মেনে নেওয়া,सांप भी मर जाए और लाठी भी न टूटे,Finding a solution that satisfies all parties without loss.,HIGH,False,bn-hi
4091,ঝাল ঝাড়া,কড়াকড়া কথা বলে মনের আক্রোশ মেটানো; কটূক্তি করে পুঞ্জিত ক্রোধ উপশম করা,छोटा मुँह बड़ी बात,Talking beyond one's status.,HIGH,False,bn-hi
4093,ঝালাপালা,সহচরশব্দ; কানে তালা লাগে বা কানকে পীড়া দেয় এমন তীব্র শব্দ,सांप भी मर जाए और लाठी भी न टूटे,Finding a solution that satisfies all parties without loss.,HIGH,False,bn-hi
4094,ঝোলে ঝালে অম্বলে,সব ব্যাপারে বা সব যায়গায়,दीवारों के कान होना,Confidential matters may be overheard.,HIGH,False,bn-hi
4095,ঝালে ঝোলে এক করা,যাদের আলাদা থাকা উচিত তাদের ভুল করে এক করা,सांप भी मर जाए और लाठी भी न टूटे,Finding a solution that satisfies all parties without loss.,HIGH,False,bn-hi
4097,ঝিঁকে মারা,হেঁচকে হেঁচকে চলা,आसमान से गिरा खजूर में अटका,From bad to worse.,HIGH,False,bn-hi
4098,ঝিকে মেরে বৌকে বোঝানো,পরের উপর রাগ করে আপনজনকে শাস্তি দিয়ে মনের ভাব প্রকাশ করা,छोटा मुँह बड़ी बात,Talking beyond one's status.,HIGH,False,bn-hi
4099,ঝিকুর নড়া,পাগল হওয়া; মাথা খারাপ হওয়া,छोटा मुँह बड़ी बात,Talking beyond one's status.,HIGH,False,bn-hi
4100,ঝিকুর নড়া,পাগল হওয়া; মাথা খারাপ হওয়া,छोटा मुँह बड़ी बात,Talking beyond one's status.,HIGH,False,bn-hi
4102,ঝিনুক দিয়ে পুকুর সেচা,অল্প পরিশ্রমে বিরাট কাজ; অসম্ভব কাজ; অসাধ্যসাধন; উচ্চাশা,दिल पर पत्थर रखना,To control emotions with difficulty.,HIGH,False,bn-hi
4106,ঝুঁকে পড়া,আকৃষ্ট হওয়া; পক্ষপাতী হওয়া,कान खड़े होना,To become alert.,HIGH,False,bn-hi
4108,ঝুটমুট,অকারণ; অনর্থক; মিছামিছি,सांप भी मर जाए और लाठी भी न टूटे,Finding a solution that satisfies all parties without loss.,HIGH,False,bn-hi
4112,ঝুলিঝাড়া,অকিঞ্চিতকর; যৎসামান্য,ऊँट के मुँह में जीरा,Too little for need.,HIGH,False,bn-hi
4113,ঝেঁটিয়ে বিদায় করা,দূরদূর করে তাড়িয়ে দেওয়া,नौ दो ग्यारह होना,To run away quickly.,HIGH,False,bn-hi
4114,ঝেড়ে কাপড় পড়ানো,নাজেহাল করা,नाक में दम करना,To annoy greatly.,HIGH,False,bn-hi
4115,ঝেড়ে কাশা,সব খুলে বলা; কোন কিছু গোপন না করে আসল উদ্দেশ্য ব্যক্ত করা,सांप भी मर जाए और लाठी भी न टूटे,Finding a solution that satisfies all parties without loss.,HIGH,False,bn-hi
4116,ঝেড়ে ফেলা,দূর করা,ठिकाने लगाना,To eliminate someone.,HIGH,False,bn-hi
4117,ঝোপ বুঝে কোপ মারা,অবস্থা বুঝে ব্যবস্থাগ্রহণ; সুযোগমতো আঘাত করা; সুযোগবুঝে কাজ করা,कलेजा ठंडा होना,To feel satisfied after revenge.,HIGH,False,bn-hi
4119,ঝোল টানা (নিজের কোলে),অপরকে বঞ্চিত করে নিজের আখের গুছানো; স্বার্থপরের মত আচরণ করা,छोटा मुँह बड़ी बात,Talking beyond one's status.,HIGH,False,bn-hi
4120,ঝোলভাত খাওয়া,অনেকদিন রোগভোগের পর পথ্য করা,कलेजा ठंडा होना,To feel satisfied after revenge.,HIGH,False,bn-hi
4121,ঝোলভাত খাওয়ানো,দীর্ঘকাল ঘরে রোগের কামনা করে গালি,छोटा मुँह बड़ी बात,Talking beyond one's status.,HIGH,False,bn-hi
4122,ঝোলে অম্বলে এক করা,যাদের আলাদা থাকা উচিত তাদের এক করা অনুচিত,सांप भी मर जाए और लाठी भी न टूटे,Finding a solution that satisfies all parties without loss.,HIGH,False,bn-hi
4123,ঝোলের কদু,আত্মস্বার্থসংকুলের মন যুগিয়ে চলা ব্যক্তি,आँखों का काँटा,A person who is disliked or irritating.,HIGH,False,bn-hi
4127,টকাটক করে,ক্রমাগত অতি দ্রূততার সাথে,थक कर चूर होना,To be extremely tired.,HIGH,False,bn-hi
4129,টক্কর খাওয়া,জীবনে শিক্ষা লাভ করা,आसमान से गिरा खजूर में अटका,From bad to worse.,HIGH,False,bn-hi
4130,টক্কর দেওয়া,"পাল্লা দেওয়া, সমানে সমানে যুঝে যাওয়া",टक्कर खाना,To compete or confront.,HIGH,False,bn-hi
4132,টগবগিয়ে,উৎসাহ-উদ্দীপনার সঙ্গে,दिल पर पत्थर रखना,To control emotions with difficulty.,HIGH,False,bn-hi
4133,টগরবোষ্টমী,ঘর করে অথচ ঘরণী নয়; জাত-না-খোয়ানো বজ্জাত নারী,आँखों का काँटा,A person who is disliked or irritating.,HIGH,False,bn-hi
4135,টগেটগে চলা,সতর্কতার সাথে পা ফেলা,दिल पर पत्थर रखना,To control emotions with difficulty.,HIGH,False,bn-hi
4138,টনক নড়া,"চৈতন্যোদয় হওয়া, বুঝে ওঠা; সজাগ হওয়া; হুঁশ হওয়া",कान खड़े होना,To become alert.,HIGH,False,bn-hi
4139,টনটনানি,বেদনার ভাব,दिल बाग-बाग होना,Feeling extremely happy.,HIGH,False,bn-hi
4142,টনিক,"উদ্দীপক, বলকারক ওষুধ, মনে জোর বাড়ায় এমন বস্তু",सांप भी मर जाए और लाठी भी न टूटे,Finding a solution that satisfies all parties without loss.,HIGH,False,bn-hi
4149,টয়ে বাঁধা,অতি দরিদ্র ব্যক্তি,थक कर चूर होना,To be extremely tired.,HIGH,False,bn-hi
4152,টাঁক করা,প্রতীক্ষা করা,तेल देखो तेल की धार देखो,Wait and observe carefully.,HIGH,False,bn-hi
4166,টাকাওয়ালা,অর্থশালী ব্যক্তি,आँखों का काँटा,A person who is disliked or irritating.,HIGH,False,bn-hi
4168,টাকাটা সিকিটা,খুব সামান্য পরিমাণ অর্থ; যৎসামান্য পয়সাকড়ি,तिनके का सहारा,A small help in a difficult situation.,HIGH,False,bn-hi
4169,টাকার কুমির,বিপুল ধনের অধিকারী ব্যক্তি,आँखों का काँटा,A person who is disliked or irritating.,HIGH,False,bn-hi
4170,টাকার গরম,"ধনগর্ব, বিত্তের অহঙ্কার",आसमान से गिरा खजूर में अटका,From bad to worse.,HIGH,False,bn-hi
4171,টাকার ভাঙানি,বড় নোটের পরিবর্তে ছোট নোট,तिनके का सहारा,A small help in a difficult situation.,HIGH,False,bn-hi
4175,চোখ টাটানো,ঈর্ষান্বিত হওয়া,कान खड़े होना,To become alert.,HIGH,False,bn-hi
4177,টান করা,সোজা করা,नाक ऊँची करना,To make proud.,HIGH,False,bn-hi
4179,টান মেরে ফেলা,ছুঁড়ে ফেলা,नौ दो ग्यारह होना,To run away quickly.,HIGH,False,bn-hi
4192,টানাহেঁছা,অন্যের অনিচ্ছায় বলপূর্বক আকর্ষণ ও ক্লেশ উৎপাদন; জোরাজুরি করা; জোর করে কাজ করানোর চেষ্টা,नज़रबंद करना,To restrict someone's freedom.,HIGH,False,bn-hi
4193,টায়টায়,উদ্বৃত্তহীন; কাঁটায়কাঁটায়; ঠিকঠিক; না কম না বেশি; যতটা আবশ্যক ততটা,सांप भी मर जाए और लाठी भी न टूटे,Finding a solution that satisfies all parties without loss.,HIGH,False,bn-hi
4194,টায়ে টায়ে মিলিয়ে দেওয়া,যেমন তেমন করে গোঁজামিল দেওয়া,दीवारों के कान होना,Confidential matters may be overheard.,HIGH,False,bn-hi
4199,টাল সামলানো,কোনমতে ধাক্কা সামলানো; বিপদমুক্ত হওয়া,बाल-बाल बचना,To narrowly escape danger.,HIGH,False,bn-hi
4201,টিকটিক করা,ক্রমাগত মৃদু আপত্তি করা,नाक ऊँची करना,To make proud.,HIGH,False,bn-hi
4203,টিকটিকি,অমঙ্গলসূচক টিকটিক শব্দ বা টিকটিকির ডাক; কোন শুভকাজে অগ্রসর না হওয়ার প্রতি ইঙ্গিত,दिल पर पत्थर रखना,To control emotions with difficulty.,HIGH,False,bn-hi
4205,টিকি দেখতে পাওয়া,উপস্থিত আছে তার নিদর্শন পাওয়া; কদাচিৎ দেখতে পাওয়া,नज़रबंद करना,To restrict someone's freedom.,HIGH,False,bn-hi
4206,টিকির দেখা নেই,"মোটেই দেখতে না পাওয়া, সম্পূর্ণ অদর্শন",कान पकड़ना,To promise not to repeat a mistake.,HIGH,False,bn-hi
4209,টিকে যাওয়া,কোন কাজে স্থায়ী হওয়া,कान खड़े होना,To become alert.,HIGH,False,bn-hi
4210,টিঙটিঙ করে চলা,কোনরকমে চলা; ধীরেধীরে চলা,दिल पर पत्थर रखना,To control emotions with difficulty.,HIGH,False,bn-hi
4211,টিনটিনে,অতিশয় কৃশ; কাঠির মতো রোগা,थक कर चूर होना,To be extremely tired.,HIGH,False,bn-hi
4214,টিপ্পনী কাটা,অন্যের কথার মধ্যে অনাবশ্যক মন্তব্য করা; কথাবার্তার মধ্যে বিদ্রুপাত্মক মন্তব্য করা; সকল বিষয়ে খুঁত ধরা,नाक ऊँची करना,To make proud.,HIGH,False,bn-hi
4216,টিমটিম করা,"অতিকষ্টে অস্তিত্ব বজায় রাখা, শেষ অবস্থা",दिल पर पत्थर रखना,To control emotions with difficulty.,HIGH,False,bn-hi
4217,টুঁটি চাপা,মুখ্য- হত্যা করার চেষ্টা করা; গৌণ- কিছু বলতে না দেওয়া; বাকস্বাধীনতা হরণ করা,कान पकड़ना,To promise not to repeat a mistake.,HIGH,False,bn-hi
4219,টুকটাক করে,"এদিক ওদিক করে, কষ্টেসৃষ্টে, কোনরকমে",दिल पर पत्थर रखना,To control emotions with difficulty.,HIGH,False,bn-hi
4222,টুকিটাকি,"অল্প অল্প, একটু-আধটু, যৎসামান্য, সামান্য অংশ",तिनके का सहारा,A small help in a difficult situation.,HIGH,False,bn-hi
4224,টুকনি হাতে করা,ভিক্ষুকের দশাপ্রাপ্ত হওয়া,कान खड़े होना,To become alert.,HIGH,False,bn-hi
4226,টুগবুগুন,মনের কথা ব্যক্ত করার জন্য ব্যকুলতা,छोटा मुँह बड़ी बात,Talking beyond one's status.,HIGH,False,bn-hi
4227,টু দেখানো,ফাঁকি দেওয়া; বুড়ো আঙুল দেখানো,बाल-बाल बचना,To narrowly escape danger.,HIGH,False,bn-hi
4228,টুপভুজঙ্গ,নেশায় চুর/বুঁদ; মদ খেয়ে তুরীয় ভাবসম্পন্ন,आसमान से गिरा खजूर में अटका,From bad to worse.,HIGH,False,bn-hi
4229,টুপি পড়ানো,"অন্যায় কাজে রাজী করানো, বোকা বানানো; লোভ দেখিয়ে কাজ হাসিল করা",छोटा मुँह बड़ी बात,Talking beyond one's status.,HIGH,False,bn-hi
4230,টুপি খোলা,কাউকে সম্মান জানানো,नाक कटना,To lose respect or honor.,HIGH,False,bn-hi
4231,টুপি খোলা,কাউকে সম্মান জানানো,नाक कटना,To lose respect or honor.,HIGH,False,bn-hi
4232,টুমটাম,অল্প বা সামান্য কিছু,तिनके का सहारा,A small help in a difficult situation.,HIGH,False,bn-hi
4233,টুমটাম করে,"অল্পব্যয়ে, সামান্যভাবে",दिल पर पत्थर रखना,To control emotions with difficulty.,HIGH,False,bn-hi
4234,টুলো পণ্ডিত,"মুখ্য অর্থ- টোলে শিক্ষাপ্রাপ্ত পণ্ডিত বা টোলে সংস্কৃত পড়ানো যে পণ্ডিতের কাজ বা পেশা; ব্যঙ্গে- কেবল পুঁথিগত বিদ্যায় অভিজ্ঞ পুঁথিগত বিদ্যাসাগর, যার শিক্ষা সেকেলে এবং ব্যাবহারিক জগতে অচল",आँखों का काँटा,A person who is disliked or irritating.,HIGH,False,bn-hi
4235,টু শব্দ না করা,সাড়া না দেওয়া; চুপ করে থাকা,साँप सूँघ जाना,To become silent suddenly.,HIGH,False,bn-hi
4236,টুস্কির মাল,"টেকঁসই নয়; বাজে জিনিস, টুস্কি দিলেই ভেঙে যাবে, এমন ক্ষণভঙ্গুর",सांप भी मर जाए और लाठी भी न टूटे,Finding a solution that satisfies all parties without loss.,HIGH,False,bn-hi
4240,টেকসই,ঠিক সয়ে যাবে; দীর্ঘস্থায়ী; পাকা; পোক্ত; মজবুত,दिल में गाँठ पड़ना,To hold grudges.,HIGH,False,bn-hi
4242,টেকা,তিষ্ঠানো,पानी सिर से गुजरना,Situation getting out of control.,HIGH,False,bn-hi
4244,টেঁকে গোঁজা,অনায়াসে সম্পূর্ণরূপে পরাস্ত করে জব্দ করা; অবলীলাক্রমে সম্পূর্ণ কাবু করা; তুচ্ছজ্ঞান করা,दिल पर पत्थर रखना,To control emotions with difficulty.,HIGH,False,bn-hi
4245,টেক্কা দেওয়া,পাল্লা দেওয়া; প্রতিযোগিতায় অংশগ্রহণ করা,टक्कर खाना,To compete or confront.,HIGH,False,bn-hi
4246,টেক্কা মারা,শ্রেষ্ঠ চাল দেওয়া; অতিক্রম করা; ছাড়িয়ে যাওয়া; টক্কর দেওয়া; পরাজিত করা; প্রতিযোগিতায় শ্রেষ্ঠ হওয়া,टक्कर खाना,To compete or confront.,HIGH,False,bn-hi
4247,টেড়িমেড়ি করা,"ক্রুদ্ধ হওয়া, অসদাচরণ করা",कान खड़े होना,To become alert.,HIGH,False,bn-hi
4249,টেনে টেনে,কষ্টভাবার্থে দ্বিত্ব,दिल पर पत्थर रखना,To control emotions with difficulty.,HIGH,False,bn-hi
4250,টেনে বলা কথা,একজনের পক্ষ নিয়ে কথা বলা,नज़रबंद करना,To restrict someone's freedom.,HIGH,False,bn-hi
4251,টেনেটুনে,অনেক কষ্টে; কোনোক্রমে,दिल पर पत्थर रखना,To control emotions with difficulty.,HIGH,False,bn-hi
4252,টেপা গোঁজা,কার্পণ্য,खून खौलना,To feel extreme anger.,HIGH,False,bn-hi
4254,টের পাওয়া,জব্দ হওয়া; শায়েস্তা হওয়া,छोटा मुँह बड़ी बात,Talking beyond one's status.,HIGH,False,bn-hi
4255,টের পাওয়া,জব্দ হওয়া; শায়েস্তা হওয়া,छोटा मुँह बड़ी बात,Talking beyond one's status.,HIGH,False,bn-hi
4257,টেরিয়ে যাওয়া,বিস্ময়ে হতবাক হওয়া; বোকা বনে যাওয়া,कान खड़े होना,To become alert.,HIGH,False,bn-hi
4259,টোটকা ওষুধ,বিধিবদ্ধ ওষুধের তালিকাবহির্ভূত ওষুধ; গাছ-গাছড়ায় তৈরী ওষুধ,आसमान से गिरा खजूर में अटका,From bad to worse.,HIGH,False,bn-hi
4261,টো টো করা,লক্ষ্যহীনভাবে এদিক-ওদিক নানাস্থানে ঘুরে বেড়ানো,सांप भी मर जाए और लाठी भी न टूटे,Finding a solution that satisfies all parties without loss.,HIGH,False,bn-hi
4266,ট্যাঁকট্যাঁক করা,সর্বদা পিছনে লেগে থাকা,हाथ धोकर पीछे पड़ना,To be persistently after someone.,HIGH,False,bn-hi
4268,ট্যাঁঙ্ ট্যাঁঙ্ করে চলা,দ্বিত্বে অবজ্ঞার ভাবসূচক ভ্রমণ; অশোভন পদক্ষেপে চলা,दिल पर पत्थर रखना,To control emotions with difficulty.,HIGH,False,bn-hi
4274,ঠকঠকানো,অভাব/রিক্ততা প্রকাশ করা,छोटा मुँह बड़ी बात,Talking beyond one's status.,HIGH,False,bn-hi
4275,ঠগ বাছতে গাঁ উজাড়,ভালমন্দের বিচারে মন্দই বেশী; মন্দলোকের ভিড়ে ভাললোক খুঁজে পাওয়া অসম্ভব; অনৈতিকতা/আদর্শহীনতার প্রাচুর্য,आसमान से गिरा खजूर में अटका,From bad to worse.,HIGH,False,bn-hi
4280,ঠাঁট বজায় রাখা,অভাব চাপা দেওয়া,छोटा मुँह बड़ी बात,Talking beyond one's status.,HIGH,False,bn-hi
4281,ঠাওর করা,তীক্ষ্ণদৃষ্টিতে দেখা,दिल पर पत्थर रखना,To control emotions with difficulty.,HIGH,False,bn-hi
4282,ঠাকরুণ দিদি,ভগ্নীতুল্য ব্রাহ্মণকন্যা,छोटा मुँह बड़ी बात,Talking beyond one's status.,HIGH,False,bn-hi
4283,ঠাকুর কাত,বিদ্রুপে দেবতা/দাতা বিমুখ,नौ दो ग्यारह होना,To run away quickly.,HIGH,False,bn-hi
4292,ঠাট বজায় রাখা,অভাব চাপা রাখা; চাল বজায় রাখা,आँखें तरेरना,To show anger.,HIGH,False,bn-hi
4293,ঠাটঠমক,"বাহ্যিক আড়ম্বরপূর্ণ, বাইরের চালচলন/সাজসজ্জা, জাঁকজমক",आँखें तरेरना,To show anger.,HIGH,False,bn-hi
4297,ঠাণ্ডা লড়াই,"গোপনে বিরোধিতা, চাপা রেষারেষি; মনস্তাত্ত্বিক যুদ্ধ; পরস্পরবিরোধী রাষ্ট্রজোট প্রত্যক্ষ সংগ্রামে অবতীর্ণ না হয়ে পরস্পরের প্রতি যে যুদ্ধভাব বিরাজ করে",सांप भी मर जाए और लाठी भी न टूटे,Finding a solution that satisfies all parties without loss.,HIGH,False,bn-hi
4299,ঠাণ্ডা হওয়া,"প্রকৃতিস্থ হওয়া, শান্ত হওয়া",कान खड़े होना,To become alert.,HIGH,False,bn-hi
4301,ঘরে টায় বসা,"অলসভাবে, কর্মহীনভাবে",सांप भी मर जाए और लाठी भी न टूटे,Finding a solution that satisfies all parties without loss.,HIGH,False,bn-hi
4302,ঘরে টায় বসা,"অলসভাবে, কর্মহীনভাবে",सांप भी मर जाए और लाठी भी न टूटे,Finding a solution that satisfies all parties without loss.,HIGH,False,bn-hi
4309,ঠিকা কাজ,চুক্তিভিত্তিক নির্দিষ্ট কাজ,खून पसीना एक करना,To work extremely hard.,HIGH,False,bn-hi
4312,ঠুঁটো জগন্নাথ,কর্মক্ষম ব্যক্তির কর্মহীন হয়ে বসে থাকা,सांप भी मर जाए और लाठी भी न टूटे,Finding a solution that satisfies all parties without loss.,HIGH,False,bn-hi
4313,ঠুনকো,"অসার, বাজে, মূল্যহীন",बंदर क्या जाने अदरक का,Someone is unaware of the value or significance of something.,HIGH,False,bn-hi
4316,ঠেকা মেয়ে,গায়ে হলুদের পর নির্ধারিত পাত্রের সঙ্গে যে কুমারীর বিয়ে হয়নি বলে অন্য পাত্র তাকে বিবাহে অসম্মত হয় এমন চিরকুমারী,आँखों का काँटा,A person who is disliked or irritating.,HIGH,False,bn-hi
4319,ঠেঙ্গা মেরে কথা বলা,কঠোর বাক্য বলা,कान में कहना,To speak secretly.,HIGH,False,bn-hi
4320,ঠেঙ্গাঠেঙ্গি,লাঠি দ্বারা পরস্পর মারামারি,दिल पर पत्थर रखना,To control emotions with difficulty.,HIGH,False,bn-hi
4321,ঠেঙ্গানি খাওয়া,মার খাওয়া/দেওয়া,हाथ खड़े करना,To give up.,HIGH,False,bn-hi
4323,ঠেঙ্গাবাজী,লাঠি মারামারি,दिल पर पत्थर रखना,To control emotions with difficulty.,HIGH,False,bn-hi
4325,ঠেলাগাড়ী,"অলস, ধীরগতিসম্পন্ন ব্যক্তি",आँखों का काँटा,A person who is disliked or irritating.,HIGH,False,bn-hi
4326,ঠেলাগাড়ি,"স্ব-ইচ্ছায় কাজ করে না এমন ব্যক্তি, ঠেললে তবে কাজ করে",आँखों का काँटा,A person who is disliked or irritating.,HIGH,False,bn-hi
4328,ঠেলামারা কথা,"অবিবেচকের মতো খামখেয়ালি কথা; খোঁচা দিয়ে কথা, বক্রোক্তি, ব্যঙ্গাত্মক কথা",सांप भी मर जाए और लाठी भी न टूटे,Finding a solution that satisfies all parties without loss.,HIGH,False,bn-hi
4329,ঠেলার নাম বাবাজি,চাপে পড়লে অবজ্ঞাত ব্যক্তিকেও সম্মান করা হয়,नाक कटना,To lose respect or honor.,HIGH,False,bn-hi
4330,ঠেলে ফেলা,অবহেলায় পরিত্যাগ করা; অনাদরে দূরে সরিয়ে রাখা,दिल पर पत्थर रखना,To control emotions with difficulty.,HIGH,False,bn-hi
4332,ঠোঁট ওল্টানো,অবজ্ঞা বা তাচ্ছিল্য প্রকাশ করা; উপেক্ষা করা,आँखें फेर लेना,To ignore or abandon.,HIGH,False,bn-hi
4333,ঠোঁটকাটা,"স্পষ্টবাদী, যে অপ্রিয় সত্যকথা বলতে দ্বিধাবোধ করে না",आँखों का काँटा,A person who is disliked or irritating.,HIGH,False,bn-hi
4334,ঠোঁট টেপা,"মুখ বন্ধ করা, কথা না বলা",छोटा मुँह बड़ी बात,Talking beyond one's status.,HIGH,False,bn-hi
4336,ঠোঁট বন্ধ রাখা,নিশ্চুপ থাকা,साँप सूँघ जाना,To become silent suddenly.,HIGH,False,bn-hi
4337,ঠোঁট বন্ধ রাখা,নিশ্চুপ থাকা,साँप सूँघ जाना,To become silent suddenly.,HIGH,False,bn-hi
4338,ঠোঁট বন্ধ রাখা,নিশ্চুপ থাকা,साँप सूँघ जाना,To become silent suddenly.,HIGH,False,bn-hi
4339,ঠোক কাটা কাক,সববিষয়ে ঠোক্কর মারা লোক; সবসময় খুঁত ধরে এমন লোক,आँखों का काँटा,A person who is disliked or irritating.,HIGH,False,bn-hi
4342,ঠোক্কর মারা,অল্পস্বল্প অনুশীলন; একটু আধটু চর্চা; সামান্য চর্চা,ऊँट के मुँह में जीरा,Too little for need.,HIGH,False,bn-hi
4343,ঠোক্কর দেওয়া,অপ্রার্থিত মন্তব্যের দ্বারা কথায় বাধা সৃষ্টি করা; কঠোর ভাষায় প্রতি কথার জবাব দেওয়া; কথার সাহায্যে আঘাত করা; ফোড়ন কাটা; বিদ্রূপ করা; টীকা-টীপ্পনী কাটা,दिल पर पत्थर रखना,To control emotions with difficulty.,HIGH,False,bn-hi
4345,ঠোনকা মারা,বাঁকা আঙুলে খোঁচা মারা,नाक ऊँची करना,To make proud.,HIGH,False,bn-hi
4350,ডগমগ,"আত্মহারা, উদ্বেল",दिल पर पत्थर रखना,To control emotions with difficulty.,HIGH,False,bn-hi
4353,ডঙ্কা বাজানো,আস্ফালন করা; তোয়াক্কা না করা; সগর্বে ঘোষণা করা,आसमान सिर पर उठाना,To create a lot of noise or chaos.,HIGH,False,bn-hi
4354,ডঙ্কা বাজিয়ে চলে যাওয়া,নিজের গর্ব ও প্রভাব-প্রতিপত্তি বজায় রেখে ইহলোক ত্যাগ করা,छोटा मुँह बड़ी बात,Talking beyond one's status.,HIGH,False,bn-hi
4355,ডডনং,ব্যঙ্গার্থে আকাট মূর্খ; নির্বোধ,आँखों का काँटा,A person who is disliked or irritating.,HIGH,False,bn-hi
4359,ডলাই মলাই,অঙ্গ মর্দন ও হাত বুলানো,दिल पर पत्थर रखना,To control emotions with difficulty.,HIGH,False,bn-hi
4361,ডাঁটা,বকাবকি করা; শক্ত কথা বলা,कान में कहना,To speak secretly.,HIGH,False,bn-hi
4363,দাহিনা হাতের খেল,"কঠিন কাজ, নৈপুণ্য, পটুত্ব",तिनके का सहारा,A small help in a difficult situation.,HIGH,False,bn-hi
4365,ডাইনী,শিশুর অনিষ্টকারিণী স্ত্রীলোক - গালিবিশেষ,आँखों का काँटा,A person who is disliked or irritating.,HIGH,False,bn-hi
4368,ডাক দিয়ে বলা,চিৎকার করে বলা,जुबान फिसलना,To say something unintentionally.,HIGH,False,bn-hi
4376,ডাকের সাজ,সস্তা এবং অস্থায়ী চকচকে সাজসজ্জা যা বাহ্যিক আকর্ষণীয় কিন্তু অসার,सांप भी मर जाए और लाठी भी न टूटे,Finding a solution that satisfies all parties without loss.,HIGH,False,bn-hi
4377,ডাকের সুন্দরী,অসামান্যা/সর্বজনখ্যাত সুন্দরী,चार चाँद लगना,To enhance beauty or value.,HIGH,False,bn-hi
4378,ডাগর-ডোগর,বয়সের অনুপাতে বড়সড় চেহারার কিশোর/কিশোরী,दिल पर पत्थर रखना,To control emotions with difficulty.,HIGH,False,bn-hi
4380,ডাঙায় বাঘ জলে কুমির,উভয়সঙ্কট; দুদিকেই বিপদ,आसमान से गिरा खजूर में अटका,From bad to worse.,HIGH,False,bn-hi
4381,ডাঙার মাছ,অস্বস্তিকর/দমবন্ধকরা অবস্থা,पानी सिर से गुजरना,Situation getting out of control.,HIGH,False,bn-hi
4382,ডাণ্ডা ঘোরানো,"খবরদারি করা, শাসন করা",दिल पर पत्थर रखना,To control emotions with difficulty.,HIGH,False,bn-hi
4386,ডানহাত বাঁহাত,আদান-প্রদান; লেনদেন; হাতফেরতা,आसमान से गिरा खजूर में अटका,From bad to worse.,HIGH,False,bn-hi
4388,ডানা কাটা,ক্ষমতা হ্রাস করা,छोटा मुँह बड़ी बात,Talking beyond one's status.,HIGH,False,bn-hi
4390,ডানা গজানো,সাবালক হওয়া; অন্যের সাহায্য/পরামর্শ ছাড়াই চলতে শেখা; বিদ্রুপে- লায়েক হওয়া,तिनके का सहारा,A small help in a difficult situation.,HIGH,False,bn-hi
4391,ডানাভাঙা,দোসরবিহীন,सांप भी मर जाए और लाठी भी न टूटे,Finding a solution that satisfies all parties without loss.,HIGH,False,bn-hi
4394,ডানে বাঁয়ে না তাকিয়ে,কোনো দিকে না দেখে; বেপরোয়াভাবে,सांप भी मर जाए और लाठी भी न टूटे,Finding a solution that satisfies all parties without loss.,HIGH,False,bn-hi
4398,ডালছাড়া বাঁদর,যতক্ষণ ডালে ততক্ষণ লাফালাফি; ডাল ছাড়লেই সব বিক্রম শেষ,सांप भी मर जाए और लाठी भी न टूटे,Finding a solution that satisfies all parties without loss.,HIGH,False,bn-hi
4401,ডালভাঙা ক্রোশ,অতি দীর্ঘপথ,थक कर चूर होना,To be extremely tired.,HIGH,False,bn-hi
4402,ডালভাঙা বাঁদর,অনিষ্টকারী ব্যক্তি,आँखों का काँटा,A person who is disliked or irritating.,HIGH,False,bn-hi
4404,ডাহা নকল,অবিকল আসল,आसमान से गिरा खजूर में अटका,From bad to worse.,HIGH,False,bn-hi
4406,ডিগডিগে,"অত্যন্ত কৃশ, দীর্ঘ, লম্বা",थक कर चूर होना,To be extremely tired.,HIGH,False,bn-hi
4407,ডিগবাজী খাওয়া,বিদ্রুপে আদর্শ নীতি/প্রতিশ্রুতির হঠাৎ পরিবর্তন,रातों-रात बदल जाना,Sudden change.,HIGH,False,bn-hi
4408,ডিঙি মারা,পায়ের বুড়ো আঙুলের উপর ভর দিয়ে মাথা উঁচু করে দাঁড়ানো,धरना देना,To stand firm on an issue.,HIGH,False,bn-hi
4409,ডি জুরে,এমন একটি অবস্থা যা আইন অনুসারে বা সরকারীভাবে অনুমোদিত,सांप भी मर जाए और लाठी भी न टूटे,Finding a solution that satisfies all parties without loss.,HIGH,False,bn-hi
4412,ডি ফ্যাক্টো,"এমন একটি অবস্থা যা বাস্তবে সত্য, কিন্তু এটি আনুষ্ঠানিকভাবে অনুমোদিত নয়",सांप भी मर जाए और लाठी भी न टूटे,Finding a solution that satisfies all parties without loss.,HIGH,False,bn-hi
4415,ডিমে রোগা,অত্যন্ত কৃশ; জন্ম থেকে রুগ্ন; চিরকালীন রোগী,थक कर चूर होना,To be extremely tired.,HIGH,False,bn-hi
4418,ডুগডুগি বাজানো,একজনের হেনস্থায় অন্যজনের তৃপ্তি ও আনন্দের কারণে উল্লাস প্রকাশ করা,दिल का बोझ हल्का करना,To express feelings.,HIGH,False,bn-hi
4419,ডুগডুগি বাজানো,একজনের হেনস্থায় অন্যজনের তৃপ্তি ও আনন্দের কারণে উল্লাস প্রকাশ করা,दिल का बोझ हल्का करना,To express feelings.,HIGH,False,bn-hi
4420,ডুব মারা,অদৃশ্য হওয়া; আত্মগোপন করা; লুকিয়ে থাকা,कान खड़े होना,To become alert.,HIGH,False,bn-hi
4421,ডুবা,নিমগ্ন হওয়া,आँखों में बस जाना,To be deeply loved or admired.,HIGH,False,bn-hi
4422,ডুবানো,ধ্বংস/সর্বনাশ করা,रंग में भंग डालना,To ruin enjoyment.,HIGH,False,bn-hi
4423,ডুবুডুবু,নষ্ট বা সম্পূর্ণ শান্ত হওয়ার উপক্রম,रंग में भंग डालना,To ruin enjoyment.,HIGH,False,bn-hi
4426,ডুবে ডুবে জল খাওয়া,কপট সাধুতা বা বাইরে সাধুতা এবং ভিতরে বঞ্চনা করা,आँखें तरेरना,To show anger.,HIGH,False,bn-hi
4429,ডুমুরের ফুল হওয়া,অদৃশ্য হওয়া,कान खड़े होना,To become alert.,HIGH,False,bn-hi
4434,ডেকো,কু-অর্থে নাম করলেই সবাই চিনে,आँखों का काँटा,A person who is disliked or irritating.,HIGH,False,bn-hi
4443,ড্যামেজ কন্ট্রোল,বিপদ থেকে বাঁচার চেষ্টা,कलेजा ठंडा होना,To feel satisfied after revenge.,HIGH,False,bn-hi
4448,ঢনঢন করে বেড়ানো,বৃথা ভ্রমণ করা,सांप भी मर जाए और लाठी भी न टूटे,Finding a solution that satisfies all parties without loss.,HIGH,False,bn-hi
4450,ঢলতা,ন্যায্য ওজনের ওপর বাড়তি পরিমাণ,छोटा मुँह बड़ी बात,Talking beyond one's status.,HIGH,False,bn-hi
4451,ঢলানে,কুর্কুরি বা কেলেঙ্কারি করে এমন নারী,आँखों का काँटा,A person who is disliked or irritating.,HIGH,False,bn-hi
4452,ঢলানো,কুর্কম বা কেলেঙ্কারি করা; কাজ করে লোক হাসানো,नाक ऊँची करना,To make proud.,HIGH,False,bn-hi
4454,ঢাকঢাক গুড়গুড়,প্রকৃত অবস্থা/বিষয় গোপন রাখার চেষ্টা; কলঙ্ক চাপার চেষ্টা; লুকোচুরি,पानी सिर से गुजरना,Situation getting out of control.,HIGH,False,bn-hi
4455,ঢাক পড়ে যাওয়া,চতুর্দিকে রাষ্ট্র হওয়া,सांप भी मर जाए और लाठी भी न टूटे,Finding a solution that satisfies all parties without loss.,HIGH,False,bn-hi
4456,ঢাক পেটা,উচ্চগ্রামে প্রচার করা; গুপ্ত বিষয় সবাইকে জানিয়ে দেওয়া; গোপনে যা হয়েছে তা সকলের কর্ণগোচর করা,दीवारों के कान होना,Confidential matters may be overheard.,HIGH,False,bn-hi
4457,ঢাক বাজিয়ে ইঁদুর ধরা,সাড়ম্বরে সামান্য কাজ করা,दिल पर पत्थर रखना,To control emotions with difficulty.,HIGH,False,bn-hi
4460,ঢাকা দেওয়া,"চাপা দেওয়া, গোপন করা, জানতে না দেওয়া, লোকচক্ষুর অন্তরালে পাঠানো",आसमान से गिरा खजूर में अटका,From bad to worse.,HIGH,False,bn-hi
4462,ঢাকাইয়া,অতি স্থূল; খুব স্ফীত,थक कर चूर होना,To be extremely tired.,HIGH,False,bn-hi
4464,ঢাকে কাঠি দেওয়া,"চারিদিকে রাষ্ট্র করা, হইচই করা",सांप भी मर जाए और लाठी भी न टूटे,Finding a solution that satisfies all parties without loss.,HIGH,False,bn-hi
4467,ঢাকের কাছে ট্যামটেমি,তুলনায় খুবই ক্ষুদ্র,तिनके का सहारा,A small help in a difficult situation.,HIGH,False,bn-hi
4468,ঢাকের কড়িতে মনসা বিকানো,আড়ম্বর করতে গিয়ে আসল জিনিস হারানো; মূলখরচের তুলনায় আড়ম্বরখরচ অনেক বেশি; অনাবশ্যক আড়ম্বরের আসল কাজের জন্য অর্থাভাব ঘটা,आँखें तरेरना,To show anger.,HIGH,False,bn-hi
4470,ঢাকের বাঁয়া,"অকেজো, অনাবশ্যক, অপ্রয়োজনীয় সঙ্গী; কাছে থাকে কিন্তু কাজে লাগে না",आँखों का काँटा,A person who is disliked or irritating.,HIGH,False,bn-hi
4471,ঢাল হওয়া,অভিভাবক হওয়া,कान खड़े होना,To become alert.,HIGH,False,bn-hi
4477,ঢিল ছোঁড়া,কার্যসিদ্ধি হতে পারে এই আশায় কিছু করা,सांप भी मर जाए और लाठी भी न टूटे,Finding a solution that satisfies all parties without loss.,HIGH,False,bn-hi
4479,ঢিল দিয়ে ঢিল টানা,আঘাত করে প্রত্যাঘাত খাওয়া,कलेजा ठंडा होना,To feel satisfied after revenge.,HIGH,False,bn-hi
4480,ঢিলা দিয়ে টেনে আনা,আগে ঢিলে দিয়ে পরে নিয়ন্ত্রণে আনার চেষ্টা,दिल पर पत्थर रखना,To control emotions with difficulty.,HIGH,False,bn-hi
4482,ঢিল ছোঁড়া দূরত্ব,খুব কাছেই; বেশি দূরে নয়,सिर पर चढ़ाना,To spoil someone with too much affection.,HIGH,False,bn-hi
4483,ঢিল ছোঁড়া দূরত্ব,খুব কাছেই; বেশি দূরে নয়,सिर पर चढ़ाना,To spoil someone with too much affection.,HIGH,False,bn-hi
4484,ঢিলে দেওয়া,শৈথিল্য দেখানো,आँखें तरेरना,To show anger.,HIGH,False,bn-hi
4486,ঢিলেঢালা,"অলস, দীর্ঘসূত্রী, যার কাজে আঁটসাঁট নেই বা আগ্রহ নেই এমন",खून पसीना एक करना,To work extremely hard.,HIGH,False,bn-hi
4488,ঢুঁ দেওয়া,মাথায় গুঁতো দেওয়া,दिल पर पत्थर रखना,To control emotions with difficulty.,HIGH,False,bn-hi
4489,ঢুঁ মারা,খোঁজ খবর নেওয়া,नाक ऊँची करना,To make proud.,HIGH,False,bn-hi
4490,ঢুঁঢুঁ,"অন্তঃসারশূন্য, কিছুই নয়, ফক্কিকারী, ফাঁকি ভাবার্থে দ্বিত্ব",सांप भी मर जाए और लाठी भी न टूटे,Finding a solution that satisfies all parties without loss.,HIGH,False,bn-hi
4493,বুদ্ধির ঢেঁকি,"অত্যন্ত বোকা লোক, অপদার্থ",थक कर चूर होना,To be extremely tired.,HIGH,False,bn-hi
4495,ঢেঁকিকল,পরের কথায় উঠে বসে এমন ব্যক্তিত্বহীন পুরুষ,आँखों का काँटा,A person who is disliked or irritating.,HIGH,False,bn-hi
4496,ঢেঁকি গেলা,অনুরোধে অনিচ্ছা সত্ত্বেও কোনো কঠিন কাজের দায়িত্ব নেওয়া,तिनके का सहारा,A small help in a difficult situation.,HIGH,False,bn-hi
4499,ঢেঁকি স্বর্গে গিয়ে গেলেও ধান ভানে,যার যা স্বভাব তা মরলেও ছাড়তে পারে না,कलेजा ठंडा होना,To feel satisfied after revenge.,HIGH,False,bn-hi
4501,ঢেঁকির কুমির হওয়া (ঘরের),আত্মীয়ের শত্রু হওয়া; প্রচ্ছন্ন শত্রু,कान खड़े होना,To become alert.,HIGH,False,bn-hi
4502,ঢেঁকির কুমির হওয়া,যে আগে লাথির ঘায়ে উঠত পড়ত এখন সে ভয় প্রদর্শক ও প্রাণনাশক,आँखों का काँटा,A person who is disliked or irritating.,HIGH,False,bn-hi
4503,ঢেঁকির তসুলি,দুদিকের মন রেখে চলা লোক,आँखों का काँटा,A person who is disliked or irritating.,HIGH,False,bn-hi
4504,ঢেঁকির পাড় পড়া,বুক ধড়াস ধড়াস করা,दिल पर पत्थर रखना,To control emotions with difficulty.,HIGH,False,bn-hi
4505,ঢেঁকির পাড় পড়া (বুকে),পরশ্রীকাতরতার মর্মজ্বালায় ছটফট করা; হিংসায় বুক ফেটে যাওয়া,दिल पर पत्थर रखना,To control emotions with difficulty.,HIGH,False,bn-hi
4509,ঢেঁড়া পড়া,চতুর্দিকে হট্টগোল বা বিশৃঙ্খলা হওয়া,सांप भी मर जाए और लाठी भी न टूटे,Finding a solution that satisfies all parties without loss.,HIGH,False,bn-hi
4512,ঢেউ দেওয়া,আবেগের সৃষ্টি করা,दिल पर पत्थर रखना,To control emotions with difficulty.,HIGH,False,bn-hi
4513,ঢেপঢেপে,প্রচণ্ড রকমের ভিজা,थक कर चूर होना,To be extremely tired.,HIGH,False,bn-hi
4516,ঢেরা সই,নিরক্ষর ব্যক্তির ঢেরা চিহ্নদ্বারা প্রদত্ত সই,आँखों का काँटा,A person who is disliked or irritating.,HIGH,False,bn-hi
4517,ঢেলা মারা,আন্দাজে কাজ করা,सांप भी मर जाए और लाठी भी न टूटे,Finding a solution that satisfies all parties without loss.,HIGH,False,bn-hi
4518,ঢেলামারা কাজ,সম্পূর্ণ অবহেলায় করা কাজ,दिल पर पत्थर रखना,To control emotions with difficulty.,HIGH,False,bn-hi
4519,ঢেলে সাজানো,কোন কাজ নতুন করে আরম্ভ করা,खून पसीना एक करना,To work extremely hard.,HIGH,False,bn-hi
4521,ঢোঁক গিলে কথা বলা,ইতস্তত করে কথা বলা; একটু সময় নিয়ে কথা বলা,छोटा मुँह बड़ी बात,Talking beyond one's status.,HIGH,False,bn-hi
4523,ঢোঁড়াসাপ,বিদ্রুপে অপদার্থ ব্যক্তি; অকর্মণ্য; তেজোবীর্যহীন; যার শক্তি নেই অথচ আস্ফালন বা ক্রোধ আছে,सांप भी मर जाए और लाठी भी न टूटे,Finding a solution that satisfies all parties without loss.,HIGH,False,bn-hi
4528,ঢ্যাকার আগে চলা,ধাক্কা দেবার আগে থাকতেই চলা,नौ दो ग्यारह होना,To run away quickly.,HIGH,False,bn-hi
4529,ঢ্যাংঢ্যাং,বিনা কারণে নাচতে থাকার ভাবপ্রকাশ,सांप भी मर जाए और लाठी भी न टूटे,Finding a solution that satisfies all parties without loss.,HIGH,False,bn-hi
4534,ঢ্যারা সই,ক্রসচিহ্নদ্বারা নিরক্ষর ব্যক্তির দস্তখত,आँखों का काँटा,A person who is disliked or irritating.,HIGH,False,bn-hi
4548,তড়িঘড়ি,সহচর শব্দ; অতিশীঘ্র; অবিলম্বে; অত্যন্ত তাড়াতাড়ি; একটুও দেরি না করে; তৎক্ষণাৎ; হুট করে,सांप भी मर जाए और लाठी भी न टूटे,Finding a solution that satisfies all parties without loss.,HIGH,False,bn-hi
4549,তৎকাল,"তৎক্ষণাৎ, তখনি, নির্দিষ্টকাল, নির্ধারিতকাল, সেইসময়",सांप भी मर जाए और लाठी भी न टूटे,Finding a solution that satisfies all parties without loss.,HIGH,False,bn-hi
4554,তথৈবচ,"আগের মতই; একই রকম, পূর্ববৎ; সেইরকমই",सांप भी मर जाए और लाठी भी न टूटे,Finding a solution that satisfies all parties without loss.,HIGH,False,bn-hi
4555,তন্নতন্ন,কোনো কিছু বাদ না দিয়ে; চারিদিকে ব্যাপকভাবে; সমস্ত কিছু,सांप भी मर जाए और लाठी भी न टूटे,Finding a solution that satisfies all parties without loss.,HIGH,False,bn-hi
4556,তপ্ত খোলা,অর্থের অভাবে চরম অবস্থা,खून खौलना,To feel extreme anger.,HIGH,False,bn-hi
4557,তপ্তখোলা,প্রচণ্ড পীড়াদায়ক অবস্থা,थक कर चूर होना,To be extremely tired.,HIGH,False,bn-hi
4567,তলতল,"অত্যন্ত নরমসূচক, প্রায় গলিত অবস্থা",खून खौलना,To feel extreme anger.,HIGH,False,bn-hi
4568,তলশূন্য,প্রচুর অর্থ দান করেও যে দুর্গতকে উদ্ধার করা অসম্ভব,आसमान से गिरा खजूर में अटका,From bad to worse.,HIGH,False,bn-hi
4573,তল্পি গুটানো,চিরদিনের জন্য কোন স্থান পরিত্যাগ,हाथ झाड़ लेना,To abandon responsibility.,HIGH,False,bn-hi
4574,তল্পিবাহক,"অনুচর, আজ্ঞানুসারে চলা ব্যক্তি",आँखों का काँटा,A person who is disliked or irritating.,HIGH,False,bn-hi
4577,তশরিফ রাখুন,সম্ভ্রমের সাথে বসুন,नाक कटना,To lose respect or honor.,HIGH,False,bn-hi
4578,তহখরচ,হিসাবের অতিরিক্ত বা বাজে খরচ,छोटा मुँह बड़ी बात,Talking beyond one's status.,HIGH,False,bn-hi
4579,তাঁতের মাকু,খালি দিক পরিবর্তন করে এমন ব্যক্তি,आँखों का काँटा,A person who is disliked or irritating.,HIGH,False,bn-hi
4580,তাঁতীকুলও গেল বৈষ্ণবকুলও গেল,সবদিক বজায় রাখা গেল না,सांप भी मर जाए और लाठी भी न टूटे,Finding a solution that satisfies all parties without loss.,HIGH,False,bn-hi
4581,তাঁবেদার,খুবই অনুগত লোক; চামচা,थक कर चूर होना,To be extremely tired.,HIGH,False,bn-hi
4582,তা দেওয়া,গোপনে উৎসাহ দেওয়া,कान भरना,To instigate someone.,HIGH,False,bn-hi
4584,তাইরে নাইরে,"উদ্দেশ্যহীনভাবে বাজে কাজে সময় নষ্ট; কোনোরকমে কালক্ষেপ, বাজে কাজে কালক্ষেপ, নেচে বেড়ানো, ভাবনাচিন্তাহীন মনোভাবাপন্ন",नौ दो ग्यारह होना,To run away quickly.,HIGH,False,bn-hi
4585,তাক করা,নিশানা বা লক্ষ্য স্থির করা,दिल पर लेना,To take something personally.,HIGH,False,bn-hi
4587,তাকেতাকে,ওঁত পেতে প্রতীক্ষায় সতর্কতার সাথে; সন্ধানে সন্ধানে; সুযোগের অপেক্ষায়,दिल पर पत्थर रखना,To control emotions with difficulty.,HIGH,False,bn-hi
4588,তাকেপাকা,বিশেষ সতর্কতার সাথে,दिल पर पत्थर रखना,To control emotions with difficulty.,HIGH,False,bn-hi
4589,তাড়াহুড়া,তাড়াতাড়ি কাজ করার জন্য পীড়ন; অত্যধিক ব্যস্ততা,खून पसीना एक करना,To work extremely hard.,HIGH,False,bn-hi
4591,তাত সয় তো বাত সয় না,কথা শুনতে নারাজ,घर का भेदी लंका ढाए,An insider can cause downfall.,HIGH,False,bn-hi
4592,তা না না,"অনিচ্ছাজনিত এড়িয়ে যাওয়ার ভাব; ওজর, ছল, ভণিতা",पैर भारी होना,To feel reluctant to move.,HIGH,False,bn-hi
4593,তা-না-না,কাজ আরম্ভের আড়ম্বরে অযথা কালক্ষেপ; নানা বাহানায় নাকচের চেষ্টা; বাজেকাজে সময়নষ্ট,खून पसीना एक करना,To work extremely hard.,HIGH,False,bn-hi
4596,তা বৈকি,"নিশ্চিতে, তা ছাড়া আর কিছু নয়",सांप भी मर जाए और लाठी भी न टूटे,Finding a solution that satisfies all parties without loss.,HIGH,False,bn-hi
4598,তামা তুলসী করা,নির্দোষিতা প্রমাণের দিব্বি করা; শপথ করে সত্য কথা বলা বা প্রতিজ্ঞা করা,छोटा मुँह बड़ी बात,Talking beyond one's status.,HIGH,False,bn-hi
4605,তালকানা,"অসাবধান; কাণ্ডজ্ঞানহীন, বিবেচনাবিহীন; ভালো-মন্দ জ্ঞানশূন্য",बंदर क्या जाने अदरक का,Someone is unaware of the value or significance of something.,HIGH,False,bn-hi
4606,তালগাছ দিয়ে দাঁতন করা,"অসম্ভব ব্যাপার, গাঁজাখুরি, যা হবার নয়",सांप भी मर जाए और लाठी भी न टूटे,Finding a solution that satisfies all parties without loss.,HIGH,False,bn-hi
4607,তালগাছের আড়াই হাত,বিশেষ কাজের শেষ কঠিন অংশ,तिनके का सहारा,A small help in a difficult situation.,HIGH,False,bn-hi
4608,তালগোল পাকানো,বিপর্যস্ত করা; জটিলতা সৃষ্টি হওয়া; বিশৃঙ্খল করা,आसमान सिर पर उठाना,To create a lot of noise or chaos.,HIGH,False,bn-hi
4610,তাল ঠুকে লাগা,সাহসের সাথে কাজে নামা,दिल पर पत्थर रखना,To control emotions with difficulty.,HIGH,False,bn-hi
4613,তাল দেওয়া,"আগ বাড়িয় সমর্থন করা, উমেদারি করা",आँखें तरेरना,To show anger.,HIGH,False,bn-hi
4615,তালপাতার খাঁড়া,অপদার্থ ব্যক্তি,आँखों का काँटा,A person who is disliked or irritating.,HIGH,False,bn-hi
4616,তালপাতার ছায়া,এই আছে তো এই নাই; ক্ষণস্থায়ী বিষয়,सांप भी मर जाए और लाठी भी न टूटे,Finding a solution that satisfies all parties without loss.,HIGH,False,bn-hi
4617,তালপাতার সেপাই,দীর্ঘ অথচ অত্যন্ত কৃশ; অতিশয় রোগা ও দুর্বল ব্যক্তি; ক্ষীণজীবী,थक कर चूर होना,To be extremely tired.,HIGH,False,bn-hi
4620,তাল রাখা,অপরের কাজের সাথে নিজের কাজের সঙ্গতি রাখা,छोटा मुँह बड़ी बात,Talking beyond one's status.,HIGH,False,bn-hi
4621,তাল সামলানো,"ঝক্কি, ঝামেলা, ধকল সামলানো; শেষরক্ষা",दिल पर पत्थर रखना,To control emotions with difficulty.,HIGH,False,bn-hi
4625,তাসের ঘর,অতিশয় অনিশ্চিত অবস্থা; অত্যন্ত ক্ষণস্থায়ী অবস্থা,थक कर चूर होना,To be extremely tired.,HIGH,False,bn-hi
4630,তিতিবিরক্ত,"উত্ত্যক্ত, অত্যন্ত বিরক্ত, তেতোবিরক্ত",थक कर चूर होना,To be extremely tired.,HIGH,False,bn-hi
4631,তিনঠেঙে,লাঠি হাতে বৃদ্ধ,दिल पर पत्थर रखना,To control emotions with difficulty.,HIGH,False,bn-hi
4636,তিনমাথা,অতিবৃদ্ধ,थक कर चूर होना,To be extremely tired.,HIGH,False,bn-hi
4638,তিনশত্রু,শত্রুকে তিনটি দ্রব্য দেওয়ার ভাবনা থেকে উৎপন্ন বাগধারা,आसमान से गिरा खजूर में अटका,From bad to worse.,HIGH,False,bn-hi
4639,তিন সত্যি,"তিনবার সত্য উচ্চরণ করা, যা অত্যন্ত নিশ্চয়তাব্যঞ্জক; অতি সত্য; খুব ঠিক; নিঃসন্দেহ",सांप भी मर जाए और लाठी भी न टूटे,Finding a solution that satisfies all parties without loss.,HIGH,False,bn-hi
4644,তিরিক্ষি,যে অল্পেতে রেগে যায়; রগচটা,आँखों का काँटा,A person who is disliked or irritating.,HIGH,False,bn-hi
4645,তিরোধান,মহাপুরুষের মৃত্যু,नौ दो ग्यारह होना,To run away quickly.,HIGH,False,bn-hi
4646,তিল,অতিসামান্য পরিমাণ বা অংশ,तिनके का सहारा,A small help in a difficult situation.,HIGH,False,bn-hi
4647,তিল কুড়িয়ে তাল গড়া,একটু একটু করে সঞ্চয় গড়ে তোলা,तिनके का सहारा,A small help in a difficult situation.,HIGH,False,bn-hi
4648,তিল তিল করে,একটু একটু করে; ক্রমে ক্রমে কিন্তু অবিচ্ছিন্নভাবে,ऊँट के मुँह में जीरा,Too little for need.,HIGH,False,bn-hi
4649,তিল ধারণের জায়গা না থাকা,"অত্যন্ত ভিড় হওয়া, ঠাসাঠাসি হওয়া",थक कर चूर होना,To be extremely tired.,HIGH,False,bn-hi
4650,তিলককাটা বামুন,বিদ্রুপে ভণ্ড বা মেকী ধার্মিক,आँखों का काँटा,A person who is disliked or irritating.,HIGH,False,bn-hi
4652,তিলকঞ্চন,খুব কম খরচে শ্রাদ্ধানুষ্ঠান,दिल पर पत्थर रखना,To control emotions with difficulty.,HIGH,False,bn-hi
4653,তিলকে তাল করা,অতিরঞ্জিত করা; তুচ্ছ ব্যাপারকে বড় করে দেখানো; বাড়িয়ে বলা; সামান্য ব্যাপারকে গুরুতর করে তোলা,तिनके का सहारा,A small help in a difficult situation.,HIGH,False,bn-hi
4656,তিলে তিলে,"একটু একটু করে, ধীরে ধীরে",ऊँट के मुँह में जीरा,Too little for need.,HIGH,False,bn-hi
4657,তিলে তিলে তাল,একটু একটু করে বিরাট আকার,तिनके का सहारा,A small help in a difficult situation.,HIGH,False,bn-hi
4658,তিলে তিলে তিলোত্তমা,তিলে তিলে সৃষ্ট সৌন্দর্য,आसमान से गिरा खजूर में अटका,From bad to worse.,HIGH,False,bn-hi
4660,তিলোত্তমা,অতি সুন্দরী নারী,थक कर चूर होना,To be extremely tired.,HIGH,False,bn-hi
4663,তীর্থের কাক,সাগ্রহে প্রতীক্ষাকারী,आँखों का काँटा,A person who is disliked or irritating.,HIGH,False,bn-hi
4665,তুচ্ছতাচ্ছিল্য করা,অবজ্ঞা বা অবহেলা করা,आँखें तरेरना,To show anger.,HIGH,False,bn-hi
4668,তুঙ্গে বৃহস্পতি,মহাসৌভাগ্য,खून खौलना,To feel extreme anger.,HIGH,False,bn-hi
4669,তুড়ি দেওয়া,অগ্রাহ্য করা; অবজ্ঞা করা; এড়িয়ে যাওয়া; তুচ্ছ জ্ঞান করা; তোয়াক্কা না করা,आँखें तरेरना,To show anger.,HIGH,False,bn-hi
4670,তুড়িলাফ,স্ফূর্তিতে হঠাৎ লাফিয়ে ওঠা,दिल पर पत्थर रखना,To control emotions with difficulty.,HIGH,False,bn-hi
4671,তুড়ুম ঠোকা,ভালোভাবে শিক্ষা দেওয়া; রূঢ়ভাবে তিরস্কার করা,हाथ खड़े करना,To give up.,HIGH,False,bn-hi
4672,তুড়ে দেওয়া,শক্ত কথায় কড়াভাবে তিরস্কার করে,दिल पर पत्थर रखना,To control emotions with difficulty.,HIGH,False,bn-hi
4673,তুফান তোলা,প্রবল বিতর্ক/উত্তেজনার সৃষ্টি করা,आसमान सिर पर उठाना,To create a lot of noise or chaos.,HIGH,False,bn-hi
4680,তুর্কিনাচ নাচানো,অতিশয় বিব্রত দশা; পরের নির্দেশে চলতে গিয়ে নাজেহাল অবস্থা,खून खौलना,To feel extreme anger.,HIGH,False,bn-hi
4682,তুলতুল,অত্যন্ত কোমল/নরমভাব,थक कर चूर होना,To be extremely tired.,HIGH,False,bn-hi
4683,তুলসীবনের বাঘ,"কপট, ভণ্ড, ভেকধারী ব্যক্তি; সাধু বলে পরিচিত অসাধু ব্যক্তি",आँखों का काँटा,A person who is disliked or irritating.,HIGH,False,bn-hi
4691,তে এঁটে,কুৎসিতদর্শন লোক,दिल पर पत्थर रखना,To control emotions with difficulty.,HIGH,False,bn-hi
4694,তেঠঙ্গা,বিদ্রুপে লাঠিযুক্ত বৃদ্ধ লোক; বয়সজনিত কারণে বঙ্কিম চেহারা,आँखों का काँटा,A person who is disliked or irritating.,HIGH,False,bn-hi
4696,তেড়েফুঁড়ে,ভিতর থেকে তাড়া করে বাহিরে আসার ভাব; তর্জন গর্জন করে; ধমকিয়ে এবং রেগে গিয়ে; হঠাৎ তাড়া করে,दिल पर पत्थर रखना,To control emotions with difficulty.,HIGH,False,bn-hi
4702,তেরে-কেটে-তা,"তুচ্ছতাচ্ছিল্য, উপেক্ষার ভাব, কোনভাবে দিন কাটানো, নেচে বেড়ানো, ভাবনাচিন্তাহীন",सांप भी मर जाए और लाठी भी न टूटे,Finding a solution that satisfies all parties without loss.,HIGH,False,bn-hi
4709,তেলামাথায় তেল দেওয়া,যার প্রচুর আছে তাকে আরও দান,आँखों का काँटा,A person who is disliked or irritating.,HIGH,False,bn-hi
4710,তেলেবেগুনে জ্বলে ওঠা,অতিমাত্রায় উত্তেজিত হওয়া; অতিশয় ক্ষোভ দেখানো; ক্রোধে অগ্নিধর্মা হওয়া; প্রচণ্ড রেগে যাওয়া,आग बबूला होना,To become extremely angry.,HIGH,False,bn-hi
4711,তেলে ভাজা,রোদে পুড়ে তামাটে বর্ণ,आसमान से गिरा खजूर में अटका,From bad to worse.,HIGH,False,bn-hi
4713,তেশন্নির দশা,অবলম্বনহীন অবস্থা,सांप भी मर जाए और लाठी भी न टूटे,Finding a solution that satisfies all parties without loss.,HIGH,False,bn-hi
4714,তৈরী ছেলে,"ব্যঙ্গে- অকালপক্ব, চৌখশ, ডেঁপো, ফাজিল, নষ্টচরিত্র ইত্যাদি",आँखों का काँटा,A person who is disliked or irritating.,HIGH,False,bn-hi
4716,তৈলবট,"বিধান দেওয়ার জন্য ব্রাহ্মণ পণ্ডিতকে অর্থ দেওয়া, যাতে তারা যজমানের ইচ্ছানুসারে বিধান পরিবর্তন করে",दिल पर पत्थर रखना,To control emotions with difficulty.,HIGH,False,bn-hi
4720,তোতাপাখি,না বুঝে অনুকরণকারী,सांप भी मर जाए और लाठी भी न टूटे,Finding a solution that satisfies all parties without loss.,HIGH,False,bn-hi
4721,তোতাবুলি,অর্থ না বুঝে আওড়ানো মুখস্থ কথা,सांप भी मर जाए और लाठी भी न टूटे,Finding a solution that satisfies all parties without loss.,HIGH,False,bn-hi
4722,তোতাবৃত্তি,"অনুকরণের স্বভাব, না বুঝে অনুকরণ করা",सांप भी मर जाए और लाठी भी न टूटे,Finding a solution that satisfies all parties without loss.,HIGH,False,bn-hi
4724,তোমার একদিন কি আমার একদিন,হেস্তনেস্ত করা,दीवारों के कान होना,Confidential matters may be overheard.,HIGH,False,bn-hi
4729,তোলোহাঁড়ি,"তলোহাঁড়ির মত গম্ভীর ও স্ফীত মুখভাব; গোমড়ামুখো, গম্ভীরপ্রকৃতির লোক",आँखों का काँटा,A person who is disliked or irritating.,HIGH,False,bn-hi
4732,ত্যাজ্যপুত্র,পুত্রের অধিকার ও পিতার সম্পত্তি থেকে বঞ্চিত ও বিতাড়িত পুত্র,आसमान से गिरा खजूर में अटका,From bad to worse.,HIGH,False,bn-hi
4733,ত্রাতা মধুদূদন,বিপদে সাহায্যকারী শ্রীকৃষ্ণ; বিপন্নকে উদ্ধারকারী ব্যক্তি,आँखों का काँटा,A person who is disliked or irritating.,HIGH,False,bn-hi
4734,ত্রাহি মধুসুদন,বিপদ থেকে পরিত্রাণ পাওয়ার জন্য ঈশ্বরের কাছে প্রার্থনা,आसमान से गिरा खजूर में अटका,From bad to worse.,HIGH,False,bn-hi
4735,ত্রাহি ত্রাহি ডাক ছাড়া,বিপদ থেকে উদ্ধার পাওয়ার জন্য পরিত্রাহি চিৎকার করা,आसमान से गिरा खजूर में अटका,From bad to worse.,HIGH,False,bn-hi
4739,ত্রিবলি,খুবই রোগা বা কৃশকায় ব্যক্তি,आँखों का काँटा,A person who is disliked or irritating.,HIGH,False,bn-hi
4748,ত্রিশঙ্কু অবস্থা,অনিশ্চিত অবস্থায় পড়েছে এমন ব্যক্তি; এদিকেও না ওদিকেও না,आँखों का काँटा,A person who is disliked or irritating.,HIGH,False,bn-hi
4755,থই পাওয়া,তলভূমি বা স্থল পাওয়া,रास्ता निकालना,To find a solution.,HIGH,False,bn-hi
4757,থোকা দর,আন্দাজী হিসাব; কোন মাপজোখ না করে,सांप भी मर जाए और लाठी भी न टूटे,Finding a solution that satisfies all parties without loss.,HIGH,False,bn-hi
4758,থকা,অবসন্ন/ক্লান্ত হওয়া; হাঁপিয়ে যাওয়া,कान खड़े होना,To become alert.,HIGH,False,bn-hi
4759,থতমত খাওয়া,কিংকর্তব্যবিমূঢ় হওয়া; কিছু বলতে গিয়ে ইতস্তত করা; কিছু দেখে বা শুনে অপ্রতিভ হওয়া; মুখে কথা না ফোটার অবস্থা; ঘাবড়ে গিয়ে কিছু স্থির করতে না পারা,खून खौलना,To feel extreme anger.,HIGH,False,bn-hi
4773,থাবা মারা,ভাগ বসানো,दिल पर लेना,To take something personally.,HIGH,False,bn-hi
4774,থাবা দেওয়া,কেড়ে বা ছিনিয়ে নেওয়া; জবরদস্তি করে নেওয়া,नौ दो ग्यारह होना,To run away quickly.,HIGH,False,bn-hi
4775,থাবা দেওয়া,কেড়ে বা ছিনিয়ে নেওয়া; জবরদস্তি করে নেওয়া,नौ दो ग्यारह होना,To run away quickly.,HIGH,False,bn-hi
4777,থাবড়ানো,চড়ের ওপর চড় মারা,हाथ खड़े करना,To give up.,HIGH,False,bn-hi
4779,থিতা,মন্দীভূত হওয়া,नाक कटना,To lose respect or honor.,HIGH,False,bn-hi
4782,থুড়থুড়ে,"বার্ধক্যজনিত কারণে কম্পনসূচক, অতিবৃদ্ধত্ববাচক",खून खौलना,To feel extreme anger.,HIGH,False,bn-hi
4783,থুড়া,ক্রমাগত আঘাতে তিরস্কারে প্রহারে বা ভর্ৎসনায় জর্জরিত করা,पानी सिर से गुजरना,Situation getting out of control.,HIGH,False,bn-hi
4784,থুতু ফেলা,ধিক্কার জানানো,दिल का बोझ हल्का करना,To express feelings.,HIGH,False,bn-hi
4786,থুম মেরে যাওয়া,"ভয়ে বা বিস্ময়ে অনড়, নির্বাক, নিশ্চল, বাক্যহীন হওয়া",कान खड़े होना,To become alert.,HIGH,False,bn-hi
4787,থেকে থেকে,"কিছুকাল অন্তর, মধ্যে মধ্যে, মাঝে মাঝে",आसमान से गिरा खजूर में अटका,From bad to worse.,HIGH,False,bn-hi
4789,থোঁতা মুখ,বড় ও ভারী মুখ,मुँह की खाना,To face defeat.,HIGH,False,bn-hi
4790,থোঁতা মুখ ভোঁতা করা,উপযুক্ত শাস্তি দেওয়া; দর্পচূর্ণ করা; বড় মুখ ছোট করা,हाथ खड़े करना,To give up.,HIGH,False,bn-hi
4794,থোড়-বড়ি-খাড়া,বৈচিত্রহীন একঘেয়ে জীবন,सांप भी मर जाए और लाठी भी न टूटे,Finding a solution that satisfies all parties without loss.,HIGH,False,bn-hi
4795,থোড়াই কেয়ার করা,"একটুও না, মোটেই গ্রাহ্য না করা",कान पकड़ना,To promise not to repeat a mistake.,HIGH,False,bn-hi
4796,দকে পড়া,ভীষণ বিপদে পড়া,खून खौलना,To feel extreme anger.,HIGH,False,bn-hi
4797,দক্ষযজ্ঞ,"প্রলয়কাণ্ড, চূড়ান্ত হট্টগোল, লন্ডভন্ড কর্মকাণ্ডে বিপর্যস্ত অবস্থা",खून खौलना,To feel extreme anger.,HIGH,False,bn-hi
4798,দক্ষিণ নায়ক,একইসাথে বহু নায়িকার প্রতি অনুরক্ত,दिल पर पत्थर रखना,To control emotions with difficulty.,HIGH,False,bn-hi
4802,দক্ষিণা,সম্মাননীয় ব্যক্তির পারিশ্রমিক,आँखों का काँटा,A person who is disliked or irritating.,HIGH,False,bn-hi
4806,দগ্ধপ্রাণ,"বেদনার্ত; যন্ত্রণাগ্রস্ত, সন্তপ্ত",दिल पर पत्थर रखना,To control emotions with difficulty.,HIGH,False,bn-hi
4808,দগ্ধপত্রন্যায়,পুড়ে গেলে পাতার অবয়ব একই থাকে কিন্তু পাতা বলে গ্রাহ্য হয় না,पानी सिर से गुजरना,Situation getting out of control.,HIGH,False,bn-hi
4810,দড়কাঁচা,"দেখতে পাকা কিন্তু ভিতরে শক্ত, আধপাকা আধকাঁচা",धरना देना,To stand firm on an issue.,HIGH,False,bn-hi
4814,দড়িছেঁড়া গরু,বন্ধনমুক্ত,आसमान से गिरा खजूर में अटका,From bad to worse.,HIGH,False,bn-hi
4815,দড়ি ছেঁড়া,হাতের বা শাসনের বাইরে গিয়েছে এমন; শাসন বহির্ভূত,छोटा मुँह बड़ी बात,Talking beyond one's status.,HIGH,False,bn-hi
4818,দণ্ডপূপন্যায়,কোন দুঃসাধ্য কাজের সিদ্ধি দেখে সুসাধ্য কাজের সিদ্ধির তৃপ্তবোধ,तिनके का सहारा,A small help in a difficult situation.,HIGH,False,bn-hi
4819,দণ্ডপ্রণাম,সাষ্টাঙ্গ প্রণাম,नाक कटना,To lose respect or honor.,HIGH,False,bn-hi
4820,দণ্ডমুণ্ডের কর্তা,"সকল প্রকার শাস্তিদানের অধিকারী; যিনি রাখলে রাখতে পারেন মারলে মারতে পারেন; উপরওয়ালা, বিচারপতি বা শাসক",सांप भी मर जाए और लाठी भी न टूटे,Finding a solution that satisfies all parties without loss.,HIGH,False,bn-hi
4821,দণ্ডে দণ্ডে,"ক্ষণে ক্ষণে, প্রতি মুহূর্তে",आसमान से गिरा खजूर में अटका,From bad to worse.,HIGH,False,bn-hi
4822,দত্তপূর্বা,বিয়ের প্রতিশ্রুতি দেওয়া হয়েছে এমন কন্যা,आँखों का काँटा,A person who is disliked or irritating.,HIGH,False,bn-hi
4825,দধীচি,পরের মঙ্গলের জন্য আত্মবলিদানকারী দেহদানকারী মহাপুরুষ,आँखों का काँटा,A person who is disliked or irritating.,HIGH,False,bn-hi
4830,দন্তরুচিকৌমুদী,বিকশিত দাঁতের শুভ্রতা; হাসার সময়ে সুন্দর সাদা দাঁতের শোভা,चार चाँद लगना,To enhance beauty or value.,HIGH,False,bn-hi
4831,দন্তস্ফুট,কঠিন বিষয় উপলব্ধি; দুর্বোধ্য/দুরূহ বিষয়ের মধ্যে প্রবেশ; বোঝা,तिनके का सहारा,A small help in a difficult situation.,HIGH,False,bn-hi
4832,দন্তস্ফুট,কঠিন বিষয় উপলব্ধি; দুর্বোধ্য/দুরূহ বিষয়ের মধ্যে প্রবেশ; বোঝা,तिनके का सहारा,A small help in a difficult situation.,HIGH,False,bn-hi
4833,দাঁতে কুটো ধরা,ঘাট মানা; গরু গাধার মত নিজেকে মূঢ় মনে করা,छोटा मुँह बड़ी बात,Talking beyond one's status.,HIGH,False,bn-hi
4836,দফা রফা,অবস্থা,पानी सिर से गुजरना,Situation getting out of control.,HIGH,False,bn-hi
4838,দফা শেষ,সর্বনাশ করা,रंग में भंग डालना,To ruin enjoyment.,HIGH,False,bn-hi
4841,দমকা খরচ,হঠাৎ ব্যয়বৃদ্ধি,रातों-रात बदल जाना,Sudden change.,HIGH,False,bn-hi
4842,দম খাওয়া,চুপ করে থাকা,साँप सूँघ जाना,To become silent suddenly.,HIGH,False,bn-hi
4845,দম দেওয়া পুতুল,একনাগাড়ে বকে যায় এমন,सांप भी मर जाए और लाठी भी न टूटे,Finding a solution that satisfies all parties without loss.,HIGH,False,bn-hi
4846,দম নেওয়া,বিশ্রাম করা,दिल पर लेना,To take something personally.,HIGH,False,bn-hi
4847,দম ফাটা,গোপন আবেগে অস্থির হওয়া,दिल बाग-बाग होना,Feeling extremely happy.,HIGH,False,bn-hi
4849,দম ফুরানো,ক্লান্ত হয়ে পড়া,कान खड़े होना,To become alert.,HIGH,False,bn-hi
4851,দম বার হওয়া,অত্যধিক ক্লান্ত হওয়া,आग बबूला होना,To become extremely angry.,HIGH,False,bn-hi
4852,দম রাখা,শ্বাস বন্ধ করে অনেকক্ষণ থাকা,छोटा मुँह बड़ी बात,Talking beyond one's status.,HIGH,False,bn-hi
4853,দম লাগানো,তামাক গাঁজা ইত্যাদির ধোঁয়া একেবারে যথাশক্তি গলাধঃকরণ করা,दिल पर पत्थर रखना,To control emotions with difficulty.,HIGH,False,bn-hi
4854,দমসম,অতি ভোজনে নাজেহাল অবস্থা,आसमान से गिरा खजूर में अटका,From bad to worse.,HIGH,False,bn-hi
4859,দরকচা,আধপাকা-আধকাঁচা; আংশিক অপরিপক্বতা; দেখতে পাকা কিন্তু ভিতরে শক্ত,पैर जमाना मुश्किल होना,Hard to establish oneself.,HIGH,False,bn-hi
4860,দরকচা মারা,জামড়া পড়া; আধপাকা বা আধকাঁচা থাকা; পুরাপুরি সিদ্ধ বা পাকা না হওয়া,दिमाग खराब होना,To get irritated.,HIGH,False,bn-hi
4865,দরদাম,আসল/ন্যায্যমূল্য,बंदर क्या जाने अदरक का,Someone is unaware of the value or significance of something.,HIGH,False,bn-hi
4866,দরদাম করা,ক্রেতা-বিক্রেতার মধ্যে দাম নিয়ে কষাকষি করা বা প্রস্তাবিত মূল্য কমানোর চেষ্টা,बंदर क्या जाने अदरक का,Someone is unaware of the value or significance of something.,HIGH,False,bn-hi
4867,দরজায় কড়া নাড়া,যে কোন মুহূর্তে উপস্থিত হতে পারে; সমাসন্ন; সমূহ উপস্থিত; সমার্থক বাগধারা- এলো বলে,घर का भेदी लंका ढाए,An insider can cause downfall.,HIGH,False,bn-hi
4868,দরাজ গলা,যে গলা ইচ্ছামত চড়ানো যায়; যে গলায় উঁচু-নিচু সুর অবাধে খেলে,सांप भी मर जाए और लाठी भी न टूटे,Finding a solution that satisfies all parties without loss.,HIGH,False,bn-hi
4870,দরের লোক,খুব কাজের লোক,आँखों का काँटा,A person who is disliked or irritating.,HIGH,False,bn-hi
4871,দর্পণে মুখ দেখা,অবিকল প্রতিবিম্ব; লোকের সাথে যেমন ব্যবহার করবে তেমন ব্যবহার ফেরৎ পাবে,आसमान से गिरा खजूर में अटका,From bad to worse.,HIGH,False,bn-hi
4873,দলছুট,দল থেকে বিচ্ছিন্ন,आसमान से गिरा खजूर में अटका,From bad to worse.,HIGH,False,bn-hi
4874,দল পাকানো,নিন্দার্থে গোষ্ঠীবদ্ধ হওয়া; কারো শত্রুতা করার জন্য দলবদ্ধ হওয়া,पानी सिर से गुजरना,Situation getting out of control.,HIGH,False,bn-hi
4875,দলবল,"অনুবর্তীগণ, স্বপক্ষীয় লোকজন",छोटा मुँह बड़ी बात,Talking beyond one's status.,HIGH,False,bn-hi
4883,দশ কথা,অনেক কথা,आसमान सिर पर उठाना,To create a lot of noise or chaos.,HIGH,False,bn-hi
4885,দশকর্ম,গর্ভাধান থেকে বিবাহ পর্যন্ত হিন্দুর অনুষ্ঠেয় দশবিধ সংস্কার,आसमान से गिरा खजूर में अटका,From bad to worse.,HIGH,False,bn-hi
4888,দশচক্রে ভগবান ভূত,বহুলোকের ষড়যন্ত্রে অসম্ভবও সম্ভব হতে পারে; সত্যও মিথ্যারূপে প্রতিপন্ন হতে পারে; সাধুও অসাধু প্রতিপন্ন হতে পারে,कान खड़े होना,To become alert.,HIGH,False,bn-hi
4889,দশজনের একজন,অনেকের মধ্যে যিনি শ্রেষ্ঠব্যক্তি বলে গণ্য; বিশিষ্টজন,आँखों का काँटा,A person who is disliked or irritating.,HIGH,False,bn-hi
4891,দশবাই চণ্ডী,অতি কোপনস্বভাবা নারী,थक कर चूर होना,To be extremely tired.,HIGH,False,bn-hi
4893,দশভুজা,খুবই করিতকর্মা নারী,थक कर चूर होना,To be extremely tired.,HIGH,False,bn-hi
4896,দশাসই,দশদিক বিস্তৃত,सांप भी मर जाए और लाठी भी न टूटे,Finding a solution that satisfies all parties without loss.,HIGH,False,bn-hi
4897,দস্তানা পড়া বিড়াল,আয়েসী লোক,आँखों का काँटा,A person who is disliked or irritating.,HIGH,False,bn-hi
4902,দহরম মহরম,অত্যন্ত মাখামাখিভাব; গভীর মেলামেশা; ঘনিষ্ঠসম্পর্ক,खून खौलना,To feel extreme anger.,HIGH,False,bn-hi
4904,দাঁও মারা,সুযোগ বুঝে লাভজনক কাজ করা; সহজে মোটা লাভ করা,नाक ऊँची करना,To make proud.,HIGH,False,bn-hi
4908,দাঁত-ক্যালানে,অকারণে দন্ত বিকশিত করে এমন,आँखों का काँटा,A person who is disliked or irritating.,HIGH,False,bn-hi
4909,দাঁত খিচানো,বিকৃত মুখভঙ্গী করে তিরস্কার করা,दिल पर पत्थर रखना,To control emotions with difficulty.,HIGH,False,bn-hi
4910,দাঁত থাকতে দাঁতের মর্যাদা বোঝা,সময়ে সুযোগের সদব্যবহার করা; সময়ের কাজ সময়ে করা,नाक ऊँची करना,To make proud.,HIGH,False,bn-hi
4911,দাঁত ফোটানো,কটিন বিষয়ে প্রবেশ লাভ করা; কোন দুরুহ বিষয় বোধগম্য হওয়া,तिनके का सहारा,A small help in a difficult situation.,HIGH,False,bn-hi
4912,দাঁত বার করা,অপ্রতিভ ভাব প্রকাশ করা,दिल का बोझ हल्का करना,To express feelings.,HIGH,False,bn-hi
4914,দাঁতভাঙা,উচ্চারণে কষ্ট হয় এমন,तिनके का सहारा,A small help in a difficult situation.,HIGH,False,bn-hi
4915,দাঁতে কাঠি দিয়ে পড়ে থাকা,না খেয়ে শুয়ে থাকা,सांप भी मर जाए और लाठी भी न टूटे,Finding a solution that satisfies all parties without loss.,HIGH,False,bn-hi
4918,দাঁতে দড়ি দিয়ে পরে থাকা,দড়ি দিয়ে বেঁধে নড়নচড়নরহিত করার ভাবার্থে দাঁত বন্ধ করে খাওয়াদাওয়া বন্ধ করে শুয়ে থাকা,दिल पर पत्थर रखना,To control emotions with difficulty.,HIGH,False,bn-hi
4921,দাউদাউ,প্রবল মোটাশিখায় আগুন,दिल पर पत्थर रखना,To control emotions with difficulty.,HIGH,False,bn-hi
4923,দাগ,"অভিমান, মালিন্য",दिल टूटना,To feel emotional pain.,HIGH,False,bn-hi
4924,দাগ লাগা,দোষ/কলঙ্ক স্পর্শ করা,छोटा मुँह बड़ी बात,Talking beyond one's status.,HIGH,False,bn-hi
4925,দাগা,"আঘাত, মর্মবেদনা",दिल टूटना,To feel emotional pain.,HIGH,False,bn-hi
4926,দাগাবাজ,"বিশ্বাসঘাতক, বেইমান",आँखों का काँटा,A person who is disliked or irritating.,HIGH,False,bn-hi
4931,দাণ্ডা-খাণ্ডা,পতিপুত্রহীনা নারী; বাঁজা,सांप भी मर जाए और लाठी भी न टूटे,Finding a solution that satisfies all parties without loss.,HIGH,False,bn-hi
4932,দাতাকর্ণ,অতিশয় দানশীল ব্যক্তি,थक कर चूर होना,To be extremely tired.,HIGH,False,bn-hi
4933,দাদ তোলা,সুযোগ বুঝে পুরানো বৈরীতার প্রতিশোধ নেওয়া,दिल पर लेना,To take something personally.,HIGH,False,bn-hi
4937,দান-খয়রাত,একার্থক যুগ্মশব্দ; স্বত্ব ত্যাগ করে টাকাকড়ি/বস্তু দেওয়া; ভিক্ষা,नौ दो ग्यारह होना,To run away quickly.,HIGH,False,bn-hi
4943,দায়ঠেলা,অনিচ্ছায় একান্ত বাধ্য হয়ে কিছু করা,खून खौलना,To feel extreme anger.,HIGH,False,bn-hi
4945,দায় পড়া,গরজ থাকা; প্রয়োজন অনুভব করা; বিপরীত 'দায় পড়েনি' অর্থে ব্যবহৃত হয়,खून खौलना,To feel extreme anger.,HIGH,False,bn-hi
4947,দায়ে পড়া,"প্রয়োজনের চাপে পড়া, বাধ্য হওয়া, বিপদে পড়া",दिमाग खराब होना,To get irritated.,HIGH,False,bn-hi
4948,দায়ে পড়ে ঢেলায় প্রণাম,প্রয়োজন বা স্বার্থের তাগিদে পূণ্যকর্ম করা; সংকটে ধর্মভজন,पानी सिर से गुजरना,Situation getting out of control.,HIGH,False,bn-hi
4951,দালাল,ব্যঙ্গে অযৌক্তিকভাবে কারও পক্ষ অবলম্বনকারী বা পক্ষসমর্থনকারী,आँखों का काँटा,A person who is disliked or irritating.,HIGH,False,bn-hi
4954,দাসানুদাস,একান্ত অনুগত ব্যক্তি,आँखों का काँटा,A person who is disliked or irritating.,HIGH,False,bn-hi
4955,দিকপাল,অতিপ্রভাবশালী ব্যক্তি,आँखों का काँटा,A person who is disliked or irritating.,HIGH,False,bn-hi
4959,দিগদিগন্ত,"চারিদিক, সমস্ত দিক, সর্বত্র",सांप भी मर जाए और लाठी भी न टूटे,Finding a solution that satisfies all parties without loss.,HIGH,False,bn-hi
4960,দিগ্বিদিক,"পূর্বাদি চার দিক ও ঈশানাদি চার কোণ, সর্বদিক",सांप भी मर जाए और लाठी भी न टूटे,Finding a solution that satisfies all parties without loss.,HIGH,False,bn-hi
4962,দিন আনা দিন খাওয়া,দিনমজুরি করে সংসারযাত্রা নির্বাহ করা,छोटा मुँह बड़ी बात,Talking beyond one's status.,HIGH,False,bn-hi
4965,দিন কাটে তো রাত কাটে না,"দিনের কর্মব্যস্ততায় কষ্টের কথা ভুলে থাকা যায়, কিন্তু অলস রাতের কষ্টটা বুকে চেপে বসে",घर का भेदी लंका ढाए,An insider can cause downfall.,HIGH,False,bn-hi
4967,দিন কেনা,নিজের কাজ গুছিয়ে নেওয়া; সুযোগমত কার্যোদ্ধার,छोटा मुँह बड़ी बात,Talking beyond one's status.,HIGH,False,bn-hi
4968,দিনকে দিন,"দিনের পর দিন, প্রতিদিন",कलेजा ठंडा होना,To feel satisfied after revenge.,HIGH,False,bn-hi
4971,দিনগত পাপক্ষয়,নিত্যকৃত্য; একঘেয়ে দৈনন্দিন কাজ শেষ করা; বিনা আনন্দে শুধু শুকনো কর্তব্যপালন,सांप भी मर जाए और लाठी भी न टूटे,Finding a solution that satisfies all parties without loss.,HIGH,False,bn-hi
4972,দিন গোনা,দীর্ঘকাল ধরে সাগ্রহে অপেক্ষা করা,तेल देखो तेल की धार देखो,Wait and observe carefully.,HIGH,False,bn-hi
4980,দিন ফুরানো,আয়ু শেষ হওয়া,छोटा मुँह बड़ी बात,Talking beyond one's status.,HIGH,False,bn-hi
4981,দিনভর,সারাদিন,सांप भी मर जाए और लाठी भी न टूटे,Finding a solution that satisfies all parties without loss.,HIGH,False,bn-hi
4982,দিনমান,দিনের বেলা; সূর্যোদয় থেকে সূর্যাস্তকাল পর্যন্ত; দিবাভাগ,आसमान से गिरा खजूर में अटका,From bad to worse.,HIGH,False,bn-hi
4984,দিনে ডাকাতি,অত্যন্ত দুঃসাহসী কুকর্ম; জ্ঞাতসারে বা প্রকাশ্যে প্রতারণা,थक कर चूर होना,To be extremely tired.,HIGH,False,bn-hi
4985,দিনে তারা দেখা,অসম্ভব কিছু সম্ভব করতে পেরে গর্ব অনুভব করা; প্রচণ্ড অহংকারী,दिल बाग-बाग होना,Feeling extremely happy.,HIGH,False,bn-hi
4987,দিনের দিন,"প্রতিদিন, সেইদিনই",सांप भी मर जाए और लाठी भी न टूटे,Finding a solution that satisfies all parties without loss.,HIGH,False,bn-hi
4990,দিল খোলা,"অকপট, সরল মনের লোক, কোন ঘোরপ্যাঁচ নেই",सांप भी मर जाए और लाठी भी न टूटे,Finding a solution that satisfies all parties without loss.,HIGH,False,bn-hi
4996,দিল্লিকা লাড্ডু,"যে লোভনীয় বস্তু পেলে লোকে নিরাশ হয়, আবার না পেলেও নিরাশ হয়",सांप भी मर जाए और लाठी भी न टूटे,Finding a solution that satisfies all parties without loss.,HIGH,False,bn-hi
4997,দিশপাশ,"কূলকিনারা, দিশা",सांप भी मर जाए और लाठी भी न टूटे,Finding a solution that satisfies all parties without loss.,HIGH,False,bn-hi
5002,দীর্ঘসূত্রী,অত্যন্ত অলস; কাজ করতে খুব দেরি হয় এমন বিলম্বে কাজ করতে অভ্যস্ত,थक कर चूर होना,To be extremely tired.,HIGH,False,bn-hi
5004,দুইয়ের বার,এটা ও ওটার বাইরে অর্থাৎ উভয় উদ্দেশ্যেই অযোগ্য; কোনো কাজের উপযুক্ত নয়,कान पकड़ना,To promise not to repeat a mistake.,HIGH,False,bn-hi
5007,দুঃখের উপর টনকের ঘা,কষ্টের উপর কষ্ট,जख्म पर नमक छिड़कना,Adding to someone's pain.,HIGH,False,bn-hi
5009,দু’কাঠি বাজানো,দুপক্ষের মাঝে ঝগড়া বাঁধিয়ে দেওয়া,सांप भी मर जाए और लाठी भी न टूटे,Finding a solution that satisfies all parties without loss.,HIGH,False,bn-hi
5010,দু’কান কাটা,নির্লজ্জ বেহায়া,थक कर चूर होना,To be extremely tired.,HIGH,False,bn-hi
5012,দুকূল,ইহকাল ও পরকাল; সমস্ত আশ্রয়,सांप भी मर जाए और लाठी भी न टूटे,Finding a solution that satisfies all parties without loss.,HIGH,False,bn-hi
5014,দুখীরাম,যে ব্যক্তি দুঃখকষ্টে দিন কাটায়,आँखों का काँटा,A person who is disliked or irritating.,HIGH,False,bn-hi
5018,দু-চুচকো,যে দুই পক্ষকেই খুশি করে কথা বলে,आँखों का काँटा,A person who is disliked or irritating.,HIGH,False,bn-hi
5020,দু-চোখের বিষ,"অত্যন্ত অপ্রিয় বিষয়বস্তু, চক্ষুশুল",थक कर चूर होना,To be extremely tired.,HIGH,False,bn-hi
5021,দুড়দাড়,অতি দ্রুত ও জোর শব্দ,आसमान सिर पर उठाना,To create a lot of noise or chaos.,HIGH,False,bn-hi
5023,দুধ কলা দিয়ে সাপ পোষা,মারাত্মক শত্রুকে চিনতে না পেরে সাদরে পালন করা,सांप भी मर जाए और लाठी भी न टूटे,Finding a solution that satisfies all parties without loss.,HIGH,False,bn-hi
5024,দুধ কলা দিয়ে সাপ পোষা,মারাত্মক শত্রুকে চিনতে না পেরে সাদরে পালন করা,सांप भी मर जाए और लाठी भी न टूटे,Finding a solution that satisfies all parties without loss.,HIGH,False,bn-hi
5028,দুধে গরুর চোনা,একটুদোষে বহুগুণ বরবাদ; সামান্য ত্রুটি বা নিকৃষ্ট বস্তুর জন্য মূল্যবান বস্তু নষ্ট,तिनके का सहारा,A small help in a difficult situation.,HIGH,False,bn-hi
5029,দুধে জলে মেশা,বেমালুম মিশে যাওয়া; একাত্ম হওয়া,कान खड़े होना,To become alert.,HIGH,False,bn-hi
5030,দুধে ভাতে থাকা,"সচ্ছল অবস্থায়, ঐশ্বর্যে বা ভোগে থাকা; খেয়েপরে সুখে থাকা",दिल पर पत्थर रखना,To control emotions with difficulty.,HIGH,False,bn-hi
5032,দুধের মাছি,সুসময়ের বন্ধু/সঙ্গী যা শুধুমাত্র সুখের সময়ে উপস্থিত থাকে এবং দুঃখের সময়ে অন্যত্র চলে যায়,आँखों का काँटा,A person who is disliked or irritating.,HIGH,False,bn-hi
5033,দুধের বদলে ঘোল,কাঙ্খিত উৎকৃষ্ট বস্তুর পরিবর্তে নিকৃষ্ট বস্তুতে সন্তুষ্ট থাকা,दिल पर पत्थर रखना,To control emotions with difficulty.,HIGH,False,bn-hi
5034,দুনিয়াদার,সংসারী; সাংসারিক; বিষয়বুদ্ধিসম্পন্ন,दीवारों के कान होना,Confidential matters may be overheard.,HIGH,False,bn-hi
5035,দুনিয়ার বার,সৃষ্টিছাড়া,छोटा मुँह बड़ी बात,Talking beyond one's status.,HIGH,False,bn-hi
5038,দু'নৌকায় পা দেয়া,দুটি প্রতিকূল বিষয়ে মন দেওয়া; দুটি পরস্পরবিরোধী কাজ একইসাথে সম্পন্ন করার ব্যর্থপ্রয়াস; পরস্পরবিরোধী দুইপক্ষের সঙ্গেই সম্পর্ক বজায় রাখতে গিয়ে নিজের সর্বনাশ ডেকে আনা,सांप भी मर जाए और लाठी भी न टूटे,Finding a solution that satisfies all parties without loss.,HIGH,False,bn-hi
5039,দু'নৌকায় পা দিয়া,বিচারে অস্থিরতা; দ্বিধাদ্বন্দ্বে মনস্থির করতে অপারগ,छोटा मुँह बड़ी बात,Talking beyond one's status.,HIGH,False,bn-hi
5041,দুমুখো লোক,যে উভয়পক্ষকে খুশী রাখে,आँखों का काँटा,A person who is disliked or irritating.,HIGH,False,bn-hi
5042,দুমুখো সাপ,দুজনকে দুরকম কথা বলে পরস্পরের মধ্যে শত্রুতা সৃষ্টিকারী ব্যক্তি; কপটাচারী; ধান্ধাবাজ,आँखों का काँटा,A person who is disliked or irritating.,HIGH,False,bn-hi
5043,দুমুঠো,"অল্প, কিঞ্চিৎ, সামান্য পরিমাণ",तिनके का सहारा,A small help in a difficult situation.,HIGH,False,bn-hi
5044,দুমেটে,দ্বিতীয়বার সংস্কার করা হয়েছে এমন,सांप भी मर जाए और लाठी भी न टूटे,Finding a solution that satisfies all parties without loss.,HIGH,False,bn-hi
5045,দুয়ারে হাতীবাঁধা,প্রচুর ধনসম্পদের মালিক,आँखों का काँटा,A person who is disliked or irritating.,HIGH,False,bn-hi
5047,দুরদৃষ্ট,দুর্ভাগ্য,आसमान से गिरा खजूर में अटका,From bad to worse.,HIGH,False,bn-hi
5049,দুর্বাসা,কোপণস্বভাব ক্ষতিকর ব্যক্তি,आँखों का काँटा,A person who is disliked or irritating.,HIGH,False,bn-hi
5051,দুলাল,আদরে প্রতিপালিত পুত্রসন্তান,दिल पर पत्थर रखना,To control emotions with difficulty.,HIGH,False,bn-hi
5052,দুঃশাসন,অতিশয় নিপীড়নমূলক শাসন,थक कर चूर होना,To be extremely tired.,HIGH,False,bn-hi
5053,দুষ্টের আটারোগাছি পথ,কার্যসিদ্ধির জন্য দুষ্টের উপায়ের অভাব হয় না,आँखों का काँटा,A person who is disliked or irritating.,HIGH,False,bn-hi
5054,দু'হাত এক করা,বিয়ে দেওয়া; বিবাহবন্ধনে আবদ্ধ হওয়া,दिमाग खराब होना,To get irritated.,HIGH,False,bn-hi
5055,দূর ছাই,ঘৃণা লজ্জা বিরক্তি অবিশ্বাস অসম্মতি প্রভৃতি ভাবপ্রকাশক,दिल पर पत्थर रखना,To control emotions with difficulty.,HIGH,False,bn-hi
5056,দূর ছাই করা,অবজ্ঞা করা; তুচ্ছতাচ্ছিল্য করা,दिल पर पत्थर रखना,To control emotions with difficulty.,HIGH,False,bn-hi
5057,দূরদর্শী,"ভবিষ্যতের ফলাফল আগাম অনুধাবন করতে পারে এমন, বিচক্ষণ",घर का भेदी लंका ढाए,An insider can cause downfall.,HIGH,False,bn-hi
5061,দূর্বা গজানো,খুব পুরাতন হওয়া,कान खड़े होना,To become alert.,HIGH,False,bn-hi
5063,দৃঢ়মূল,গভীরভাবে মাটিতে প্রোথিত,आँखों में बस जाना,To be deeply loved or admired.,HIGH,False,bn-hi
5069,দেওয়ালে পিঠ ঠেকা,অন্য কোন উপায়ে লড়াইয়ের আর সুযোগ নেই,दिल पर पत्थर रखना,To control emotions with difficulty.,HIGH,False,bn-hi
5070,দেওয়ালে মাথা ঠোকা,অসম্ভব কোন কাজ করতে ব্যর্থ চেষ্টা করা,नाक ऊँची करना,To make proud.,HIGH,False,bn-hi
5071,দেওয়ালের কান থাকা,কিছু গোপন নয়,दीवारों के कान होना,Confidential matters may be overheard.,HIGH,False,bn-hi
5074,দেখ তো তোর না দেখ তো মোরে,একটু সুযোগ পেলেই যারা পরের দ্রব্য চুরি করে তাদের আচরণ,आँखों का काँटा,A person who is disliked or irritating.,HIGH,False,bn-hi
5075,দেখন হাসি,দেখা হলেই হাসে এমন ব্যক্তি,आँखों का काँटा,A person who is disliked or irritating.,HIGH,False,bn-hi
5077,দেখ-ভালো করা,অনুসন্ধান করা; উত্তমরূপে দেখা; তত্ত্বাবধান করা,कलेजा ठंडा होना,To feel satisfied after revenge.,HIGH,False,bn-hi
5078,দেখ সিঁদুরে,দেখতে বেশ সুন্দর; বাহ্যসৌন্দর্যিশিষ্ট,चार चाँद लगना,To enhance beauty or value.,HIGH,False,bn-hi
5085,দেখে নেওয়া,জব্দ করা; প্রতিশোধ নেওয়ার ভয় দেখানো,आँख दिखाना,To threaten someone.,HIGH,False,bn-hi
5086,দেখেশুনে,চারিদিক লক্ষ্য করে; সাবধানে,दिल पर पत्थर रखना,To control emotions with difficulty.,HIGH,False,bn-hi
5087,দেখে শুনে,সতর্কভাবে বিচার করে,कलेजा ठंडा होना,To feel satisfied after revenge.,HIGH,False,bn-hi
5091,দেবপুরী,অতি সুন্দর ভবন,थक कर चूर होना,To be extremely tired.,HIGH,False,bn-hi
5096,দেয়ালে পিঠ ঠেকে যাওয়া,এমন অবস্থায় পড়া যেখান থেকে বাঁচার উপায় থাকে না,पानी सिर से गुजरना,Situation getting out of control.,HIGH,False,bn-hi
5097,দেয়ালে মাথা ঠোকা,অনুশোচনায় বা অসহায় অবস্থায় পড়ে নিজেকে কষ্ট দেওয়া,हाथ मलना,To regret deeply.,HIGH,False,bn-hi
5098,দেয়ালে মাথা ঠোকা,অনুশোচনায় বা অসহায় অবস্থায় পড়ে নিজেকে কষ্ট দেওয়া,हाथ मलना,To regret deeply.,HIGH,False,bn-hi
5099,দেয়ালেরও কান আছে,কোন কথাই গোপন থাকে না; গোপন কথা কারো শোনার অত্যন্ত সম্ভাবনা,सांप भी मर जाए और लाठी भी न टूटे,Finding a solution that satisfies all parties without loss.,HIGH,False,bn-hi
5102,দেহ মাটি করা,অত্যধিক শ্রমে জীবনপাত করা; কঠোর পরিশ্রম করা,खून पसीना एक करना,To work extremely hard.,HIGH,False,bn-hi
5103,দেহ মাটি করা,অত্যধিক শ্রমে জীবনপাত করা; কঠোর পরিশ্রম করা,खून पसीना एक करना,To work extremely hard.,HIGH,False,bn-hi
5107,দৈত্য-দানো,দিতির পুত্র দৈত্য ও দনুর পুত্র দানব সম্পর্কে বৈমাত্রেয় ভাই; অলংকারে একার্থক অপদেবতা বা অনিষ্টকারী শক্তিসমূহ,दिल पर पत्थर रखना,To control emotions with difficulty.,HIGH,False,bn-hi
5108,দৈনন্দিন,প্রতিদিন করতে হয় এমন,सांप भी मर जाए और लाठी भी न टूटे,Finding a solution that satisfies all parties without loss.,HIGH,False,bn-hi
5110,দো-আঁশলা,"অকুলীন, বর্ণসঙ্কর, বিপিতা-বিমাতা সম্পর্কযুক্ত; নীতিভ্রষ্ট ব্যক্তি",आँखों का काँटा,A person who is disliked or irritating.,HIGH,False,bn-hi
5119,দোষৈকদর্শী,"গুণ দেখে না, কেবল দোষ দেখে বেড়ায় এমন",आँखों का काँटा,A person who is disliked or irritating.,HIGH,False,bn-hi
5120,দোসর লক্ষ্মণ,আপদবিপদে সর্বসময়ের ভাই লক্ষ্মণের মত আদর্শ সঙ্গী,सांप भी मर जाए और लाठी भी न टूटे,Finding a solution that satisfies all parties without loss.,HIGH,False,bn-hi
5126,দৌড় মারা,বেগে পলায়ন করা,नौ दो ग्यारह होना,To run away quickly.,HIGH,False,bn-hi
5129,দ্বিজিহ্বা,"পরস্পরবিরোধী উক্তিকারী, মিথ্যাবাদী",आँखों का काँटा,A person who is disliked or irritating.,HIGH,False,bn-hi
5133,দ্বৈপায়নতা,বিচ্ছিন্নতা বা দ্বীপাকার বিভাজন যা শাসকের পক্ষে সুযোগ সৃষ্টি করে,सांप भी मर जाए और लाठी भी न टूटे,Finding a solution that satisfies all parties without loss.,HIGH,False,bn-hi
5137,ধনঞ্জয়ের পালা,বিলক্ষণ প্রহারের পালা; প্রহারের দ্বারা তাড়ানোর পালা,नौ दो ग्यारह होना,To run away quickly.,HIGH,False,bn-hi
5138,ধনদাস,ধন যার উপাস্য; ধনলাভের জন্য যে সকলপ্রকার হীনতা স্বীকার করে,सांप भी मर जाए और लाठी भी न टूटे,Finding a solution that satisfies all parties without loss.,HIGH,False,bn-hi
5139,ধনপিশাচ,অত্যন্ত ধনলোভী ও কৃপণ; অতিশয় ব্যয়কুন্ঠ,थक कर चूर होना,To be extremely tired.,HIGH,False,bn-hi
5140,ধনপ্রিয়া,যে নারী অর্থ ভালবাসে,आँखों का काँटा,A person who is disliked or irritating.,HIGH,False,bn-hi
5141,ধনুর্ভঙ্গ পণ,অতি কঠিন ও অনড় প্রতিজ্ঞা,थक कर चूर होना,To be extremely tired.,HIGH,False,bn-hi
5142,ধনুর্ধর,"ব্যঙ্গে বাহাদুর ব্যক্তি, যে খুব কেরামতি দেখায়",आँखों का काँटा,A person who is disliked or irritating.,HIGH,False,bn-hi
5143,ধনুর্ভঙ্গপণ,সীতার বিবাহে হরধনু ভাঙার মতো অতি কঠিন এবং প্রায় অসাধ্য কাজ করার প্রতিজ্ঞা; দৃঢ় প্রতিজ্ঞা যা নড়চড় করে না,धरना देना,To stand firm on an issue.,HIGH,False,bn-hi
5146,ধন্বন্তরি,"অদ্বিতীয় চিকিৎসক, যিনি রোগ নিরাময়ে কখনো ব্যর্থ হন না",आँखों का काँटा,A person who is disliked or irritating.,HIGH,False,bn-hi
5147,ধর তক্তা মার পেরেক,দায়সারাভাবে দ্রূত কাজ শেষ করার চেষ্টা,सांप भी मर जाए और लाठी भी न टूटे,Finding a solution that satisfies all parties without loss.,HIGH,False,bn-hi
5148,ধরতাই বুলি,অন্যের কাছ থেকে জানা কথা; যে কথা সবাই জানে বা বলে; নতুনত্বহীন প্রচলিত বুলি বা চালু কথা,सांप भी मर जाए और लाठी भी न टूटे,Finding a solution that satisfies all parties without loss.,HIGH,False,bn-hi
5149,ধরতে ছুঁতে নেই,কোন দায়ে জড়িত নয়; নির্লিপ্তভাব,रंग बदलना,To change attitude quickly.,HIGH,False,bn-hi
5150,ধরণা দেওয়া,অভীষ্টলাভের প্রত্যাশায় অভীষ্টদাতার দ্বারে বসে থাকা,छोटा मुँह बड़ी बात,Talking beyond one's status.,HIGH,False,bn-hi
5152,ধর লক্ষ্মণ,কোন চিন্তা না করেই নির্দ্বিধায় আদেশ পালন করা,सांप भी मर जाए और लाठी भी न टूटे,Finding a solution that satisfies all parties without loss.,HIGH,False,bn-hi
5153,ধর লক্ষণ,যে কাজটি করতে বলা হয়নি অথচ করা যুক্তিযুক্ত সে কাজটি না করা; অতি অনুগত ও বোকারা কর্তার ইঙ্গিত উদ্দেশ্য ও অভিপ্রায় না বুঝে পরিষ্কার নির্দেশ ছাড়া কোন কাজে হাত দেয় না,सांप भी मर जाए और लाठी भी न टूटे,Finding a solution that satisfies all parties without loss.,HIGH,False,bn-hi
5156,ধরাছোঁয়া না দেওয়া,কোনো কিছুর দায়িত্ব না নেওয়া,कान पकड़ना,To promise not to repeat a mistake.,HIGH,False,bn-hi
5157,ধরাছোঁয়ার বাইরে,নাগালের বাইরে; সহজে কায়দায় পাওয়া যায় না এমন,सांप भी मर जाए और लाठी भी न टूटे,Finding a solution that satisfies all parties without loss.,HIGH,False,bn-hi
5158,ধরা দেওয়া,আত্মসমর্পণ করা; আয়ত্তে যাওয়া,दिल पर पत्थर रखना,To control emotions with difficulty.,HIGH,False,bn-hi
5163,ধরি মাছ না ছুঁই পানি,অতিশয় চতুরতা; কৌশলে কার্যোদ্ধার,खून खौलना,To feel extreme anger.,HIGH,False,bn-hi
5165,ধর্ণা দেওয়া,কার্যসিদ্ধির জন্য পড়ে থাকা; দীর্ঘক্ষণ অপেক্ষা করা,तेल देखो तेल की धार देखो,Wait and observe carefully.,HIGH,False,bn-hi
5166,ধর্মকর্ম,শাস্ত্রবিধি অনুযায়ী পূণ্যকর্ম,दिल पर पत्थर रखना,To control emotions with difficulty.,HIGH,False,bn-hi
5168,ধর্মপিতা,ধর্মতঃ যাকে পিতা বা পুত্র বলে স্বীকার করা হয়েছে,आँखों का काँटा,A person who is disliked or irritating.,HIGH,False,bn-hi
5175,ধাঁ করে,অগ্র-পশ্চাৎ বিবেচনা না করে; হঠাৎ করে,सांप भी मर जाए और लाठी भी न टूटे,Finding a solution that satisfies all parties without loss.,HIGH,False,bn-hi
5177,ধাক্কা সামলানো,বিপদ সামলানো; সংকট বা ঝামেলা থেকে রক্ষা পাওয়া,आसमान से गिरा खजूर में अटका,From bad to worse.,HIGH,False,bn-hi
5178,ধাড়ি,যে পাশু বা পাখি বেশি বাচ্চা দিয়েছে,सांप भी मर जाए और लाठी भी न टूटे,Finding a solution that satisfies all parties without loss.,HIGH,False,bn-hi
5182,ধান দিয়ে লেখাপড়া শেখা,যত্সামান্য খরচে বা বিনাখরচে লেখাপড়া শেখা,दिल पर पत्थर रखना,To control emotions with difficulty.,HIGH,False,bn-hi
5183,ধানদূর্বা দিয়ে আশীর্বাদ করা,অমূল্য সোনারূপা দিয়ে না করে সুলভ ধানদূর্বা দিয়ে আশীর্বাদ করা,हाथ खड़े करना,To give up.,HIGH,False,bn-hi
5184,ধানদূর্বা দিয়ে পূজা করা,বিদ্রুপে সম্মান/সমীহ করা,नाक कटना,To lose respect or honor.,HIGH,False,bn-hi
5188,ধান্ধা,"উদ্দেশ্য, কাজের সন্ধান",खून पसीना एक करना,To work extremely hard.,HIGH,False,bn-hi
5190,ধান্যেশ্বরী,"ব্যঙ্গে ধান বা চাল থেকে চোলাই করা মদ, ধেনো মদ",आसमान से गिरा खजूर में अटका,From bad to worse.,HIGH,False,bn-hi
5194,ধামাচাপা দেওয়া,অন্যায়ভাবে গোপন করা; অন্যায়ভাবে লোকচক্ষুর আড়ালে আনা,आसमान से गिरा खजूर में अटका,From bad to worse.,HIGH,False,bn-hi
5198,ধার ধারা,"খাতির করা, গ্রাহ্য করা, তোয়াক্কা করা, পাত্তা দেওয়া, মান্যতা দেওয়া, সম্পর্ক রাখা",हाथ खड़े करना,To give up.,HIGH,False,bn-hi
5200,ধার না ধারা,উপেক্ষা করা; সম্পর্ক না রাখা,कान पकड़ना,To promise not to repeat a mistake.,HIGH,False,bn-hi
5203,ধারে ডোবা,প্রচুর দেনায় জড়িয়ে পড়া,दिमाग खराब होना,To get irritated.,HIGH,False,bn-hi
5205,ধিকিধিকি,মৃদু জ্বলনের ভাব,दिल टूटना,To feel emotional pain.,HIGH,False,bn-hi
5210,ধিনিকেষ্ট,ধিনধিন করে নেচে বেড়ায় এমন দায়িত্বজ্ঞানহীন ফুর্তিবাজ লোক,आँखों का काँटा,A person who is disliked or irritating.,HIGH,False,bn-hi
5211,ধীরে সুস্থে,আস্তে আস্তে; তাড়াহুড়ো না করে,सांप भी मर जाए और लाठी भी न टूटे,Finding a solution that satisfies all parties without loss.,HIGH,False,bn-hi
5214,ধুত্তোর,"তোর সংশ্রবজনিত ঝঞ্ঝাট দূর হোক, বিরক্তিসূচক অভিব্যক্তি",दीवारों के कान होना,Confidential matters may be overheard.,HIGH,False,bn-hi
5221,ধুমসা,কালো মোটাসোটা লোক,आँखों का काँटा,A person who is disliked or irritating.,HIGH,False,bn-hi
5224,ধুয়া তোলা,"ছল করা, এক কথা বার বার বলা",आसमान सिर पर उठाना,To create a lot of noise or chaos.,HIGH,False,bn-hi
5225,ধুরন্ধর,"অতি কর্মকুশল, ওস্তাদ, দক্ষ; চতুর, ধড়িবাজ, ধূর্ত, বখাটে",थक कर चूर होना,To be extremely tired.,HIGH,False,bn-hi
5226,ধুলো দেওয়া (গায়ে),ঘৃণা প্রকাশ করা,दिल का बोझ हल्का करना,To express feelings.,HIGH,False,bn-hi
5227,চোখে ধুলো দেওয়া,ফাঁকি দেওয়া,आँखों में धूल झोंकना,To deceive someone.,HIGH,False,bn-hi
5228,চোখে ধুলো দেওয়া,ফাঁকি দেওয়া,आँखों में धूल झोंकना,To deceive someone.,HIGH,False,bn-hi
5229,ধুলোমুঠি ধরলে সোনামুঠি,ভাগ্য সুপ্রসন্ন হলে স্বল্পচেষ্টাতেই সাফল্য আসে,दिल पर पत्थर रखना,To control emotions with difficulty.,HIGH,False,bn-hi
5230,ধূনা দেওয়া,উত্তেজনা ছড়ানো,पानी सिर से गुजरना,Situation getting out of control.,HIGH,False,bn-hi
5231,ধূমকেতু,"অশুভলক্ষণ, উৎপাত, কুগ্রহ, হঠাৎ এসে উপস্থিত ব্যক্তি",आँखों का काँटा,A person who is disliked or irritating.,HIGH,False,bn-hi
5232,ধূমধাম,খুব ঘটা; মহাসমারোহ,दिल पर पत्थर रखना,To control emotions with difficulty.,HIGH,False,bn-hi
5234,ধূয়া,মুখ্য অর্থ- যে সুরে গান শুরু হবে সেই সুর শুরু করা; দোহারগণ গানের যে অংশ বার বার গায়; গৌণ অর্থ- যে উক্তি বার বার করা হয়,दिल पर पत्थर रखना,To control emotions with difficulty.,HIGH,False,bn-hi
5235,ধূয়া তোলা,আবদার করা; ছল করা,आँखों में धूल झोंकना,To deceive someone.,HIGH,False,bn-hi
5237,ধূলামুষ্টি স্বর্ণমুষ্টি হওয়া,যে কাজেই হাত দেওয়া হোক-না-কেন সর্বক্ষেত্রেই সাফল্য পাওয়া,सांप भी मर जाए और लाठी भी न टूटे,Finding a solution that satisfies all parties without loss.,HIGH,False,bn-hi
5247,ধোঁকার টাটি,প্রতারণার আবরণ যা থেকে কিছু বোঝা যায় না; বাইরে সাজানো ভেতরে অসুবিধা,सांप भी मर जाए और लाठी भी न टूटे,Finding a solution that satisfies all parties without loss.,HIGH,False,bn-hi
5253,ধোপার গাধা,পরের জন্য খেটে মরা ব্যক্তি,आँखों का काँटा,A person who is disliked or irritating.,HIGH,False,bn-hi
5254,ধোপার পাট ঘরেরও না ঘাটেরও না,যে মানুষ সর্বত্র অনাদৃত,आँखों का काँटा,A person who is disliked or irritating.,HIGH,False,bn-hi
5257,ধোপে টিকবে না,পরীক্ষায় উত্তীর্ণ হবে না; পরীক্ষায় ভিতরের গলদ প্রকাশ হয়ে পড়বে,कान पकड़ना,To promise not to repeat a mistake.,HIGH,False,bn-hi
5258,ধোয়া তুলসীপাতা,নিস্পাপ; কিছু জানে না; নিস্কলঙ্ক বলে নিজেকে জাহির করা লোকের প্রতি তির্যকোক্তি,आँखों का काँटा,A person who is disliked or irritating.,HIGH,False,bn-hi
5263,ধ্বজাধারী,"উপাধি, বংশ, ফোঁটা, তিলক ইত্যাদির গর্বে গর্বিত ব্যক্তি",आँखों का काँटा,A person who is disliked or irritating.,HIGH,False,bn-hi
5268,নকড়া-ছকড়া করা,অবহেলা/তুচ্ছতাচ্ছিল্য/অপমানিত করা,दिल पर पत्थर रखना,To control emotions with difficulty.,HIGH,False,bn-hi
5271,নক্ষত্রপতন,বিখ্যাত ব্যক্তির মৃত্যু,आँखों का काँटा,A person who is disliked or irritating.,HIGH,False,bn-hi
5275,নগদ নারায়ণ,কাঁচা পয়সা; নগদ টাকা,सिर पर कफन बाँधना,To be ready to risk life.,HIGH,False,bn-hi
5276,নগদ বিদায়,কাজ শেষ হওয়ামাত্র মূল্যপ্রদান,खून पसीना एक करना,To work extremely hard.,HIGH,False,bn-hi
5279,নচ্ছার,"অপদার্থ, সারবিহীন অতি নীচ",थक कर चूर होना,To be extremely tired.,HIGH,False,bn-hi
5284,নজর মারা,কুদৃষ্টি দেওয়া,हाथ खड़े करना,To give up.,HIGH,False,bn-hi
5287,নজরে আসা,দৃষ্টিগোচর হওয়া,कान खड़े होना,To become alert.,HIGH,False,bn-hi
5288,নজরে ধরা,প্রীতিজনক বা পছন্দসই হওয়া,छोटा मुँह बड़ी बात,Talking beyond one's status.,HIGH,False,bn-hi
5295,নড়তে চড়তে বারোমাস,অত্যন্ত অলস,थक कर चूर होना,To be extremely tired.,HIGH,False,bn-hi
5296,নড়াচড়া,স্থান পরিবর্তন,आसमान से गिरा खजूर में अटका,From bad to worse.,HIGH,False,bn-hi
5299,নড়েভোলা,"আত্মভোলা, আধাপাগলা, বোকাসোকা লোক",आँखों का काँटा,A person who is disliked or irritating.,HIGH,False,bn-hi
5301,নথ নাড়া,নথ নেড়ে নিজের সংকল্প বা গর্ব প্রকাশ করা,छोटा मुँह बड़ी बात,Talking beyond one's status.,HIGH,False,bn-hi
5302,নথ নাড়া,নথ নেড়ে নিজের সংকল্প বা গর্ব প্রকাশ করা,छोटा मुँह बड़ी बात,Talking beyond one's status.,HIGH,False,bn-hi
5305,ননস্টপ,একনাগাড়ে,सांप भी मर जाए और लाठी भी न टूटे,Finding a solution that satisfies all parties without loss.,HIGH,False,bn-hi
5306,ননীর পুতুল,যা গরমে গলে যায়,सांप भी मर जाए और लाठी भी न टूटे,Finding a solution that satisfies all parties without loss.,HIGH,False,bn-hi
5307,নন্দী-ভৃঙ্গী,শিবের দুই অনুচর; বিদ্রুপে কারো দুইপাশে থাকা অবাঞ্ছিত সর্বক্ষণের অনুচরবর্গ,आँखों का काँटा,A person who is disliked or irritating.,HIGH,False,bn-hi
5311,নবকুমার,উপকারী ব্যক্তি,आँखों का काँटा,A person who is disliked or irritating.,HIGH,False,bn-hi
5315,নবমীর পাঁঠা,দুর্গাপূজায় নবমী তিথির বলির পাঁঠার মতো ভীত ব্যক্তি,आँखों का काँटा,A person who is disliked or irritating.,HIGH,False,bn-hi
5316,নবাব,"ব্যঙ্গে- অহঙ্কারী, আরামপ্রিয় ও ভোগবিলাসী ব্যক্তি",आँखों का काँटा,A person who is disliked or irritating.,HIGH,False,bn-hi
5317,নবাব খাঞ্জা খাঁ,অমিতব্যয়ী অতিবিলাসী ব্যক্তি,आँखों का काँटा,A person who is disliked or irritating.,HIGH,False,bn-hi
5318,নবাবজাদা,"নবাবপুত্রের মত চলা অমিতব্যয়ী, ভোগবিলাসী ও আরামপ্রিয় লোক",आँखों का काँटा,A person who is disliked or irritating.,HIGH,False,bn-hi
5319,নবাব সিরাজদ্দৌলা,মাত্রাতিরিক্ত নবাবীয়ানা; উচ্ছৃঙ্খল চরিত্রের লোক,दिल पर पत्थर रखना,To control emotions with difficulty.,HIGH,False,bn-hi
5321,নবিশ,আনাড়ী লোক,आँखों का काँटा,A person who is disliked or irritating.,HIGH,False,bn-hi
5324,নমাসে ছমাসে,"কদাচিৎ, বহুদিন বাদে বাদে",कलेजा ठंडा होना,To feel satisfied after revenge.,HIGH,False,bn-hi
5325,নম্বরী নোট,উচ্চমূল্যের টাকার নোট,सांप भी मर जाए और लाठी भी न टूटे,Finding a solution that satisfies all parties without loss.,HIGH,False,bn-hi
5328,নয়দুয়ারী,দ্বারেদ্বারে ভিক্ষা মাগে এমন ব্যক্তি,आँखों का काँटा,A person who is disliked or irritating.,HIGH,False,bn-hi
5334,নরক গুলজার,অসংযত স্ফূর্তিবাজদের আড্ডা; বদলোকের জমায়েতি,आसमान से गिरा खजूर में अटका,From bad to worse.,HIGH,False,bn-hi
5335,নরকযন্ত্রণা,তীব্র অনুশোচনায় অসহ্য মানসিক যন্ত্রণা,आसमान से गिरा खजूर में अटका,From bad to worse.,HIGH,False,bn-hi
5338,নরপশু,পশুর মতো আচরণকারী মানুষ; পশুবৎ মানুষ,आँखों का काँटा,A person who is disliked or irritating.,HIGH,False,bn-hi
5339,নরপিশাচ,নিকৃষ্ট প্রবৃত্তিবিশিষ্ট মানুষ; আকৃতিতে নর প্রকৃতিতে পিশাচ,दिल पर पत्थर रखना,To control emotions with difficulty.,HIGH,False,bn-hi
5341,নরম-গরম কথা,মিঠে ও কটু মিশ্রিত বাক্য,दिल पर पत्थर रखना,To control emotions with difficulty.,HIGH,False,bn-hi
5343,নরম বিস্কুট,খাস্তা বা মচমচে নয় এমন বিস্কুট,सांप भी मर जाए और लाठी भी न टूटे,Finding a solution that satisfies all parties without loss.,HIGH,False,bn-hi
5345,নরম মাটি,দুর্বলপ্রকৃতির লোক,आँखों का काँटा,A person who is disliked or irritating.,HIGH,False,bn-hi
5348,নরম পাকের সন্দেশ,বেশি ঘনিভূত নয় এমন সন্দেশ,सांप भी मर जाए और लाठी भी न टूटे,Finding a solution that satisfies all parties without loss.,HIGH,False,bn-hi
5354,নরাধম,অতিনীচ প্রকৃতির মানুষ,थक कर चूर होना,To be extremely tired.,HIGH,False,bn-hi
5355,নরুণে তালগাছ কাটা,"অল্প পরিশ্রমে বিরাট কাজ, অসাধ্যসাধন, উচ্চাশা",दिल पर पत्थर रखना,To control emotions with difficulty.,HIGH,False,bn-hi
5357,নষ্টচন্দ্র,"কলঙ্কী, যার মুখ দেখলে পাপ হয়",आँखों का काँटा,A person who is disliked or irritating.,HIGH,False,bn-hi
5358,নষ্টা,"কুলটা, দুশ্চরিত্রা",आसमान से गिरा खजूर में अटका,From bad to worse.,HIGH,False,bn-hi
5359,নষ্টামি,কুকর্ম করা,आसमान से गिरा खजूर में अटका,From bad to worse.,HIGH,False,bn-hi
5360,নস্টালজিয়া,অতীতের প্রতি অতিমুগ্ধ; অতীত-বিধুরতা,दिल पर पत्थर रखना,To control emotions with difficulty.,HIGH,False,bn-hi
5363,নস্যি আত করা,অস্তিত্বহীন করা,ठिकाने लगाना,To eliminate someone.,HIGH,False,bn-hi
5367,না আঁচালে বিশ্বাস নেই,কার্যসিদ্ধির আগে সাফল্য সম্পর্কে নিশ্চিত না হওয়া,कान पकड़ना,To promise not to repeat a mistake.,HIGH,False,bn-hi
5368,নাগপাশের বন্ধন,বড় কঠিন বন্ধন,तिनके का सहारा,A small help in a difficult situation.,HIGH,False,bn-hi
5369,"না ঘাটকা, না ঘরকা",সর্বত্র অনাদৃত ব্যক্তি,आँखों का काँटा,A person who is disliked or irritating.,HIGH,False,bn-hi
5371,না পড়ে পণ্ডিত,কৌলিন্যের জন্য 'পণ্ডিত' উপাধি ধারণকারী মূর্খ ব্যক্তি,आँखों का काँटा,A person who is disliked or irritating.,HIGH,False,bn-hi
5373,না রাম না গঙ্গা,কোনকিছু না মানা; ধর্মের ধার না ধারা; ধর্মহীন ব্যক্তি,आँखों का काँटा,A person who is disliked or irritating.,HIGH,False,bn-hi
5374,নাই আঁকড়া,অসম্মতিসূচক ভাব ধরে বসে থাকে,दिल पर पत्थर रखना,To control emotions with difficulty.,HIGH,False,bn-hi
5376,নাই মামার চেয়ে কানামামা ভালো,একেবারে অভাবের চেয়ে অভাবের আংশিক পূরণ হওয়া ভালো,सांप भी मर जाए और लाठी भी न टूटे,Finding a solution that satisfies all parties without loss.,HIGH,False,bn-hi
5377,নাক উঁচানো,অবজ্ঞা করা; উন্নাসিকভাব প্রকাশ করা; ঘৃণা করা,आँखें तरेरना,To show anger.,HIGH,False,bn-hi
5378,নাক উঁচানো,অবজ্ঞা করা; উন্নাসিকভাব প্রকাশ করা; ঘৃণা করা,आँखें तरेरना,To show anger.,HIGH,False,bn-hi
5379,নাক তোলা,নাক উঁচু করে চলে এমন; অহঙ্কারী; উন্নাসিক,दिल पर पत्थर रखना,To control emotions with difficulty.,HIGH,False,bn-hi
5380,নাক-উঁচু,অহঙ্কারী; উন্নাসিক; অন্য ব্যক্তিকে গ্রাহ্যের মধ্যে আনে না,आँखों का काँटा,A person who is disliked or irritating.,HIGH,False,bn-hi
5381,নাক কাটা,অপমান করা; ক্ষতি করা; লজ্জা দেওয়া,घर का भेदी लंका ढाए,An insider can cause downfall.,HIGH,False,bn-hi
5383,নাক কাটা যাওয়া,অপমানিত হওয়া; সম্ভ্রম নষ্ট হওয়া,नाक कटना,To lose respect or honor.,HIGH,False,bn-hi
5384,নাক-কান বুজে সহ্য করা,অত্যন্ত কষ্ট সহ্য করা,खून खौलना,To feel extreme anger.,HIGH,False,bn-hi
5385,নাক-কান-বোজা,প্রতিবাদ বা অভিযোগ না করা,सांप भी मर जाए और लाठी भी न टूटे,Finding a solution that satisfies all parties without loss.,HIGH,False,bn-hi
5387,নাক (নিজের) কেটে পরের যাত্রা ভঙ্গ করা,নিজের বেশি ক্ষতি করে পরের ক্ষতি করা; পরের অনিষ্ট কামনায় আগে নিজের অনিষ্ট করা; নির্বোধের মত কাজ করা,पानी सिर से गुजरना,Situation getting out of control.,HIGH,False,bn-hi
5388,নাকখত দেওয়া,নিজের অপরাধের বা ভুলের প্রায়শ্চিত্ত করা,छोटा मुँह बड़ी बात,Talking beyond one's status.,HIGH,False,bn-hi
5390,নাক ঝামটা দেওয়া,তিরস্কার করা; বিরক্তি প্রকাশ করা,दिल का बोझ हल्का करना,To express feelings.,HIGH,False,bn-hi
5392,নাকফোঁড়া বলদ,"হুকুমের দাস, যে পরের নির্দেশে উঠে-বসে",आँखों का काँटा,A person who is disliked or irritating.,HIGH,False,bn-hi
5394,নাক বাঁকানো,তুচ্ছ-তাচ্ছিল্য করা; অবজ্ঞায় বা ঘৃণায় নাসিকাকুঞ্চন করা,आँखें तरेरना,To show anger.,HIGH,False,bn-hi
5395,নাক বাঁকানো,তুচ্ছ-তাচ্ছিল্য করা; অবজ্ঞায় বা ঘৃণায় নাসিকাকুঞ্চন করা,आँखें तरेरना,To show anger.,HIGH,False,bn-hi
5396,নাক মলা,আর ভুল হবে না বলে অঙ্গীকার করা; ভুলের প্রায়শিত্ত করে ভবিষতের জন্য সতর্ক হওয়া,सांप भी मर जाए और लाठी भी न टूटे,Finding a solution that satisfies all parties without loss.,HIGH,False,bn-hi
5398,নাকানিচোবানি খাওয়া,অত্যধিক কাজের চাপে ডুবেথাকা অবস্থায় নিশ্বাস ফেলবার অবকাশ না পাওয়া,छोटा मुँह बड़ी बात,Talking beyond one's status.,HIGH,False,bn-hi
5402,নাকুয়া,উন্নাসিক; নাক উঁচু করে চলে এমন লোক,आँखों का काँटा,A person who is disliked or irritating.,HIGH,False,bn-hi
5403,নাকে কাঁদা,আবদারের কান্না,छोटा मुँह बड़ी बात,Talking beyond one's status.,HIGH,False,bn-hi
5404,নাকে খত দেওয়া,দোষ কবুল করা; প্রায়শ্চিত্ত করা; ভবিষ্যতে এই ভুল আর হবে না এই প্রতিজ্ঞা করা,कान पकड़ना,To promise not to repeat a mistake.,HIGH,False,bn-hi
5406,নাকে তেল দিয়ে ঘুমানো,পরম নিশ্চিন্তে থাকা,सांप भी मर जाए और लाठी भी न टूटे,Finding a solution that satisfies all parties without loss.,HIGH,False,bn-hi
5407,নাকে দড়ি দিয়ে ঘুরানো,নাকালের একশেষ করা,दिल पर पत्थर रखना,To control emotions with difficulty.,HIGH,False,bn-hi
5408,নাকেমুখে কথা,"বাচালতা, বেশি কথা",छोटा मुँह बड़ी बात,Talking beyond one's status.,HIGH,False,bn-hi
5409,নাকেমুখে কথা,"বাচালতা, বেশি কথা",छोटा मुँह बड़ी बात,Talking beyond one's status.,HIGH,False,bn-hi
5410,নাকেমুখে গোঁজা,এত দ্রুত খাওয়া যেন হাত মুখ তুলতে নাকে লাগে; কোনমতে খাওয়া শেষ করা,सांप भी मर जाए और लाठी भी न टूटे,Finding a solution that satisfies all parties without loss.,HIGH,False,bn-hi
5411,নাকে সরষের তেল দিয়ে ঘুমানো,সুযোগ হারানো বা ব্যর্থতার পর বাড়ি ফিরে বিশ্রাম নেওয়া,दाँत खट्टे करना,To defeat someone badly.,HIGH,False,bn-hi
5414,নাকের ডগায়,অতি সন্নিকটে,छोटा मुँह बड़ी बात,Talking beyond one's status.,HIGH,False,bn-hi
5417,নাগপাশ,অতিদৃঢ় বন্ধন,थक कर चूर होना,To be extremely tired.,HIGH,False,bn-hi
5420,নাচা,মেতে ওঠা,कान खड़े होना,To become alert.,HIGH,False,bn-hi
5421,না চাইতে জল,অভাবনীয় প্রাপ্তি,सांप भी मर जाए और लाठी भी न टूटे,Finding a solution that satisfies all parties without loss.,HIGH,False,bn-hi
5422,নাচাকোঁদা,হাস্যকর অঙ্গভঙ্গি করা,नाक ऊँची करना,To make proud.,HIGH,False,bn-hi
5426,নাছোড়বান্দা,"উদ্দেশ্য হাসিলের জন্য সবসময় লেগে থাকে এমন, জেদী, ছেড়ে দেবার পাত্র নয়",आँखों का काँटा,A person who is disliked or irritating.,HIGH,False,bn-hi
5428,নাজেহাল,অতিশয় লাঞ্ছিত বা বিপন্ন; নাকাল; নাজুক হাল; পরিশ্রান্ত; হাল খুব খারাপ,खून खौलना,To feel extreme anger.,HIGH,False,bn-hi
5430,নাট-বল্টু ঢিলা,চালাকচতুর নয়; ঢিলেঢালা নড়বড়ে চরিত্রের লোক,दिल पर पत्थर रखना,To control emotions with difficulty.,HIGH,False,bn-hi
5436,নাড়ি ছাড়া,মারা যাওয়া; স্পন্দনহীন হওয়া,कान खड़े होना,To become alert.,HIGH,False,bn-hi
5438,নাড়িটেপা ডাক্তার,"হাতুড়ে বৈদ্য, যে নাড়ি টিপে চিকিৎসা শাস্ত্র জানবার ভান করে",दिल बाग-बाग होना,Feeling extremely happy.,HIGH,False,bn-hi
5440,নাড়িনক্ষত্র,"আগাগোড়া খুঁটিনাটি সমস্ত তথ্য, পুঙ্খানুপঙ্খ তথ্য, সকল বৃত্তান্ত",सांप भी मर जाए और लाठी भी न टूटे,Finding a solution that satisfies all parties without loss.,HIGH,False,bn-hi
5444,নাতোয়ান,অভাবীলোক,आँखों का काँटा,A person who is disliked or irritating.,HIGH,False,bn-hi
5446,নাতোয়ানের দুনো ব্যয়,"অভাবগ্রস্ত লোক প্রয়োজনকালে ব্যয়ে অপারগ হয়, কিন্তু পরে সেই কাজেই দ্বিগুণ ব্যয় করে",आँखों का काँटा,A person who is disliked or irritating.,HIGH,False,bn-hi
5449,নাদাপেটা হাঁদারাম,ভুঁড়িসর্বস্ব অপদার্থ ব্যক্তি,आँखों का काँटा,A person who is disliked or irritating.,HIGH,False,bn-hi
5452,নানাকেলে,ঠাকুরদার আমলের,आसमान से गिरा खजूर में अटका,From bad to worse.,HIGH,False,bn-hi
5458,নামের চোটে গগন ফাটে,খ্যাতি,सांप भी मर जाए और लाठी भी न टूटे,Finding a solution that satisfies all parties without loss.,HIGH,False,bn-hi
5459,নাম করা,বিখ্যাত হওয়া,कान खड़े होना,To become alert.,HIGH,False,bn-hi
5461,নাম কাটা,তালিকা থেকে নাম বাদ,आसमान से गिरा खजूर में अटका,From bad to worse.,HIGH,False,bn-hi
5463,নাম কাটানো,দল ছাড়া,आसमान से गिरा खजूर में अटका,From bad to worse.,HIGH,False,bn-hi
5469,নাম ডোবানো,সুনাম নষ্ট করা,छोटा मुँह बड़ी बात,Talking beyond one's status.,HIGH,False,bn-hi
5470,নাম ডোবানো,সুনাম নষ্ট করা,छोटा मुँह बड़ी बात,Talking beyond one's status.,HIGH,False,bn-hi
5472,নামধাম,পরিচয়ের বিস্তৃত বিবরণ,छोटा मुँह बड़ी बात,Talking beyond one's status.,HIGH,False,bn-hi
5475,নামমাত্র,"অতি সামান্য পরিমাণ, যৎসামান্য",तिनके का सहारा,A small help in a difficult situation.,HIGH,False,bn-hi
5476,নাম রটানো,দুর্নাম বা সুনাম প্রচার করা,छोटा मुँह बड़ी बात,Talking beyond one's status.,HIGH,False,bn-hi
5479,নাম হওয়া,বিখ্যাত হওয়া,कान खड़े होना,To become alert.,HIGH,False,bn-hi
5480,নামাবলী,দেবতার নামাঙ্কিত উত্তরীয়,दिल पर पत्थर रखना,To control emotions with difficulty.,HIGH,False,bn-hi
5482,নামেনামে,"জনে জনে, প্রত্যেককে নির্দেশ করে",आँखों का काँटा,A person who is disliked or irritating.,HIGH,False,bn-hi
5483,নামেমাত্র,"নামত, শুধু নামে, কাজে নয়",कान पकड़ना,To promise not to repeat a mistake.,HIGH,False,bn-hi
5484,নারদ,কলহপ্রিয় কুচুটে লোক; কলহসংগঠক; পরস্পরের মধ্যে বিবাদ বা শত্রুতা সৃষ্টিকারী ধূর্তব্যক্তি,आँखों का काँटा,A person who is disliked or irritating.,HIGH,False,bn-hi
5485,নারদ নারদ,ঝগড়া চলতে থাকুক এই কামনায় নারদের নাম উল্লেখ করা,सांप भी मर जाए और लाठी भी न टूटे,Finding a solution that satisfies all parties without loss.,HIGH,False,bn-hi
5487,নালা কেটে নোনাজল আনা,ইচ্ছা করে বিপদ ঘটানো,घर का भेदी लंका ढाए,An insider can cause downfall.,HIGH,False,bn-hi
5490,নিকম্মার ধাড়ি,চূড়ান্ত অলসব্যক্তি,आँखों का काँटा,A person who is disliked or irritating.,HIGH,False,bn-hi
5493,নিজে নিজে,"আপনি, কারো সাহায্য ছাড়াই",तिनके का सहारा,A small help in a difficult situation.,HIGH,False,bn-hi
5494,নিজের কথাই পাঁচকাহন,আত্মপ্রচারসর্বস্ব,आँखों का काँटा,A person who is disliked or irritating.,HIGH,False,bn-hi
5495,নিজের কোলে ঝোল টানা,অন্যকে বঞ্চিত করে নিজের স্বার্থ সাধন করা; স্বার্থপর হওয়া,छोटा मुँह बड़ी बात,Talking beyond one's status.,HIGH,False,bn-hi
5497,নিজের চরকায় তেল দেওয়া,অন্যের ব্যাপারে নাক না গলিয়ে নিজের কাজে মন দেওয়া,सांप भी मर जाए और लाठी भी न टूटे,Finding a solution that satisfies all parties without loss.,HIGH,False,bn-hi
5500,নিজের পায়ে কুড়ুল মারা,নিজেই নিজের সর্বনাশ করা,छोटा मुँह बड़ी बात,Talking beyond one's status.,HIGH,False,bn-hi
5501,নিজের পায়ে দাঁড়ানো,নিজের শক্তিতে প্রতিষ্ঠিত হওয়া; স্বাবলম্বী হওয়া,छोटा मुँह बड़ी बात,Talking beyond one's status.,HIGH,False,bn-hi
5502,নিজের মুখে ঝাল খাওয়া,সঠিক তথ্য জেনে নিয়ে মন্তব্য করা,कलेजा ठंडा होना,To feel satisfied after revenge.,HIGH,False,bn-hi
5509,নিধিরাম সর্দার,গুণহীন ব্যক্তি,आँखों का काँटा,A person who is disliked or irritating.,HIGH,False,bn-hi
5510,নিপাট,কুটিলতামুক্ত; ছলাকলাবর্জিত; সরল; সোজা,सांप भी मर जाए और लाठी भी न टूटे,Finding a solution that satisfies all parties without loss.,HIGH,False,bn-hi
5512,দীপ নিভা,জীবন ফুরিয়ে যাওয়া,नौ दो ग्यारह होना,To run away quickly.,HIGH,False,bn-hi
5514,নিমকহারাম,"অকৃতজ্ঞ, বেইমান - যে উপকার পেয়েও উপকার স্বীকার করে না বা নুন খেয়ে গুণ গায় না",आँखों का काँटा,A person who is disliked or irritating.,HIGH,False,bn-hi
5515,নিমকহালাল,কৃতজ্ঞ - যে উপকার পেয়ে উপকার স্বীকার করে বা নুন খেয়ে গুণ গায়,आँखों का काँटा,A person who is disliked or irritating.,HIGH,False,bn-hi
5521,নিমেষ,পলক পড়ে না এমন,सांप भी मर जाए और लाठी भी न टूटे,Finding a solution that satisfies all parties without loss.,HIGH,False,bn-hi
5526,নিরিবিলি,"একান্তে, নিভৃতে, নিরুদ্বেগে",सांप भी मर जाए और लाठी भी न टूटे,Finding a solution that satisfies all parties without loss.,HIGH,False,bn-hi
5527,নিরুপমা,"রূপে, গুণে তুলনাহীনা নারী",चार चाँद लगना,To enhance beauty or value.,HIGH,False,bn-hi
5528,নিরেট,"বুদ্ধিহীন, বোকা; মাথায় কোনো কিছু প্রবেশ করে না এমন",घर का भेदी लंका ढाए,An insider can cause downfall.,HIGH,False,bn-hi
5529,নির্জলা,"কোন খাদ নেই, কোন মিশ্রণ নেই, খাঁটি",सांप भी मर जाए और लाठी भी न टूटे,Finding a solution that satisfies all parties without loss.,HIGH,False,bn-hi
5530,নির্জীব,"অতিদুর্বল, প্রাণশক্তিহীন, মৃতপ্রায়",थक कर चूर होना,To be extremely tired.,HIGH,False,bn-hi
5531,নির্দোষ মেঘগর্জন,"ফাঁকা আওয়াজ/বুলি, বাগাড়ম্বর, বৃথা আস্ফালন",आसमान सिर पर उठाना,To create a lot of noise or chaos.,HIGH,False,bn-hi
5533,নির্মক্ষিক,জনপ্রাণী নেই এমন নির্জনস্থান,सांप भी मर जाए और लाठी भी न टूटे,Finding a solution that satisfies all parties without loss.,HIGH,False,bn-hi
5537,নিশিদিন,সর্বক্ষণ,सांप भी मर जाए और लाठी भी न टूटे,Finding a solution that satisfies all parties without loss.,HIGH,False,bn-hi
5538,নিশির ডাক,"কল্পিত প্রেতযোনি- মানুষের বিশ্বাস এই যে, রাত্রিকালে এদের ডাকে নিদ্রোত্থিত মানুষ এদের অনুসরণ করে মারা যায়",सांप भी मर जाए और लाठी भी न टूटे,Finding a solution that satisfies all parties without loss.,HIGH,False,bn-hi
5539,নিশির ডাক,"কল্পিত প্রেতযোনি- মানুষের বিশ্বাস এই যে, রাত্রিকালে এদের ডাকে নিদ্রোত্থিত মানুষ এদের অনুসরণ করে মারা যায়",सांप भी मर जाए और लाठी भी न टूटे,Finding a solution that satisfies all parties without loss.,HIGH,False,bn-hi
5541,নিশ্চিন্দিপুর যাওয়া,মারা যাওয়া,नौ दो ग्यारह होना,To run away quickly.,HIGH,False,bn-hi
5543,নীরবঘাতক,এমন একটি রোগ যার কোন সুস্পষ্ট লক্ষণ বা ইঙ্গিত নেই,सांप भी मर जाए और लाठी भी न टूटे,Finding a solution that satisfies all parties without loss.,HIGH,False,bn-hi
5544,নীলবর্ণ শৃগাল,ছদ্মবেশী লোক,आँखों का काँटा,A person who is disliked or irritating.,HIGH,False,bn-hi
5546,নুন আনতে পান্তা ফুরায়,"অতি দারিদ্রতা, একটা অভাব পূরণ হবার আগেই আরেকটি অভাব উপস্থিত হওয়া",खून खौलना,To feel extreme anger.,HIGH,False,bn-hi
5548,নুন খাওয়া,অন্ন খেয়ে অনুগত থাকা; পরের অন্নে প্রতিপালিত হওয়া,कलेजा ठंडा होना,To feel satisfied after revenge.,HIGH,False,bn-hi
5549,নুন খাওয়া,অন্ন খেয়ে অনুগত থাকা; পরের অন্নে প্রতিপালিত হওয়া,कलेजा ठंडा होना,To feel satisfied after revenge.,HIGH,False,bn-hi
5550,নুন খেয়ে গুণ গাওয়া,"উপকারীর ঋণ স্বীকার করা, কৃতজ্ঞ থাকা",छोटा मुँह बड़ी बात,Talking beyond one's status.,HIGH,False,bn-hi
5551,নুন খেয়ে বেইমানি,উপকারীর ঋণ অস্বীকার করা,आसमान से गिरा खजूर में अटका,From bad to worse.,HIGH,False,bn-hi
5556,নুনের গুঁড়ো,অপরিহার্য; সকল কাজের কাজি,सांप भी मर जाए और लाठी भी न टूटे,Finding a solution that satisfies all parties without loss.,HIGH,False,bn-hi
5557,নেই আঁকড়া,"একগুঁয়ে ধরনের লোক, যে কিছুতেই ছাড়তে চায় না",आँखों का काँटा,A person who is disliked or irritating.,HIGH,False,bn-hi
5558,নেই তাই খান না,অলভ্য জিনিস মন্দ,आसमान से गिरा खजूर में अटका,From bad to worse.,HIGH,False,bn-hi
5559,ন্যাংটার নেই বাটপাড়ের ভয়,যার কিছু নেই তার হারানোর কিছু ভয় নেই,आँखों का काँटा,A person who is disliked or irritating.,HIGH,False,bn-hi
5561,নেকড়ার আগুন,ধিকিধিকি করে জ্বলা রাগ,सांप भी मर जाए और लाठी भी न टूटे,Finding a solution that satisfies all parties without loss.,HIGH,False,bn-hi
5564,নেচে ওঠা,উল্লসিত হওয়া,कान खड़े होना,To become alert.,HIGH,False,bn-hi
5567,ন্যাড়া ছাদ,আলসেবিহীন,आसमान से गिरा खजूर में अटका,From bad to worse.,HIGH,False,bn-hi
5569,নেড়া বেলতলায় একবার যায়,অভিজ্ঞতা সতর্ক হতে শেখায়; একবার যে কোন কাজে ঠকেছে বা ঠেকেছে সে দ্বিতীয়বার সেই কাজে এগোয় না,आँखों का काँटा,A person who is disliked or irritating.,HIGH,False,bn-hi
5571,নেতিয়ে পড়া,অবসন্ন হয়ে বসে/শুয়ে পড়া,कान खड़े होना,To become alert.,HIGH,False,bn-hi
5573,নেপো মারে দই,একের পরিশ্রমের ফল অন্যে ভোগ করে; চালাকে বোকার সম্পত্তি ভোগ করে; ধূর্তলোকের ফলপ্রাপ্তি,छोटा मुँह बड़ी बात,Talking beyond one's status.,HIGH,False,bn-hi
5575,নেয়ে ওঠা,ঘর্মাক্তকলেবর হওয়া,कान खड़े होना,To become alert.,HIGH,False,bn-hi
5576,নেহাত,কিছুমাত্র নয়,सांप भी मर जाए और लाठी भी न टूटे,Finding a solution that satisfies all parties without loss.,HIGH,False,bn-hi
5581,ন্যাকা চৈতন্য,"নির্বোধ, হাবাগোবা লোক",आँखों का काँटा,A person who is disliked or irritating.,HIGH,False,bn-hi
5584,ন্যাড়া বেল তলায় একবারই যায়,একবার কোন বিষয়ে বিপন্ন হয় মানুষ সে বিষয় ভয়ে এড়িয়ে চলে,आँखों का काँटा,A person who is disliked or irritating.,HIGH,False,bn-hi
5589,পকেট গরম,অনেক টাকাপয়সা আছে,आसमान सिर पर उठाना,To create a lot of noise or chaos.,HIGH,False,bn-hi
5590,পকেটস্থ করা,আত্মসাৎ করা,दिल पर लेना,To take something personally.,HIGH,False,bn-hi
5591,পকেটে হাত পড়া,অর্থের টানাটানি; অর্থভান্ডারে টান,छोटा मुँह बड़ी बात,Talking beyond one's status.,HIGH,False,bn-hi
5592,পক্বকেশ,প্রবীণ ব্যক্তি,आँखों का काँटा,A person who is disliked or irritating.,HIGH,False,bn-hi
5593,পক্ববিম্বাধরোষ্ঠী,পাকা তেলাকুচি কলের মতো লাল ঠোঁটযুক্ত সুন্দরী,दिल पर पत्थर रखना,To control emotions with difficulty.,HIGH,False,bn-hi
5595,পক্ষপাত,এক ব্যক্তি বা দলের প্রতি অনুরাগ,आँखों का काँटा,A person who is disliked or irritating.,HIGH,False,bn-hi
5597,পক্ষাঘাত,একপার্শ্বের অঙ্গ অবশ হয়ে পড়ে এমন ব্যাধিবিশেষ,कान खड़े होना,To become alert.,HIGH,False,bn-hi
5599,পগার পার হওয়া,নাগালের/সীমার বাইরে চলে যাওয়া; পলায়ন করা; হাতছাড়া হওয়া,छोटा मुँह बड़ी बात,Talking beyond one's status.,HIGH,False,bn-hi
5600,পঙক্তি-ভোজন,শূদ্ধাচারী ব্রাহ্মণদের আলাদাভাবে একঘরে বসে আহার; সমাজে স্বজাতিশ্রেণিতে ভোজন; আলং-সারিতে ভোজন,छोटा मुँह बड़ी बात,Talking beyond one's status.,HIGH,False,bn-hi
5602,পঙ্গপাল,"অসংখ্য অবাঞ্ছিত লোকের সমাবেশ, বিরক্তির অর্থে ব্যবহৃত",दिल का बोझ हल्का करना,To express feelings.,HIGH,False,bn-hi
5604,পটপরিবর্তন,পারিপার্শ্বিক অবস্থার পরিবর্তন,रंग बदलना,To change attitude quickly.,HIGH,False,bn-hi
5614,পটাংপটাং,বেত মারার শব্দ,दिल पर पत्थर रखना,To control emotions with difficulty.,HIGH,False,bn-hi
5620,বাজারে পড়তে না পাওয়া,বাজারে পণ্যটির গরম তেলেভাজার মত ব্যাপক চাহিদা,सांप भी मर जाए और लाठी भी न टूटे,Finding a solution that satisfies all parties without loss.,HIGH,False,bn-hi
5622,পড়ি-মরি,"অতি দ্রুত, অত্যন্ত ব্যস্ততার ভাব, ঊর্ধ্বশ্বাসে",दिल पर पत्थर रखना,To control emotions with difficulty.,HIGH,False,bn-hi
5623,পড়ে পড়ে কিল খাওয়া,নীরবে বা বিনা প্রতিবাদে অনবরত অপমান বা অত্যাচার সহ্য করা,सांप भी मर जाए और लाठी भी न टूटे,Finding a solution that satisfies all parties without loss.,HIGH,False,bn-hi
5624,পড়ে পাওয়া,অযাচিত প্রাপ্তি; বিনা পরিশ্রমে পাওয়া,सांप भी मर जाए और लाठी भी न टूटे,Finding a solution that satisfies all parties without loss.,HIGH,False,bn-hi
5630,পণ্ডিতমুর্খ,"শুধু পুঁথিগত জ্ঞান আছে, ব্যবহারিক জ্ঞান নেই, এমন; বিদ্বান অথচ নির্বোধ; শাস্ত্রজ্ঞ অথচ বিচারবুদ্ধিহীন",सांप भी मर जाए और लाठी भी न टूटे,Finding a solution that satisfies all parties without loss.,HIGH,False,bn-hi
5631,পণ্ডিতম্মন্য,যে অপণ্ডিত নিজেকে পণ্ডিত বলে মনে করে,आँखों का काँटा,A person who is disliked or irritating.,HIGH,False,bn-hi
5634,পতঙ্গবৃত্তি,পতঙ্গের মতো আগুনে ঝাঁপ দিয়ে আত্মনাশ; বিপদ বুঝেও বা না বুঝে মনোরম বিপজ্জনক বস্তুর লোভে ধাবিত হয়ে আত্মনাশ করা,पानी सिर से गुजरना,Situation getting out of control.,HIGH,False,bn-hi
5635,পত্রপাঠ,তৎক্ষণাৎ/সঙ্গে সঙ্গে,नौ दो ग्यारह होना,To run away quickly.,HIGH,False,bn-hi
5636,পত্রপুট,গাছপাতায় নির্মিত পাত্র বা ঠোঙ্গা,आसमान से गिरा खजूर में अटका,From bad to worse.,HIGH,False,bn-hi
5638,পত্রলিখা,দেহের শোভা বাড়ানোর জন্য কপাল ইত্যাদিতে তিলক বা চিত্রাঙ্কণ,चार चाँद लगना,To enhance beauty or value.,HIGH,False,bn-hi
5639,পথ করা,উপায় বার করা,सांप भी मर जाए और लाठी भी न टूटे,Finding a solution that satisfies all parties without loss.,HIGH,False,bn-hi
5640,পথকষ্ট,দুর্গম বা দূরের পথে চলার পরিশ্রম,तिनके का सहारा,A small help in a difficult situation.,HIGH,False,bn-hi
5643,পথ চাওয়া,কারো আগমনের অপেক্ষায় থাকা,नज़रबंद करना,To restrict someone's freedom.,HIGH,False,bn-hi
5644,পথ ছাড়া,যাবার সুযোগ করে দেওয়া যাওয়া-আসার পথ থেকে সরে যাওয়া,आसमान से गिरा खजूर में अटका,From bad to worse.,HIGH,False,bn-hi
5648,পথ দেখা,উপায় নির্ণয়ের চেষ্টা করা/উপায় বাৎলানো,सांप भी मर जाए और लाठी भी न टूटे,Finding a solution that satisfies all parties without loss.,HIGH,False,bn-hi
5650,পথ ভোলা,বিপথে যাওয়া; ভুল করে অন্যপথে যাওয়া,दिल पर लेना,To take something personally.,HIGH,False,bn-hi
5652,পথে আসা,"সহমত হওয়া; বিরোধিতা ত্যাগ করা; ঠিক পথ ধরা, সংশোধন করা",दिल पर लेना,To take something personally.,HIGH,False,bn-hi
5653,পথেঘাটে,"যত্রতত্র, সর্বত্র",सांप भी मर जाए और लाठी भी न टूटे,Finding a solution that satisfies all parties without loss.,HIGH,False,bn-hi
5654,পথে দাঁড়ানো,নিঃস্ব বা সর্বস্বান্ত হওয়া,कान खड़े होना,To become alert.,HIGH,False,bn-hi
5655,পথে হেঁটে চোখ রাঙানি,দোষ করেও তড়পানি; দোষ করেও নরম না হয়ে গরম হওয়া,पानी सिर से गुजरना,Situation getting out of control.,HIGH,False,bn-hi
5657,পথের কুকুর,একান্ত অবহেলিত আশ্রয়হীন ব্যক্তি,आँखों का काँटा,A person who is disliked or irritating.,HIGH,False,bn-hi
5658,পথের পথিক,অনুসরণকারী,आँखों का काँटा,A person who is disliked or irritating.,HIGH,False,bn-hi
5659,পথের পথিক,অনুসরণকারী,आँखों का काँटा,A person who is disliked or irritating.,HIGH,False,bn-hi
5660,পথের ভিখারী,অতি দীনহীন ব্যক্তি,थक कर चूर होना,To be extremely tired.,HIGH,False,bn-hi
5661,পদগৌরব,উচ্চপদের আধিপত্যের মর্যাদা,दिल पर पत्थर रखना,To control emotions with difficulty.,HIGH,False,bn-hi
5664,পদাঙ্ক অনুসরণ,কোনো গুণীব্যক্তির কৃতকার্য/চরিত্র অনুসরণ,आँखों का काँटा,A person who is disliked or irritating.,HIGH,False,bn-hi
5667,পদার্পণ,শ্রদ্ধামিশ্রিত উপস্থিতি,दिल पर पत्थर रखना,To control emotions with difficulty.,HIGH,False,bn-hi
5669,পদেপদে,"প্রতি পদক্ষেপে, সবসময়",सांप भी मर जाए और लाठी भी न टूटे,Finding a solution that satisfies all parties without loss.,HIGH,False,bn-hi
5670,পদোন্নতি,চাকরিতে উন্নতি,छोटा मुँह बड़ी बात,Talking beyond one's status.,HIGH,False,bn-hi
5673,পদ্মিনী,চতুর্বিধ নারীর প্রথমপ্রকার নারী; এদের চোখ পদ্মের মতো আকর্ষণীয় হয়; মুখে স্মিতহাসি লেগেই থাকে; এরা মধুরভাষিণী হয়; ঘুম এদের বড়প্রিয়; শরীর হয় সুললিত; এককথায় এরা সর্বাঙ্গসুন্দর; নারীকুলে এরা সর্বোত্তম,कान में कहना,To speak secretly.,HIGH,False,bn-hi
5679,পয়সাওয়ালা,ধনবান,आँखों का काँटा,A person who is disliked or irritating.,HIGH,False,bn-hi
5684,পরকাল,মৃত্যুর পরবর্তী অবস্থা,कलेजा ठंडा होना,To feel satisfied after revenge.,HIGH,False,bn-hi
5685,পরকাল খাওয়া,ভবিষ্যৎ উন্নতির পথ নষ্ট করা,छोटा मुँह बड़ी बात,Talking beyond one's status.,HIGH,False,bn-hi
5686,পরকাল ঝরঝরে,উচ্ছন্নে গেছে; ভবিষ্যৎ অন্ধকার; উত্তরকালে উন্নতির আশা নেই; মৃত্যুর পর মুক্তির আশা নেই,कलेजा ठंडा होना,To feel satisfied after revenge.,HIGH,False,bn-hi
5690,পরঘরী,অন্যের গৃহে বাসকারী; পরাশ্রিত,आँखों का काँटा,A person who is disliked or irritating.,HIGH,False,bn-hi
5691,পরঘরী-পান্তামারী,"হীনভাবে জীবনযাপন, হাড়হাভাতে লোক",आँखों का काँटा,A person who is disliked or irritating.,HIGH,False,bn-hi
5692,পরচর্চা,অন্যের বিরুদ্ধে নিন্দাসূচক আলোচনা; পরের দোষ নিয়ে আলোচনা,छोटा मुँह बड़ी बात,Talking beyond one's status.,HIGH,False,bn-hi
5693,পরছিদ্রান্বেষণ,"পরের দোষ সন্ধান; নিন্দুক, যে পরের দোষ খুঁজে বেড়ায়",आँखों का काँटा,A person who is disliked or irritating.,HIGH,False,bn-hi
5694,পরত্রভীরু,"ধর্মভীরু, যে পরকালকে ভয় করে",आँखों का काँटा,A person who is disliked or irritating.,HIGH,False,bn-hi
5696,পরপার,মৃত্যুর পরবর্তী অবস্থানস্থল,कलेजा ठंडा होना,To feel satisfied after revenge.,HIGH,False,bn-hi
5697,পরপুরুষ,স্বামী ভিন্ন অন্য পুরুষ,छोटा मुँह बड़ी बात,Talking beyond one's status.,HIGH,False,bn-hi
5698,পরপুষ্ট,"পরের অন্নে পালিত, কোকিল",सांप भी मर जाए और लाठी भी न टूटे,Finding a solution that satisfies all parties without loss.,HIGH,False,bn-hi
5700,পরপূর্বা,অন্যের বিবাহিতা বা বাগদত্তা ছিল এমন,आँखों का काँटा,A person who is disliked or irritating.,HIGH,False,bn-hi
5702,পরভোজী,উদ্ভিদ ব্যতীত সকল জীব যারা নিজেদের খাদ্য উৎপাদন করতে পারে না,सांप भी मर जाए और लाठी भी न टूटे,Finding a solution that satisfies all parties without loss.,HIGH,False,bn-hi
5703,পরমায়ু,জীবিতকাল,छोटा मुँह बड़ी बात,Talking beyond one's status.,HIGH,False,bn-hi
5704,পর-মুখাপেক্ষী,পরের উপর নির্ভরশীল; পরের সাহায্যপ্রত্যাশী,तिनके का सहारा,A small help in a difficult situation.,HIGH,False,bn-hi
5706,পরলোক,মৃত্যুর পরবর্তী অবস্থা বা অবস্থান,कलेजा ठंडा होना,To feel satisfied after revenge.,HIGH,False,bn-hi
5707,পরলোক গমন,মারা যাওয়া,नौ दो ग्यारह होना,To run away quickly.,HIGH,False,bn-hi
5708,পরস্মৈপদী,অন্যের টাকা/পরিশ্রম ভোগ করে এমন,आसमान से गिरा खजूर में अटका,From bad to worse.,HIGH,False,bn-hi
5713,পরাণ পাখি খাঁচা ছাড়া,প্রাণান্তকর অবস্থা,पानी सिर से गुजरना,Situation getting out of control.,HIGH,False,bn-hi
5714,পরাকাষ্ঠা,চরম সীমা; চূড়ান্ত; চরম উৎকর্ষ বা অপকর্ষ,खून खौलना,To feel extreme anger.,HIGH,False,bn-hi
5715,পরাঙ্মুখ,"বিমুখ, অনিচ্ছুক",नौ दो ग्यारह होना,To run away quickly.,HIGH,False,bn-hi
5716,পরিজন,"সম্পূর্ণরূপে নিজের জন; আত্মীয়-স্বজন, পরিবারের লোক, সেবক",छोटा मुँह बड़ी बात,Talking beyond one's status.,HIGH,False,bn-hi
5717,পরিত্রাহি চিৎকার করা,বিপদ থেকে রক্ষা পাওয়ার জন্য চিৎকার করা; ভয় পেয়ে চিৎকার করা,आसमान से गिरा खजूर में अटका,From bad to worse.,HIGH,False,bn-hi
5718,পরিণামদর্শী,কর্মফল আগাম বুঝতে পেরে যে কাজ করে; বিবেচক,आँखों का काँटा,A person who is disliked or irritating.,HIGH,False,bn-hi
5719,পরী,অতি সুন্দরী নারী,थक कर चूर होना,To be extremely tired.,HIGH,False,bn-hi
5724,পরের ধনে পোদ্দারি,অন্যের অর্থ অন্যকাজে খরচ করার সময় স্বেচ্ছামত কম বা বেশি খরচ বা দান করা,छोटा मुँह बड़ी बात,Talking beyond one's status.,HIGH,False,bn-hi
5725,পরের মাথায় কাঁঠাল ভাঙা,অপরকে দিয়ে কাজ উদ্ধার,पानी सिर से गुजरना,Situation getting out of control.,HIGH,False,bn-hi
5726,পরের মাথায় বাড়ি দেওয়া,অপরের সর্বনাশ করা,रंग में भंग डालना,To ruin enjoyment.,HIGH,False,bn-hi
5727,পর্দানশিনা,অন্তঃপুরবাসিনী নারী; অবরোধের মধ্যে বাস করে এমন নারী,आँखों का काँटा,A person who is disliked or irritating.,HIGH,False,bn-hi
5728,পর্দা ফাঁক,"লোকচক্ষুর অন্তরালের থাকা বিষয় বাইরে আসা, সত্য প্রকাশিত",आसमान से गिरा खजूर में अटका,From bad to worse.,HIGH,False,bn-hi
5729,পর্বতের আড়ালে থাকা,এমন ক্ষমতাশালীর আশ্রয়ে থাকা যাতে সংসারের কোন ঝুঁকি-ঝামেলা পড়তে হয় না,सांप भी मर जाए और लाठी भी न टूटे,Finding a solution that satisfies all parties without loss.,HIGH,False,bn-hi
5732,পলাশ ফুল,গুণহীন সুপুরুষ,सांप भी मर जाए और लाठी भी न टूटे,Finding a solution that satisfies all parties without loss.,HIGH,False,bn-hi
5733,পলো ভাঙা মাছ,দুর্ধর্ষ লোক,आँखों का काँटा,A person who is disliked or irritating.,HIGH,False,bn-hi
5735,পল্লবগ্রাহী,যার নানাবিষয়ে একটু একটু জ্ঞান আছে,आँखों का काँटा,A person who is disliked or irritating.,HIGH,False,bn-hi
5736,পশু,"অবিবেচক, কাণ্ডজ্ঞানহীন, মূর্খ, পশুপ্রকৃতির মানুষ",आँखों का काँटा,A person who is disliked or irritating.,HIGH,False,bn-hi
5739,পাঁকাল মাছ,"ধরাছোঁয়ার বাইরে, কিছুতে নিজেকে জড়ায় না, এমন ব্যক্তি",आँखों का काँटा,A person who is disliked or irritating.,HIGH,False,bn-hi
5741,পাঁকের গোঁজ,নীচ/হীন যাকে দমন করা যায় না বা যাকে দমন করতে গেলে মানহানির আশঙ্কা থাকে,दीवारों के कान होना,Confidential matters may be overheard.,HIGH,False,bn-hi
5745,পাঁচ পাগলের ঘর,গৃহস্থের পাঁচজন পাঁচপ্রকৃতির,दिल पर पत्थर रखना,To control emotions with difficulty.,HIGH,False,bn-hi
5748,পাঁচফুলের সাজি,ভালমন্দ নানাধরনের লোকের জমায়েত,सांप भी मर जाए और लाठी भी न टूटे,Finding a solution that satisfies all parties without loss.,HIGH,False,bn-hi
5752,পাঁচমিশালী গান,নানাজাতীয় গানের সংমিশ্রণ,आसमान से गिरा खजूर में अटका,From bad to worse.,HIGH,False,bn-hi
5754,পাঁচহাত বুক,গর্বে স্ফীত,दिल पर पत्थर रखना,To control emotions with difficulty.,HIGH,False,bn-hi
5755,পাঁচিল তোলা,আড়াল করা; ব্যবধান সৃষ্টি করা,आसमान सिर पर उठाना,To create a lot of noise or chaos.,HIGH,False,bn-hi
5760,পাই-পয়সা,সামান্যতম পরিমাণ,कान पकड़ना,To promise not to repeat a mistake.,HIGH,False,bn-hi
5768,পাকা,নিন্দার্থে দষ্টু/পরিণত হওয়া,कान खड़े होना,To become alert.,HIGH,False,bn-hi
5769,পাকা আম দাঁড়কাকে খায়,উত্তম সামগ্রী অযোগ্যের ভোগ হওয়ায় খেদোক্তি,हाथ मलना,To regret deeply.,HIGH,False,bn-hi
5772,পাকা কাজ,চুড়ান্ত/নিখুঁত কাজ,खून पसीना एक करना,To work extremely hard.,HIGH,False,bn-hi
5773,পাকা ঘুঁটি কাচানো,প্রায় সুসম্পন্ন কাজ পণ্ড করা,सांप भी मर जाए और लाठी भी न टूटे,Finding a solution that satisfies all parties without loss.,HIGH,False,bn-hi
5777,পাকা দলিল,আইন অনুযায়ী সম্পাদিত বা আইনগ্রাহ্য দলিল,सांप भी मर जाए और लाठी भी न टूटे,Finding a solution that satisfies all parties without loss.,HIGH,False,bn-hi
5778,পাকা দেখা,উভয়পক্ষ থেকে পাত্রপাত্রী দেখে বিয়ের সম্বন্ধ চুড়ান্ত করা; বিয়ের আশীর্বাদ অনুষ্ঠান,सांप भी मर जाए और लाठी भी न टूटे,Finding a solution that satisfies all parties without loss.,HIGH,False,bn-hi
5779,পাকা ধানে মই দেওয়া,প্রায়-সম্পন্ন কাজ পণ্ড করা; সাফল্যের মুখে ক্ষতি করা,रंग में भंग डालना,To ruin enjoyment.,HIGH,False,bn-hi
5781,পাকা পাকা কথা,ছোটো মুখে বড়দের কথা; অপরিণত বয়স্কের মুখে পরিণত বয়সোচিত কথা,आसमान से गिरा खजूर में अटका,From bad to worse.,HIGH,False,bn-hi
5785,পাকাবুড়ি,ছোটো মেয়ের বৃদ্ধার মতো আচরণ,ऊँट के मुँह में जीरा,Too little for need.,HIGH,False,bn-hi
5786,পাকাবুড়ো,অভিজ্ঞ ব্যক্তি,आँखों का काँटा,A person who is disliked or irritating.,HIGH,False,bn-hi
5787,পাকাবুদ্ধি,প্রবীণ অভিজ্ঞ ব্যক্তির বুদ্ধি,आँखों का काँटा,A person who is disliked or irritating.,HIGH,False,bn-hi
5791,পাকামো,অভিজ্ঞ নয় অথচ অভিজ্ঞের ভাষা,कान पकड़ना,To promise not to repeat a mistake.,HIGH,False,bn-hi
5792,পাকা রঙ,স্থায়ী রঙ যা উঠে যাবে না,सांप भी मर जाए और लाठी भी न टूटे,Finding a solution that satisfies all parties without loss.,HIGH,False,bn-hi
5794,পাকারাস্তা,কংক্রিট বা পিচ-পাথরে বাঁধানো রাস্তা,दिल पर पत्थर रखना,To control emotions with difficulty.,HIGH,False,bn-hi
5796,পাকালোক,অভিজ্ঞ দক্ষ লোক,आँखों का काँटा,A person who is disliked or irritating.,HIGH,False,bn-hi
5799,পাকা হাড়,অভিজ্ঞ ব্যক্তি,आँखों का काँटा,A person who is disliked or irritating.,HIGH,False,bn-hi
5801,পাকাহাতের কাজ,নিপুণ হাতে করা নিখুঁত কাজ,दिल पर पत्थर रखना,To control emotions with difficulty.,HIGH,False,bn-hi
5802,পাকচক্রে,কর্মবিপাকে; ঘটনার ফেরে; ষড়যন্ত্রের ফলে,छोटा मुँह बड़ी बात,Talking beyond one's status.,HIGH,False,bn-hi
5805,পাকা প্রকারে,অনিচ্ছা সত্ত্বেও নিতান্ত বাধ্য হয়ে,पानी सिर से गुजरना,Situation getting out of control.,HIGH,False,bn-hi
5808,পাখনা গজানো,বিদ্রুপে সাবালক হওয়া; অপরের সাহায্য ছাড়া কাজ করতে সক্ষম,तिनके का सहारा,A small help in a difficult situation.,HIGH,False,bn-hi
5809,পাখি পড়া,অর্থ না বুঝে পাখির মত কেবল মুখস্থ করা,सांप भी मर जाए और लाठी भी न टूटे,Finding a solution that satisfies all parties without loss.,HIGH,False,bn-hi
5812,পাখির ডানা গজানো,বিদ্রুপে লায়েক হওয়া,कान खड़े होना,To become alert.,HIGH,False,bn-hi
5813,পাখির প্রাণ,ক্ষীণজীবী,दिल पर पत्थर रखना,To control emotions with difficulty.,HIGH,False,bn-hi
5820,পা-চাটা,অতি নির্লজ্জ তোষামোদকারী,थक कर चूर होना,To be extremely tired.,HIGH,False,bn-hi
5821,পা জটে,"যে ব্যক্তি কার্যোদ্ধারের জন্য পায়ে পড়ে, আবার কাজ হয়ে গেলেই অগ্রাহ্য করে",आँखों का काँटा,A person who is disliked or irritating.,HIGH,False,bn-hi
5822,পা টিপে চলা,পায়ের শব্দ না করে চলা,सांप भी मर जाए और लाठी भी न टूटे,Finding a solution that satisfies all parties without loss.,HIGH,False,bn-hi
5824,পা ধরা,নতি স্বীকার করা,नाक रगड़ना,To beg humbly.,HIGH,False,bn-hi
5825,পা ধরে টানা,উত্ত্যক্ত করা,नाक में दम करना,To annoy greatly.,HIGH,False,bn-hi
5826,পা ধুতে না যাওয়া,"ঘৃণার কারণে পরিহার করে চলা, যোগাযোগ না করা বা সংস্পর্শে না আসা",आसमान से गिरा खजूर में अटका,From bad to worse.,HIGH,False,bn-hi
5829,পা বাড়ানো,যেতে উদ্যত হওয়া,पानी सिर से गुजरना,Situation getting out of control.,HIGH,False,bn-hi
5831,পাজির পা ঝাড়া,যে পাজির পা থেকে ঝেড়ে ফেলা অর্থাৎ যার পাজির পায়েও স্থান হয় না এমন; অতি বদলোক- গালিবিশেষ,थक कर चूर होना,To be extremely tired.,HIGH,False,bn-hi
5832,পাঞ্জা কষা,পরস্পরের সাথে শক্তির প্রতিযোগিতা বা চ্যালেঞ্জ করা,टक्कर खाना,To compete or confront.,HIGH,False,bn-hi
5833,পাট তোলা,আবাদ ওঠানো; স্থায়ী বাস ওঠানো,पाँव जमाना,To establish oneself.,HIGH,False,bn-hi
5834,পাট উঠানো,নিত্যদিনের কাজকর্ম ধরা,खून पसीना एक करना,To work extremely hard.,HIGH,False,bn-hi
5835,পাটকেল,ইট মারলে পাটকেল খেতে হয়,छोटा मुँह बड़ी बात,Talking beyond one's status.,HIGH,False,bn-hi
5837,পাট ভাঙা,কাপড়ের ভাঁজ ভাঙা,पानी सिर से गुजरना,Situation getting out of control.,HIGH,False,bn-hi
5838,পাটভাঙা,"খুব পরিচ্ছন্ন বা সুসজ্জিত, যেন ধুয়ে-পরিষ্কার করে শক্ত করে রাখা",थक कर चूर होना,To be extremely tired.,HIGH,False,bn-hi
5840,পাটোয়ার,ব্যবসায়ী মনোবৃত্তিসম্পন্ন লোক,दिल पर पत्थर रखना,To control emotions with difficulty.,HIGH,False,bn-hi
5842,পাড়া ঝেঁটিয়ে আসা,পাড়ার সকলে হাজির,आसमान से गिरा खजूर में अटका,From bad to worse.,HIGH,False,bn-hi
5844,পাড়া মাত করা,পাড়া জয় করা,आग बबूला होना,To become extremely angry.,HIGH,False,bn-hi
5850,পাত চাটা,অনুগ্রহ পেতে খোসামোদ করা,दिल में जगह बनाना,To gain affection.,HIGH,False,bn-hi
5853,পাততাড়ি গুটানো,পাঠাশালায় পাঠশেষে লিখিত তালপাতাগুলো গুছিয়ে তাড়া বাঁধা,कलेजा ठंडा होना,To feel satisfied after revenge.,HIGH,False,bn-hi
5854,পাতাচাপা কপাল,পরিবর্তনীয় ভাগ্য; একটু চেষ্টাতে কপাল ফিরতে পারে,दिल पर पत्थर रखना,To control emotions with difficulty.,HIGH,False,bn-hi
5855,পাতাবাহার,ফুলবিহীন শুধু পাতায় সুদৃশ্য গাছ,सांप भी मर जाए और लाठी भी न टूटे,Finding a solution that satisfies all parties without loss.,HIGH,False,bn-hi
5856,পাতিপাতি,"কোন কিছু বাদ না দিয়ে, চারিদিকে ব্যাপকভাবে, সবিস্তারে",सांप भी मर जाए और लाठी भी न टूटे,Finding a solution that satisfies all parties without loss.,HIGH,False,bn-hi
5857,পাতে মারা,জাতিচ্যুত করা,आसमान से गिरा खजूर में अटका,From bad to worse.,HIGH,False,bn-hi
5862,শোকে পাথর,স্তব্ধ,दिल पर पत्थर रखना,To control emotions with difficulty.,HIGH,False,bn-hi
5863,পাথরের হৃদয়,হৃদয়হীন ব্যক্তি,आँखों का काँटा,A person who is disliked or irritating.,HIGH,False,bn-hi
5864,পাথরচাপা কপাল,অপ্রসন্ন ভাগ্য; যে ভাগ্য কিছুতেই আবরণ উন্মোচন করে না,सांप भी मर जाए और लाठी भी न टूटे,Finding a solution that satisfies all parties without loss.,HIGH,False,bn-hi
5866,পাথরে পাঁচ কিল,কপাল এত ভালো যে ভাগ্য কোনভাবেই বিরূপ হয় না; চরম সৌভাগ্য,सांप भी मर जाए और लाठी भी न टूटे,Finding a solution that satisfies all parties without loss.,HIGH,False,bn-hi
5867,পাথরে পাঁচ কিল,কপাল এত ভালো যে ভাগ্য কোনভাবেই বিরূপ হয় না; চরম সৌভাগ্য,सांप भी मर जाए और लाठी भी न टूटे,Finding a solution that satisfies all parties without loss.,HIGH,False,bn-hi
5869,পাদমেকং ন গচ্ছামি,কোথাও না যাওয়ার তীব্র মনোভাব প্রকাশ,कान पकड़ना,To promise not to repeat a mistake.,HIGH,False,bn-hi
5871,পানি ঘোলা করা,অস্বস্তিকর অবস্থা সৃষ্টি করা,आसमान सिर पर उठाना,To create a lot of noise or chaos.,HIGH,False,bn-hi
5883,পায়ে কুড়ুল মারা,বোকার মত নিজের ক্ষতিসাধন করা,छोटा मुँह बड़ी बात,Talking beyond one's status.,HIGH,False,bn-hi
5885,পায়ে ঠেলা,অবজ্ঞা/তুচ্ছতাচ্ছিল্য করা,आँखें तरेरना,To show anger.,HIGH,False,bn-hi
5887,পায়ে ধরা,অনুনয় বিনয় করা,नाक रगड़ना,To beg humbly.,HIGH,False,bn-hi
5888,পায়ে পড়া,বিনীত ও কাতরভাবে অনুরোধ করা,हाथ जोड़ना,To request humbly.,HIGH,False,bn-hi
5889,পায়ে পা লাগিয়ে ঝগড়া করা,অজুহাত খাড়া করে বিনাকারণে ইচ্ছে করে ঝগড়া বাধানো,सांप भी मर जाए और लाठी भी न टूटे,Finding a solution that satisfies all parties without loss.,HIGH,False,bn-hi
5893,পায়ে হাত দেওয়া,প্রণাম করা,नाक कटना,To lose respect or honor.,HIGH,False,bn-hi
5894,পায়ের উপর পা দিয়ে থাকা,কাজ না করে আরামে থাকা,सांप भी मर जाए और लाठी भी न टूटे,Finding a solution that satisfies all parties without loss.,HIGH,False,bn-hi
5896,পায়ের তলায় মাটি সরে যাওয়া,নিরাশ্রয় হওয়া; সাহায্য থেকে বঞ্চিত হওয়া; জনসমর্থন হারিয়ে ফেলা,नाक कटना,To lose respect or honor.,HIGH,False,bn-hi
5897,পায়ের তলায় রাখা,দাবিয়ে রাখা,दिल पर पत्थर रखना,To control emotions with difficulty.,HIGH,False,bn-hi
5898,পায়ের তলায় শ্যাওলা ফেলা,পতন ত্বরান্বিত করা,नज़रबंद करना,To restrict someone's freedom.,HIGH,False,bn-hi
5899,পায়ের ধুলা দেওয়া,অনুগ্রহপূর্বক পদার্পণ করা; আসা,दिल पर पत्थर रखना,To control emotions with difficulty.,HIGH,False,bn-hi
5901,পায়ের সূতা ছেঁড়া,বহু হাঁটাহাঁটিতে কাবু হওয়া,आसमान से गिरा खजूर में अटका,From bad to worse.,HIGH,False,bn-hi
5902,পারতপক্ষে,"এড়াতে পারলে, সম্ভব হলে",सांप भी मर जाए और लाठी भी न टूटे,Finding a solution that satisfies all parties without loss.,HIGH,False,bn-hi
5904,পার করা,উদ্ধার পাওয়া বা জাগতিকবন্ধন থেকে মুক্তির জন্য আকুতি করা,आसमान से गिरा खजूर में अटका,From bad to worse.,HIGH,False,bn-hi
5905,পার পাওয়া,পরিত্রাণ পাওয়া; প্রতিকারে সমর্থ হওয়া; রক্ষা পাওয়া,कान खड़े होना,To become alert.,HIGH,False,bn-hi
5906,পারাপার,"নদীর উভয়তীর, একূল-ওকূল এপার-ওপার",सांप भी मर जाए और लाठी भी न टूटे,Finding a solution that satisfies all parties without loss.,HIGH,False,bn-hi
5912,পালাবদল,পারিপার্শ্বিক অবস্থার পরিবর্তন,रंग बदलना,To change attitude quickly.,HIGH,False,bn-hi
5913,পালের গোদা,ব্যঙ্গে দলের পাণ্ডা; বদসঙ্গের দলপতি/সর্দার,आसमान से गिरा खजूर में अटका,From bad to worse.,HIGH,False,bn-hi
5914,পাল্লা দেওয়া,প্রতিযোগিতা করা,टक्कर खाना,To compete or confront.,HIGH,False,bn-hi
5921,পিঁপড়ের পিছন টেপা,"বেশি হিসাব করে চলা, কিপ্টেমি",खून खौलना,To feel extreme anger.,HIGH,False,bn-hi
5923,পিছু লাগা,ক্ষতি করার চেষ্টা করা; উত্ত্যক্ত করা; বিরক্ত করা,घर का भेदी लंका ढाए,An insider can cause downfall.,HIGH,False,bn-hi
5924,পিছনে বাঁশ,অত্যন্ত অসুবিধায় পড়া,खून खौलना,To feel extreme anger.,HIGH,False,bn-hi
5927,পিছু টান,প্রিয়জনদের প্রতি অপত্য স্নেহ ও মমতার আকর্ষণ,आँखों में बस जाना,To be deeply loved or admired.,HIGH,False,bn-hi
5928,পেছু নেওয়া,অনুসরণ করা; ক্ষতি করার জন্য অলক্ষ্যে অনুসরণ করা,दिल पर पत्थर रखना,To control emotions with difficulty.,HIGH,False,bn-hi
5929,পেছু লাগা,উত্ত্যক্ত করার জন্য পিছনে লেগে থাকা,नाक में दम करना,To annoy greatly.,HIGH,False,bn-hi
5930,পিছু পা হওয়া,"অপারগ হওয়া, পরাজয় মেনে সরে যাওয়া; পরাম্মুখ হওয়া",दाँत खट्टे करना,To defeat someone badly.,HIGH,False,bn-hi
5931,পিঠটান দেওয়া,"চম্পট, পলায়ন করা",नौ दो ग्यारह होना,To run away quickly.,HIGH,False,bn-hi
5932,পিটপিট করা,অসন্তুষ্টি/বিরক্তির ভাব প্রকাশ করা,दिल का बोझ हल्का करना,To express feelings.,HIGH,False,bn-hi
5938,পিঠমোড়া করা,দড়ি দিয়ে উভয় হাত পিছনে নিয়ে শক্ত করে বাঁধা,दिल पर पत्थर रखना,To control emotions with difficulty.,HIGH,False,bn-hi
5939,পিঠাপিঠি,পরপর জাত,कलेजा ठंडा होना,To feel satisfied after revenge.,HIGH,False,bn-hi
5940,পিঠের চামড়া তোলা,বেদম প্রহার করা; যৎপরোনাস্তি শাস্তি দেওয়া,खून खौलना,To feel extreme anger.,HIGH,False,bn-hi
5941,পিড়িং মারা,কথার মধ্যে খোঁচা মারা বা মন্তব্য করা,नाक ऊँची करना,To make proud.,HIGH,False,bn-hi
5942,পিণ্ডি চটকানো,মৃত্যু কামনা করা; সর্বনাশ করা,नज़रबंद करना,To restrict someone's freedom.,HIGH,False,bn-hi
5944,পিতলের কাটারি,"সুদর্শন, চাকচিক্য আছে কিন্তু অপদার্থ ব্যক্তি",आँखों का काँटा,A person who is disliked or irritating.,HIGH,False,bn-hi
5945,পিত্তিরক্ষা,অতি সামান্য আহারে ক্ষুধার নিবৃত্তি,दिल पर पत्थर रखना,To control emotions with difficulty.,HIGH,False,bn-hi
5947,পিত্তি চটা,অত্যন্ত বিরক্ত ও ক্রুদ্ধ হওয়া,आग बबूला होना,To become extremely angry.,HIGH,False,bn-hi
5948,পিন পতন নীরবতা,পিন পড়লেও শব্দ শোনা যায় এমন নীরবতা,सांप भी मर जाए और लाठी भी न टूटे,Finding a solution that satisfies all parties without loss.,HIGH,False,bn-hi
5951,পিলে চমকানো,পিলে কাঁপানো; ভয়ানক ভয় ধরানো,खून खौलना,To feel extreme anger.,HIGH,False,bn-hi
5953,পীড়াপীড়ি করা,অনুগ্রহ লাভের জন্য সনির্বন্ধ অনুরোধ করা,हाथ जोड़ना,To request humbly.,HIGH,False,bn-hi
5954,পুঁটিমাছের প্রাণ,"ক্ষীণপ্রাণ, ক্ষুদ্রচেতা মানুষ",दिल पर पत्थर रखना,To control emotions with difficulty.,HIGH,False,bn-hi
5955,পুঁটিমাছের ফরফরানি,অল্পজ্ঞানীর বাগাড়ম্বর,दिल पर पत्थर रखना,To control emotions with difficulty.,HIGH,False,bn-hi
5956,পুঁথিগত বিদ্যা,কাজে না লাগা অধীত বিদ্যা,सांप भी मर जाए और लाठी भी न टूटे,Finding a solution that satisfies all parties without loss.,HIGH,False,bn-hi
5957,পুকুর চুরি,আগাগোড়া ফাঁকি; বিরাট আকারের বেমালুম চুরি; সমূলে আত্মসাৎ,सांप भी मर जाए और लाठी भी न टूटे,Finding a solution that satisfies all parties without loss.,HIGH,False,bn-hi
5958,পুতনা রাক্ষসী,যে নারী মনেমনে হিংসা পোষণ করে বাইরে মমতা দেখায়,आँखों का काँटा,A person who is disliked or irritating.,HIGH,False,bn-hi
5961,পুতুল নাচানো,আড়াল থেকে নির্দেশ দিয়ে পরিচালিত করা,दिल पर पत्थर रखना,To control emotions with difficulty.,HIGH,False,bn-hi
5962,পুনর্মূষিকোভব,পুনর্বার পূর্বের হীন অবস্থা প্রাপ্ত হওয়া,छोटा मुँह बड़ी बात,Talking beyond one's status.,HIGH,False,bn-hi
5963,পুন্কে শত্রু,অতি ক্ষুদ্র শত্রু,थक कर चूर होना,To be extremely tired.,HIGH,False,bn-hi
5964,পুরানো কাসুন্দি,শুনতে অনিচ্ছুক জানা অপ্রীতিকর পুরানো কাহিনি,सांप भी मर जाए और लाठी भी न टूटे,Finding a solution that satisfies all parties without loss.,HIGH,False,bn-hi
5965,পুরোনো ঘাগি,বহু অভিজ্ঞতাসম্পন্ন ও অত্যন্ত ধূর্ত; যে বহুকাল ধরে ঠেকে ও শিখে অতিশয় ধূর্ত হয়েছে,आग बबूला होना,To become extremely angry.,HIGH,False,bn-hi
5966,পুরানো পাপী,"আগে দুষ্কৃতি করত, এখন সাধু; দাগি অপরাধী",आँखों का काँटा,A person who is disliked or irritating.,HIGH,False,bn-hi
5967,পুরোনো পাপী,বহু অভিজ্ঞতাসম্পন্ন ও অত্যন্ত ধূর্ত,थक कर चूर होना,To be extremely tired.,HIGH,False,bn-hi
5973,পৃষ্ঠপ্রদর্শন করা,চম্পট দেওয়া; পলায়ন করা; পলায়ন; ভীরুতা প্রকাশ করা,नौ दो ग्यारह होना,To run away quickly.,HIGH,False,bn-hi
5975,পেঁচোয় পাওয়া,কল্পিত অপদেবতার আক্রমণে আঁতুড়ে শিশুদের ধনুষ্টঙ্কার রোগ হওয়া,आसमान से गिरा खजूर में अटका,From bad to worse.,HIGH,False,bn-hi
5979,পেট চনচন করা,তীব্র ক্ষুধার জ্বালা,खून खौलना,To feel extreme anger.,HIGH,False,bn-hi
5980,পেট চলা,জীবিকা নির্বাহ করা; আহার্য সংগৃহীত হওয়া,नाक ऊँची करना,To make proud.,HIGH,False,bn-hi
5982,পেট চুঁইচুঁই করা,বহুক্ষণ অভুক্ত থাকায় পিত্ত জীর্ণ হওয়ার যন্ত্রণাদায়ক অনুভূতি,खून खौलना,To feel extreme anger.,HIGH,False,bn-hi
5983,পেট টালা,পরের খরচে উদরপূর্তি,छोटा मुँह बड़ी बात,Talking beyond one's status.,HIGH,False,bn-hi
5984,পেট পাতলা,যে কোন কথা গোপন রাখতে পারে না,आँखों का काँटा,A person who is disliked or irritating.,HIGH,False,bn-hi
5985,পেট পালা,ভরণপোষণ করা,हाथ तंग होना,To be financially weak.,HIGH,False,bn-hi
5988,পেটরোগা,পেটের অসুখে ভোগে এমন,आसमान से गिरा खजूर में अटका,From bad to worse.,HIGH,False,bn-hi
5989,পেটসর্বস্ব,"মহাপেটুক, খালি খাওয়ার কথা ভাবে বা বলে এমন",आँखों का काँटा,A person who is disliked or irritating.,HIGH,False,bn-hi
5990,পেটাঘড়ি,কাঠের হাতুড়ি দিয়ে বাজানোর কাঁসার চাকতি বা ছোট বেলঘণ্টা,तिनके का सहारा,A small help in a difficult situation.,HIGH,False,bn-hi
5994,পেটে খিদে মুখে লাজ,মনের প্রবল বাসনা লজ্জাবশত প্রকাশ না করা,कान पकड़ना,To promise not to repeat a mistake.,HIGH,False,bn-hi
5995,পেটে খেলে পিঠে সয়,লভ্য হলে লাভের জন্য কষ্ট সহ্য করা যায়,घर का भेदी लंका ढाए,An insider can cause downfall.,HIGH,False,bn-hi
5997,পেটে থাকা,"গোপন থাকা, মনে মনে থাকা",छोटा मुँह बड़ी बात,Talking beyond one's status.,HIGH,False,bn-hi
6001,পেটে বিদ্যে গজগজ করা,অভাবহেতু অস্ফুট গর্জন করার ভাব,दिल का बोझ हल्का करना,To express feelings.,HIGH,False,bn-hi
6002,পেটে বিদ্যে থাকা,পেটে বিদ্যা থাকে এই বিশ্বাস থেকে লেখাপড়া জানা,सांप भी मर जाए और लाठी भी न टूटे,Finding a solution that satisfies all parties without loss.,HIGH,False,bn-hi
6003,পেটে বোমা মারলেও কিছু বের না হওয়া,পেটে কোনো বিদ্যা না থাকা,दिल में चिंगारी होना,To have passion.,HIGH,False,bn-hi
6005,পেটে নয় পাতে মারা,জাতিচ্যুত করা,आसमान से गिरा खजूर में अटका,From bad to worse.,HIGH,False,bn-hi
6006,পেটে রাখা,কথা গোপন রাখা,दीवारों के कान होना,Confidential matters may be overheard.,HIGH,False,bn-hi
6010,পেটের ধান্ধা,কাজ,खून पसीना एक करना,To work extremely hard.,HIGH,False,bn-hi
6011,পেটের ভাত চাল হওয়া,দুর্ভাবনায় অত্যন্ত ভীতসন্ত্রস্ত হওয়া,थक कर चूर होना,To be extremely tired.,HIGH,False,bn-hi
6012,পেটের ভিতর হাত-পা সেঁদিয়ে যাওয়া,দুশ্চিন্তাগ্রস্থ হওয়া; ভয়ে কুঁকড়ে যাওয়া,दिल पर पत्थर रखना,To control emotions with difficulty.,HIGH,False,bn-hi
6014,পেটের শত্রু,যে পুত্র মায়ের যন্ত্রণার কারণ হয়,आँखों का काँटा,A person who is disliked or irritating.,HIGH,False,bn-hi
6015,পেটের শত্রু,যে পুত্র মায়ের যন্ত্রণার কারণ হয়,आँखों का काँटा,A person who is disliked or irritating.,HIGH,False,bn-hi
6016,পেটোয়া,অনুগত ব্যক্তি; বশংবদ,दिल पर पत्थर रखना,To control emotions with difficulty.,HIGH,False,bn-hi
6021,পেশাদার ঘ্যানঘ্যানে,জীবিকার জন্য বকবক করা উকিল,आँखों का काँटा,A person who is disliked or irritating.,HIGH,False,bn-hi
6025,পোঁদ টিপলে শাল হয় না,সল্প প্রচেষ্টায় মহাবিপদ এড়ানো যায় না,दिल पर पत्थर रखना,To control emotions with difficulty.,HIGH,False,bn-hi
6026,পোঁদ টিপলে শাল হয় না,সল্প প্রচেষ্টায় মহাবিপদ এড়ানো যায় না,दिल पर पत्थर रखना,To control emotions with difficulty.,HIGH,False,bn-hi
6030,সানাইয়ের পোঁধরা,একান্ত অনুগত,थक कर चूर होना,To be extremely tired.,HIGH,False,bn-hi
6031,পোঁ পাঁ দৌড়,অতি দ্রুত পলায়ন,बाल-बाल बचना,To narrowly escape danger.,HIGH,False,bn-hi
6032,লোক না পোকা,তুচ্ছ বা হীনব্যক্তি,आँखों का काँटा,A person who is disliked or irritating.,HIGH,False,bn-hi
6038,পোড়ার মুখো,"কলঙ্কিত চরিত্র যার, মেয়েলী গালিবিশেষ",दिल पर पत्थर रखना,To control emotions with difficulty.,HIGH,False,bn-hi
6040,পোয়াবারো,"অতি উত্তম সৌভাগ্য, বিশেষ মূল্যবান প্রাপ্তি",खून खौलना,To feel extreme anger.,HIGH,False,bn-hi
6044,পোষা কুকুর,বিদ্রুপে একান্ত অনুগত ব্যক্তি,आँखों का काँटा,A person who is disliked or irritating.,HIGH,False,bn-hi
6045,পোস্টমর্টেম,মৃত্যুর পরে মৃতদেহের পরীক্ষা,कलेजा ठंडा होना,To feel satisfied after revenge.,HIGH,False,bn-hi
6048,প্যাঁচে পড়া,বিপদে বা সমস্যায় পড়া বা ফেলা,तिनके का सहारा,A small help in a difficult situation.,HIGH,False,bn-hi
6049,পেঁয়াজ পয়জার দুইই হওয়া,মার ও গালাগালি খাওয়া,दिमाग खराब होना,To get irritated.,HIGH,False,bn-hi
6055,প্রত্যুপন্নমতি,ঝটিতি উপস্থিত বুদ্ধি; তৎকালোচিত বুদ্ধি,पानी सिर से गुजरना,Situation getting out of control.,HIGH,False,bn-hi
6061,প্রাণ উড়ে যাওয়া,ভয়ে মৃতপ্রায়,आसमान से गिरा खजूर में अटका,From bad to worse.,HIGH,False,bn-hi
6062,প্রাণ ওষ্ঠাগত,প্রাণ যায় যায় অবস্থা; অত্যন্ত কষ্টকর অবস্থায় পড়া,थक कर चूर होना,To be extremely tired.,HIGH,False,bn-hi
6063,প্রাণকৃষ্ণ,পরম আদরের পাত্র,आँखों का काँटा,A person who is disliked or irritating.,HIGH,False,bn-hi
6064,প্রাণকৃষ্ণ,পরম আদরের পাত্র,आँखों का काँटा,A person who is disliked or irritating.,HIGH,False,bn-hi
6065,প্রাণখোলা,"খোলামেলা স্বভাবের লোক, উদার, উদাত্ত, প্যাঁচালো নয়",दिल पर पत्थर रखना,To control emotions with difficulty.,HIGH,False,bn-hi
6067,প্রাণপণে,সর্বশক্তি দিয়ে,सांप भी मर जाए और लाठी भी न टूटे,Finding a solution that satisfies all parties without loss.,HIGH,False,bn-hi
6068,প্রাণপাখি,প্রাণবাহু বা অতি প্রিয়জন,छोटा मुँह बड़ी बात,Talking beyond one's status.,HIGH,False,bn-hi
6069,প্রাণের প্রাণ,প্রাণাধিক প্রিয় ব্যক্তি,छोटा मुँह बड़ी बात,Talking beyond one's status.,HIGH,False,bn-hi
6070,প্রাণের প্রাণ,প্রাণাধিক প্রিয় ব্যক্তি,छोटा मुँह बड़ी बात,Talking beyond one's status.,HIGH,False,bn-hi
6076,ফকির,"কপর্দকশূন্য, অতিনিঃস্ব ব্যক্তি",थक कर चूर होना,To be extremely tired.,HIGH,False,bn-hi
6087,ফতো কাপ্তান,দায়িত্বজ্ঞানহীন লোক,आँखों का काँटा,A person who is disliked or irritating.,HIGH,False,bn-hi
6088,ফতো নবাব,"অন্তঃসারশূন্য ব্যক্তি, যার কেবল নবাবের মত চালচলন আছে অথচ উপযুক্ত সম্বল নেই; যার নিজের কিছু নেই কেবল পরের দৌলতে বাবুগিরি করে",आँखों का काँटा,A person who is disliked or irritating.,HIGH,False,bn-hi
6091,ফোপর দালাল,যে ব্যক্তি উপরপড়া হয়ে অপরের ব্যাপারে হস্তক্ষেপ করে,आँखों का काँटा,A person who is disliked or irritating.,HIGH,False,bn-hi
6092,ফাঁপর দালাল,যে ব্যক্তি কথায় বেশি কাজে কম,आँखों का काँटा,A person who is disliked or irritating.,HIGH,False,bn-hi
6099,ফরফরানি,অতি চঞ্চলতার ভাব; কর্তৃত্বাভিমান,आसमान से गिरा खजूर में अटका,From bad to worse.,HIGH,False,bn-hi
6103,ফর্সা,আলোকময়,दिल पर पत्थर रखना,To control emotions with difficulty.,HIGH,False,bn-hi
6105,ফলশ্রুতি,পুণ্যকাহিনি শ্রবণে যে ফল পাওয়া যায়,आसमान से गिरा खजूर में अटका,From bad to worse.,HIGH,False,bn-hi
6110,ফল্গুধারা,অদৃশ্য ধারা; বাহিরে প্রকাশিত নয় এমনভাব,कान पकड़ना,To promise not to repeat a mistake.,HIGH,False,bn-hi
6111,ফল্গুবল্গন,বৃথা বাগাড়ম্বর,आँखें तरेरना,To show anger.,HIGH,False,bn-hi
6114,ফাঁক ধরা,ত্রুটি খুঁজে পাওয়া; দোষ ধরা,रास्ता निकालना,To find a solution.,HIGH,False,bn-hi
6115,ফাঁক পাওয়া,বিশ্রাম বা সুযোগ পাওয়া,दिमाग खराब होना,To get irritated.,HIGH,False,bn-hi
6116,ফাঁকতাল,অন্যের অগোচর,पानी सिर से गुजरना,Situation getting out of control.,HIGH,False,bn-hi
6117,ফাঁকতালে,হঠাৎ পাওয়া সুযোগে,रातों-रात बदल जाना,Sudden change.,HIGH,False,bn-hi
6121,ফাঁকা ময়দান,প্রতিদ্বন্দ্বিতাবিহীন লড়াইক্ষেত্র,सांप भी मर जाए और लाठी भी न टूटे,Finding a solution that satisfies all parties without loss.,HIGH,False,bn-hi
6123,ফাঁকি দেওয়া,কর্তব্যে অবহেলা করা,छोटा मुँह बड़ी बात,Talking beyond one's status.,HIGH,False,bn-hi
6124,ফাঁকিতে পড়া,প্রবঞ্চিত হওয়া; প্রাপ্য বিষয়ে বঞ্চিত হওয়া,छोटा मुँह बड़ी बात,Talking beyond one's status.,HIGH,False,bn-hi
6125,ফাঁকে পড়া,ফাঁকিতে পড়া,तिनके का सहारा,A small help in a difficult situation.,HIGH,False,bn-hi
6127,ফাঁটবাজ,অহঙ্কারী,आँखों का काँटा,A person who is disliked or irritating.,HIGH,False,bn-hi
6128,ফাঁড়া,আকস্মিক বিপদের সম্ভাবনা,रातों-रात बदल जाना,Sudden change.,HIGH,False,bn-hi
6133,ফাঁপা কলসির শব্দ বড়,যার কিছু নেই তার বাইরের শব্দ কিছু বেশি রকম; অন্তঃসারশূন্য ব্যক্তির বাগড়ম বেশি,दिल पर पत्थर रखना,To control emotions with difficulty.,HIGH,False,bn-hi
6138,ফাকতা (পায়রা) ওড়ানো,ফুর্তিতে দিন কাটানো; ভাবনা চিন্তা না করে মনের আনন্দে দিন কাটানো,सांप भी मर जाए और लाठी भी न टूटे,Finding a solution that satisfies all parties without loss.,HIGH,False,bn-hi
6140,ফাটা কপাল,দুর্ভাগ্য,आसमान से गिरा खजूर में अटका,From bad to worse.,HIGH,False,bn-hi
6141,ফাটা কপাল জোড়া লাগা,সৌভাগ্যের পুনরাবির্ভাব হওয়া; মন্দভাগ্য সৌভাগ্যরূপে পরিবর্তিত হওয়া,आसमान से गिरा खजूर में अटका,From bad to worse.,HIGH,False,bn-hi
6144,ফাণ্ডা,কোনো বিষয়ে জ্ঞান বা দখল,धरना देना,To stand firm on an issue.,HIGH,False,bn-hi
6151,ফিকির,"উদ্দেশ্য, কাজকর্মের সন্ধান",छोटा मुँह बड़ी बात,Talking beyond one's status.,HIGH,False,bn-hi
6152,ফিকির,"উদ্দেশ্য, কাজকর্মের সন্ধান",छोटा मुँह बड़ी बात,Talking beyond one's status.,HIGH,False,bn-hi
6153,ফিকিরে ফকির,চালাকি করতে গিয়ে নিজের সর্বনাশকারী,छोटा मुँह बड़ी बात,Talking beyond one's status.,HIGH,False,bn-hi
6154,ফিকিরে ফকির,চালাকি করতে গিয়ে নিজের সর্বনাশকারী,छोटा मुँह बड़ी बात,Talking beyond one's status.,HIGH,False,bn-hi
6160,ফিসফিসানি,গোপন কথা কানেকানে বলা,दीवारों के कान होना,Confidential matters may be overheard.,HIGH,False,bn-hi
6161,ফুকো মস্তান,বাকসর্বস্ব ব্যক্তি,आँखों का काँटा,A person who is disliked or irritating.,HIGH,False,bn-hi
6162,ফুকফুকে,কোন গোপন কথা অপরের কাছে শুনে প্রকাশ করার জন্য যে ব্যক্তি আগ্রহ প্রকাশ করে,आँखों का काँटा,A person who is disliked or irritating.,HIGH,False,bn-hi
6163,ফুটকড়াই,চড়বড় করে কথা বলা লোক,आँखों का काँटा,A person who is disliked or irritating.,HIGH,False,bn-hi
6164,ফুট কাটা,টিপ্পনি কাটা,नाक ऊँची करना,To make proud.,HIGH,False,bn-hi
6166,ফুটানি,অশোভন বাবুগিরি; লোকদেখানো বাবুগিরি,दिल जीत लेना,To impress deeply.,HIGH,False,bn-hi
6167,ফুটানিরাম,অতিশয় গর্বিত; হামবড়া দেমাকি লোক; অশোভনভাবে বাবুগিরি করে এমন লোক,थक कर चूर होना,To be extremely tired.,HIGH,False,bn-hi
6168,ফুটিফাটা,"আটখানা, চৌচির; পাকাফুটির মত দীর্ণবিদীর্ণ",दिल पर पत्थर रखना,To control emotions with difficulty.,HIGH,False,bn-hi
6171,ফুটো পয়সা,"অতি নগণ্য, তুচ্ছ পরিমাণ",थक कर चूर होना,To be extremely tired.,HIGH,False,bn-hi
6172,ফুটো পয়সার লড়াই,তুচ্ছ বিষয় নিয়ে বিবাদ-বিসম্বাদ,दीवारों के कान होना,Confidential matters may be overheard.,HIGH,False,bn-hi
6177,ফুল চড়ানো,স্বার্থসিদ্ধির উদ্দেশ্যে দেবতার থানে ফুলস্থাপন,छोटा मुँह बड़ी बात,Talking beyond one's status.,HIGH,False,bn-hi
6179,ফুলটুসী,ফুল যেমন টুসকিতেই ঝরে পড়ে তেমনি সামান্য আঘাতে বা শোকে যে নারী কাতর হয়ে পড়ে,सांप भी मर जाए और लाठी भी न टूटे,Finding a solution that satisfies all parties without loss.,HIGH,False,bn-hi
6180,ফুল না ঝরা,শৈশবকাল অতিবাহিত না হওয়া,कान पकड़ना,To promise not to repeat a mistake.,HIGH,False,bn-hi
6182,ফুলবাবু,অতি শৌখিন লোক; ব্যঙ্গার্থে অতিরিক্ত বিলাসী ও পরিচ্ছন্ন সুন্দর বেশভূষা পরিহিত ব্যক্তি,आँखों का काँटा,A person who is disliked or irritating.,HIGH,False,bn-hi
6183,ফুলানো,"অতি প্রশংসায় অহঙ্কৃত করে তোলা; গর্বিত করা, বাহাবা দেওয়া",दिल पर पत्थर रखना,To control emotions with difficulty.,HIGH,False,bn-hi
6184,ফুলে ফেঁপে ওঠা,ধনবান হওয়া,कान खड़े होना,To become alert.,HIGH,False,bn-hi
6186,ফুলের ঘায়ে মুর্চ্ছা যাওয়া,অল্প পরিশ্রমে কাতর হওয়া,कान खड़े होना,To become alert.,HIGH,False,bn-hi
6187,ফুসফুস করা,আস্তেআস্তে কথা বলা; মৃদু শব্দে কথোপকথন,कान में कहना,To speak secretly.,HIGH,False,bn-hi
6188,ফুসফুস গুজগুজ করা,আড়ালে কোনো গোপন বিষয়ের মৃদু আলাপ আলচনা করা,दीवारों के कान होना,Confidential matters may be overheard.,HIGH,False,bn-hi
6190,ফুসুরফুসুর করা,কানাকানি করা; ক্রমাগত কানে কানে কথা বলা; গোপন শলাপরামর্শ,नज़रबंद करना,To restrict someone's freedom.,HIGH,False,bn-hi
6191,ফেঁকড়া,মূল বিষয় থেকে উৎপন্ন আনুসঙ্গিক বাধাবিঘ্ন/ঝঞ্ঝাট,आसमान से गिरा खजूर में अटका,From bad to worse.,HIGH,False,bn-hi
6193,ফেউ,পিছন ছাড়ে না এমন ব্যক্তি,आँखों का काँटा,A person who is disliked or irritating.,HIGH,False,bn-hi
6194,ফেউ লাগা,পিছনে লেগে থেকে উত্ত্যক্ত করা; বিরক্তিকরভাবে অনুসরণ করা; ব্যতিব্যস্ত করা,नाक में दम करना,To annoy greatly.,HIGH,False,bn-hi
6201,ফেরেফবাজি,"প্রবঞ্চনা, ফেরেববাজের কাজ, বৃত্তি বা আচরণ",खून पसीना एक करना,To work extremely hard.,HIGH,False,bn-hi
6204,ফেলারাম,নিঃস্ব ব্যক্তি,आँखों का काँटा,A person who is disliked or irritating.,HIGH,False,bn-hi
6205,ফেলো কড়ি মাখো তেল,নগদ অর্থ বা শ্রমের বিনিময়ে দ্রব্য গ্রহণের আবেদন,हाथ जोड़ना,To request humbly.,HIGH,False,bn-hi
6208,ফোঁড় গোণা,সব বিষয়ে নজর রাখা; হিসাব করে চলা,दिल पर पत्थर रखना,To control emotions with difficulty.,HIGH,False,bn-hi
6210,ফোড়ন কাটা,অন্যের কথার মধ্যে অনাবশ্যক মন্তব্য করা,नाक ऊँची करना,To make proud.,HIGH,False,bn-hi
6213,ফোস্কা পড়া গায়ে,ঈর্ষায় কাতর হওয়া; গায়ে জ্বালা ধরা,दिल पर पत्थर रखना,To control emotions with difficulty.,HIGH,False,bn-hi
6215,ফ্যাঁকড়া তোলা,"ফ্যাসাদ, বাধা, ঝামেলা সৃষ্টি করা",आसमान सिर पर उठाना,To create a lot of noise or chaos.,HIGH,False,bn-hi
6218,ফ্যাচফ্যাচ করা,ক্রমাগত বকবক করা; বাজে বকা; বিরক্তিকর কথা বলা,कान में कहना,To speak secretly.,HIGH,False,bn-hi
6222,ফ্ল্যাট,চিৎপাত,छोटा मुँह बड़ी बात,Talking beyond one's status.,HIGH,False,bn-hi
6223,বইয়ের পোকা,খুব পড়ুয়া,आँखों का काँटा,A person who is disliked or irritating.,HIGH,False,bn-hi
6224,বউকাঁটকি,দজ্জাল শাশুড়ি যে গঞ্জনা দিয়ে বউকে কষ্ট দেয়,दिल पर पत्थर रखना,To control emotions with difficulty.,HIGH,False,bn-hi
6226,বউভেড়ুয়া,চুড়ান্ত স্ত্রৈণ; বউয়ের আঁচলধরা,छोटा मुँह बड़ी बात,Talking beyond one's status.,HIGH,False,bn-hi
6229,বংশের বাতি,বংশের নাম উজ্জ্বলকারী সন্তান,आँखों का काँटा,A person who is disliked or irritating.,HIGH,False,bn-hi
6231,বকধার্মিক,"বিদ্রুপে ধর্মের ভান করে এমন ভেকধারী ব্যক্তি, মেকী ধার্মিক",आँखों का काँटा,A person who is disliked or irritating.,HIGH,False,bn-hi
6234,বকবকানি,ক্রমাগত বাজে কথা বলা; বাচালতা,छोटा मुँह बड़ी बात,Talking beyond one's status.,HIGH,False,bn-hi
6236,বকলম,লিখতে অক্ষম এমন ব্যক্তির পরিবর্তে যে লেখে বা সই করে,आँखों का काँटा,A person who is disliked or irritating.,HIGH,False,bn-hi
6237,বকলমে,একের আড়ালে অন্যের স্বরূপ গোপন,छोटा मुँह बड़ी बात,Talking beyond one's status.,HIGH,False,bn-hi
6239,বকেয়া বাকি,গত দু'এক বছরের পাওনাবাবদ বাকি,आसमान से गिरा खजूर में अटका,From bad to worse.,HIGH,False,bn-hi
6242,বগল বাজানো,"আনন্দ, জয়োল্লাস প্রকাশ করা",दिल का बोझ हल्का करना,To express feelings.,HIGH,False,bn-hi
6243,বগলে পুঁথি ঘরময় খোঁজা,আপনভোলা বা ঢিলেঢালা লোক,आँखों का काँटा,A person who is disliked or irritating.,HIGH,False,bn-hi
6245,বঙ্কুবিহারী,শ্রীকৃষ্ণ; বাঁকাচরিত্রের লোক,दिल पर पत्थर रखना,To control emotions with difficulty.,HIGH,False,bn-hi
6246,বচনবাগীশ/সর্বস্ব,কথার পণ্ডিত,आँखों का काँटा,A person who is disliked or irritating.,HIGH,False,bn-hi
6249,বজ্র-আঁটুনি ফস্কা গেরো,"সতর্কতার ভিতর অসতর্কতা; নিয়মের বাঁধন যতই কড়া হোক-না-কেন, বাঁধন এড়ানোর সহজ পথ থাকে; সহজে খোলা যায় এমন",सांप भी मर जाए और लाठी भी न टूटे,Finding a solution that satisfies all parties without loss.,HIGH,False,bn-hi
6250,বজ্রাঘাত,আকস্মিকভাবে প্রাপ্ত অতি আঘাত,रातों-रात बदल जाना,Sudden change.,HIGH,False,bn-hi
6253,বড় একটা,"খুব বেশি নয়, কদাচিৎ",कान पकड़ना,To promise not to repeat a mistake.,HIGH,False,bn-hi
6260,বড়ঘাটে নৌকা বাঁধা,বেশি লাভের প্রত্যাশী,दिल में जगह बनाना,To gain affection.,HIGH,False,bn-hi
6263,বড়জোর,খুব বেশি হলে; গণনায় যে সংখ্যা যে পরিমাণের ঊর্ধ্বে আর যা না,छोटा मुँह बड़ी बात,Talking beyond one's status.,HIGH,False,bn-hi
6268,বড়পেট,অত্যন্ত পেটুক,थक कर चूर होना,To be extremely tired.,HIGH,False,bn-hi
6275,বড়মন,"উদার মনোভাবাপন্ন, মহৎব্যক্তি",आँखों का काँटा,A person who is disliked or irritating.,HIGH,False,bn-hi
6277,বড়মানুষ,উদার মনের মানুষ,दिल पर पत्थर रखना,To control emotions with difficulty.,HIGH,False,bn-hi
6278,বড়মানুষি,ধনীর মত আচরণ,आँखों का काँटा,A person who is disliked or irritating.,HIGH,False,bn-hi
6279,বড়মিঞা,বয়স্কব্যক্তি সম্পর্কে সম্মানসূচক শব্দ,आँखों का काँटा,A person who is disliked or irritating.,HIGH,False,bn-hi
6280,বড়মুখ,অনেক উৎসাহ; আশা,आसमान सिर पर उठाना,To create a lot of noise or chaos.,HIGH,False,bn-hi
6281,বড়মুখ করে,গর্ব/প্রত্যয়ের সাথে,दिल पर पत्थर रखना,To control emotions with difficulty.,HIGH,False,bn-hi
6284,বড়লাট,খুব গন্যমান্য ব্যক্তি,आँखों का काँटा,A person who is disliked or irritating.,HIGH,False,bn-hi
6285,বড়লোক,ধনী ব্যক্তি,आँखों का काँटा,A person who is disliked or irritating.,HIGH,False,bn-hi
6288,বড় হওয়া,"ধনী, প্রসিদ্ধ বা মহৎ হওয়া",कान खड़े होना,To become alert.,HIGH,False,bn-hi
6289,বড়হাজারি,ভারতে আগত সাহেবদের ভাষায় মধ্যাহ্নের ভরপেট আহার,आँखों का काँटा,A person who is disliked or irritating.,HIGH,False,bn-hi
6290,বড়াই বুড়ি,অতিবৃদ্ধ রমণী,थक कर चूर होना,To be extremely tired.,HIGH,False,bn-hi
6299,বদ্ধমূল,দৃঢ়; বিচ্যুত করা যায় না এমন,आँखों में बस जाना,To be deeply loved or admired.,HIGH,False,bn-hi
6301,ওঝার বেটা বনগরু,আকাট মূর্খ,खून खौलना,To feel extreme anger.,HIGH,False,bn-hi
6307,বয়স হওয়া,সাবালক বা বৃদ্ধ হওয়া,कान खड़े होना,To become alert.,HIGH,False,bn-hi
6308,বয়সের গাছ পাথর নাই,"অতিবৃদ্ধ, যার বয়সের হিসাব নাই",थक कर चूर होना,To be extremely tired.,HIGH,False,bn-hi
6310,বয়ে যাওয়া,কুসংসর্গে পড়ে চরিত্র নষ্ট হওয়া,छोटा मुँह बड़ी बात,Talking beyond one's status.,HIGH,False,bn-hi
6313,বরনারী,"উত্তমা নারী, শ্রেষ্ঠা নারী, সর্বগুণান্বিতা রমণী",सांप भी मर जाए और लाठी भी न टूटे,Finding a solution that satisfies all parties without loss.,HIGH,False,bn-hi
6314,বরন্তী,বিয়ের আগেই পতিকর্তব্য সম্পর্কে শিক্ষাপ্রাপ্তা নারী,आँखों का काँटा,A person who is disliked or irritating.,HIGH,False,bn-hi
6315,বরপুত্র,দেবতার অনুগৃহীত ব্যক্তি,आँखों का काँटा,A person who is disliked or irritating.,HIGH,False,bn-hi
6318,বর্বর,পশুবৎ আচরণকারী,आँखों का काँटा,A person who is disliked or irritating.,HIGH,False,bn-hi
6321,বরাখুরে,কু-লক্ষণাক্রান্ত গালিবিশেষ,दिल पर पत्थर रखना,To control emotions with difficulty.,HIGH,False,bn-hi
6325,বরের ঘরের পিসি কনের ঘরের মাসি,দুপক্ষের প্রতি টান আছে এমন ব্যক্তি; যিনি উভয়পক্ষের স্বার্থ ও সম্মান বজায় রাখেন,आँखों का काँटा,A person who is disliked or irritating.,HIGH,False,bn-hi
6327,বর্ণচোরা আম,পাকলেও বর্ণের পরিবর্তন হয় না এমন ফল,सांप भी मर जाए और लाठी भी न टूटे,Finding a solution that satisfies all parties without loss.,HIGH,False,bn-hi
6331,বর্ণজ্ঞানহীন,অক্ষরের সঙ্গে পরিচয় নেই এমন; নিরক্ষর,सांप भी मर जाए और लाठी भी न टूटे,Finding a solution that satisfies all parties without loss.,HIGH,False,bn-hi
6333,বর্ণসঙ্কর,"অকুলীন, দো-আঁশলা, ভিন্ন বর্ণ/জাতির মাতাপিতা থেকে উৎপন্ন ব্যক্তি বা প্রাণী",आसमान से गिरा खजूर में अटका,From bad to worse.,HIGH,False,bn-hi
6335,বর্ণাশ্রম,"ব্রহ্মচর্যাদি চতুরাশ্রম; ব্রাহ্মণ, ক্ষত্রিয়, বৈশ্য, শূদ্র-এই চার বর্ণের শ্রেণিবিন্যাস",दिल पर पत्थर रखना,To control emotions with difficulty.,HIGH,False,bn-hi
6337,"বর্ষার ছাতি, ভটচায্যির পাঁতি",অতি প্রয়োজনীয় জিনিস,थक कर चूर होना,To be extremely tired.,HIGH,False,bn-hi
6338,বলই না ছাই,ছাইপাঁশ যে কথাই হোক না কেন বলেই ফেলো,जुबान फिसलना,To say something unintentionally.,HIGH,False,bn-hi
6343,বলিদান,মহৎ কাজে উৎসর্গ,घर का भेदी लंका ढाए,An insider can cause downfall.,HIGH,False,bn-hi
6344,আত্মবলিদান,নিজেকে মহৎ কাজে উৎসর্গ,घर का भेदी लंका ढाए,An insider can cause downfall.,HIGH,False,bn-hi
6346,বলির পাঁঠা,পরের জন্য উৎসর্গীকৃত প্রাণ; শোচনীয় অবস্থায় পতিত; একজনের অন্যায়ের দায়ে অভিযুক্ত অন্য ব্যক্তি,आँखों का काँटा,A person who is disliked or irritating.,HIGH,False,bn-hi
6348,বলিহারি যাওয়া,এত উৎকৃষ্ট যে বর্ণনা করতে গিয়ে হেরে যেতে হয়,सांप भी मर जाए और लाठी भी न टूटे,Finding a solution that satisfies all parties without loss.,HIGH,False,bn-hi
6353,বশংবদ,একান্ত অনুগত,थक कर चूर होना,To be extremely tired.,HIGH,False,bn-hi
6355,বসন্তের সখা,কোকিল,सांप भी मर जाए और लाठी भी न टूटे,Finding a solution that satisfies all parties without loss.,HIGH,False,bn-hi
6356,বসতে পেলে শুতে চাওয়া,একটু প্রশ্রয় পেলে আবদার বেড়ে যাওয়া,ऊँट के मुँह में जीरा,Too little for need.,HIGH,False,bn-hi
6357,বসতে পেলে শুতে চাওয়া,একটু প্রশ্রয় পেলে আবদার বেড়ে যাওয়া,ऊँट के मुँह में जीरा,Too little for need.,HIGH,False,bn-hi
6359,হাট বসা,সক্রিয় হওয়া; কাজ শুরু হওয়া,खून पसीना एक करना,To work extremely hard.,HIGH,False,bn-hi
6363,বসিয়ে দেওয়া,ছাঁটাই করা,आसमान से गिरा खजूर में अटका,From bad to worse.,HIGH,False,bn-hi
6364,বসুকীট,"কৃপণ, ধনাকাঙ্ক্ষী",दिल पर पत्थर रखना,To control emotions with difficulty.,HIGH,False,bn-hi
6366,বসুধৈব কুটুম্বকম,সমগ্র বিশ্ব এক পরিবার; জগতজোড়া আত্মীয়স্বজন,सांप भी मर जाए और लाठी भी न टूटे,Finding a solution that satisfies all parties without loss.,HIGH,False,bn-hi
6368,বসে খাওয়া,উপার্জন নেই তাই সঞ্চিত অর্থ ভেঙে খাওয়া,छोटा मुँह बड़ी बात,Talking beyond one's status.,HIGH,False,bn-hi
6369,বসে খাওয়া,উপার্জন নেই তাই সঞ্চিত অর্থ ভেঙে খাওয়া,छोटा मुँह बड़ी बात,Talking beyond one's status.,HIGH,False,bn-hi
6370,বসে থাকা,অপেক্ষা/প্রতীক্ষা করা,तेल देखो तेल की धार देखो,Wait and observe carefully.,HIGH,False,bn-hi
6371,বসে থাকা,অপেক্ষা/প্রতীক্ষা করা,तेल देखो तेल की धार देखो,Wait and observe carefully.,HIGH,False,bn-hi
6372,বসে পড়া,উপবেশন করা,दिल पर लेना,To take something personally.,HIGH,False,bn-hi
6376,বসে যাওয়া,অবরুদ্ধ হওয়া,कान खड़े होना,To become alert.,HIGH,False,bn-hi
6382,বহুবল্লভ,বহুরমণীর প্রিয়ব্যক্তি,आँखों का काँटा,A person who is disliked or irritating.,HIGH,False,bn-hi
6383,বহুভাগ্য,অতিশয় প্রসন্ন অদৃষ্ট,थक कर चूर होना,To be extremely tired.,HIGH,False,bn-hi
6384,বহুরূপী,বর্ণচোরা ব্যক্তি যে একেক সময়ে একেক রূপ ধারণ করে,आँखों का काँटा,A person who is disliked or irritating.,HIGH,False,bn-hi
6385,বহ্বারম্ভে লঘুক্রিয়া,আড়ম্বরের সাথে শুরু করা কাজের সামান্য পরিণতি,दिल पर पत्थर रखना,To control emotions with difficulty.,HIGH,False,bn-hi
6387,বাঁকা,বক্র হওয়া,कान खड़े होना,To become alert.,HIGH,False,bn-hi
6397,বাঁচন-মরণ,অস্তিত্ব রক্ষা,दिल पर पत्थर रखना,To control emotions with difficulty.,HIGH,False,bn-hi
6399,বাঁচোয়া,"বিপদ থেকে নিস্তার, রেহাই, রক্ষা ইত্যাদি",आसमान से गिरा खजूर में अटका,From bad to worse.,HIGH,False,bn-hi
6400,বাঁটুল,খর্বকায় ব্যক্তি,आँखों का काँटा,A person who is disliked or irritating.,HIGH,False,bn-hi
6401,বাঁদর,বাঁদরের মতো আচরণ বা স্বভাববিশিষ্ট-তিরস্কার,दिल पर पत्थर रखना,To control emotions with difficulty.,HIGH,False,bn-hi
6404,বাঁধাগৎ,যে গতের পরিবর্তন নেই; বৈচিত্রহীন একঘেয়ে রুটিনমাফিক কাজকর্ম,सांप भी मर जाए और लाठी भी न टूटे,Finding a solution that satisfies all parties without loss.,HIGH,False,bn-hi
6405,বাঁধা ছাঁদা,নিমন্ত্রিত ব্যক্তি ভোজনশেষে যে খাদ্যবস্তু কাপড়ে পুটুলি বেঁধে নিয়ে যায়,सांप भी मर जाए और लाठी भी न टूटे,Finding a solution that satisfies all parties without loss.,HIGH,False,bn-hi
6407,বাঁধাবুলি,বরাবর এক বক্তব্য; যে কথা অপরিবর্তিতভাবে বারবার বলা হয়,सांप भी मर जाए और लाठी भी न टूटे,Finding a solution that satisfies all parties without loss.,HIGH,False,bn-hi
6409,বাঁশ দেওয়া,"অসুবিধায় ফেলা, ক্ষতি করা, বাগড়া দেওয়া",घर का भेदी लंका ढाए,An insider can cause downfall.,HIGH,False,bn-hi
6410,বাঁশবনে ডোম কানা,অনেক উৎকৃষ্টের মাঝ থেকে একটা বেছে নিতে অপারগ বা দিশেহারা; অভিজ্ঞ ব্যক্তিও একপ্রকার দ্রব্যের গুণাগুণ নির্ণয়ে অসমর্থ হয়,आसमान से गिरा खजूर में अटका,From bad to worse.,HIGH,False,bn-hi
6416,বাওয়া ডিম,যে ডিম থেকে বাচ্চা হয় না,आसमान से गिरा खजूर में अटका,From bad to worse.,HIGH,False,bn-hi
6423,বাকরোধ,কথা বলার শক্তি লোপ,कान में कहना,To speak secretly.,HIGH,False,bn-hi
6424,বাকসর্বস্ব,কথা বলতে ওস্তাদ কিন্তু কাজ করতে অক্ষম; অপদার্থ,सांप भी मर जाए और लाठी भी न टूटे,Finding a solution that satisfies all parties without loss.,HIGH,False,bn-hi
6425,বাকসিদ্ধ,যে ব্যক্তির উচ্চারিত কথামাত্রই সত্য হয়,आँखों का काँटा,A person who is disliked or irritating.,HIGH,False,bn-hi
6427,বাক্যনবাব,"কথা বলাতে ওস্তাদ, বাচাল। সমার্থক: কথার নবাব, কথার ভটচাজ্জি ইত্যাদি",आँखों का काँटा,A person who is disliked or irritating.,HIGH,False,bn-hi
6428,বাক্যবাণ,তীক্ষ্ণ তীরের মত মর্মভেদী বচন; অত্যন্ত তীক্ষ্ণ কথা,थक कर चूर होना,To be extremely tired.,HIGH,False,bn-hi
6433,বাগ্দত্তা,নির্দিষ্ট কোনো পাত্রের সঙ্গে বিবাহের প্রতিশ্রুতি দেওয়া হয়েছে এমন পাত্রী,आँखों का काँटा,A person who is disliked or irritating.,HIGH,False,bn-hi
6438,বাগে পাওয়া,"আয়ত্তের মধ্যে পাওয়া, কায়দামাফিক পাওয়া",छोटा मुँह बड़ी बात,Talking beyond one's status.,HIGH,False,bn-hi
6439,বাঘ,বাঘের মতো প্রভাবশালী ব্যক্তি,आँखों का काँटा,A person who is disliked or irritating.,HIGH,False,bn-hi
6442,বাঘাহামা,বড় বড় হামাগুড়ি; দুইহাতের করতল ও পদতলের উপর ভর করে হাঁটা,दिल पर पत्थर रखना,To control emotions with difficulty.,HIGH,False,bn-hi
6444,বাঘে গরুতে এক ঘাটে জল খাওয়া,শাসনের দাপটে সকল বিবাদ-বিসংবাদ দূরীভূত হয়ে শান্তি বিরাজ করা,सांप भी मर जाए और लाठी भी न टूटे,Finding a solution that satisfies all parties without loss.,HIGH,False,bn-hi
6446,বাঘে ছুঁলে আঠারো ঘা,বাঘসৃষ্ট এক ক্ষত থেকে একাদিক ক্ষত হয়; তার থেকে বিপজ্জনক ব্যাপারের সঙ্গে সামান্য সংস্রবও অত্যন্ত ক্ষতিকর; যে বিষয় ছুঁলে নানা ঝঞ্ঝাটে ও বিপদে পড়তে হয়,थक कर चूर होना,To be extremely tired.,HIGH,False,bn-hi
6447,বাঘের আড়ি,অত্যন্ত গুয়ার্তুমি; প্রবল জেদ,खून खौलना,To feel extreme anger.,HIGH,False,bn-hi
6448,বাঘের আবার গোবধ,দোষনীয় নয়; দুস্কৃতির পাপবোধ নেই,कान पकड़ना,To promise not to repeat a mistake.,HIGH,False,bn-hi
6450,বাঘের ঘরে ঘোগের বাসা,ক্ষতিসাধনের উদ্দেশ্যে শক্তিশালী স্বজাতীর গৃহে গোপনে অবস্থান,दिल पर पत्थर रखना,To control emotions with difficulty.,HIGH,False,bn-hi
6452,বাঘের দুধ,দুস্প্রাপ্য বস্তু,थक कर चूर होना,To be extremely tired.,HIGH,False,bn-hi
6454,বাঘের পাছায় ঘা,নিজের দোষে সামান্য বিপদকে বড় করে তোলা,छोटा मुँह बड़ी बात,Talking beyond one's status.,HIGH,False,bn-hi
6455,বাঘের পিছনে ফেউ লাগা,পিছনে লেগে কাউকে উত্ত্যক্ত করা,नाक में दम करना,To annoy greatly.,HIGH,False,bn-hi
6456,বাঘের পিঠে চড়া,বিপজ্জনক কাজে জড়িয়ে পড়া যার থেকে রেহাই নেই,बाल-बाल बचना,To narrowly escape danger.,HIGH,False,bn-hi
6458,বাঘের মাসি,বিড়াল; বিড়ালের মত আরামপ্রিয় ব্যক্তি,आँखों का काँटा,A person who is disliked or irritating.,HIGH,False,bn-hi
6459,বাংলা করে বলা,সোজা সরল ভাষায় বলা,कान में कहना,To speak secretly.,HIGH,False,bn-hi
6464,বাচ্চা-কাচ্চা,ছোট ছেলেমেয়েরা,तिनके का सहारा,A small help in a difficult situation.,HIGH,False,bn-hi
6465,বাছবিচার,"গুণ-দোষ, ন্যায়-অন্যায়, ভালমন্দের নির্বাচন/বিচার",आसमान से गिरा खजूर में अटका,From bad to worse.,HIGH,False,bn-hi
6469,বাজখাঁই গলা,অতিশয় উচ্চ ও কর্কশ কণ্ঠস্বর,थक कर चूर होना,To be extremely tired.,HIGH,False,bn-hi
6471,বাজার,"বাজারে কেনা তরিতরকারি, মাছ ইত্যাদি",आसमान से गिरा खजूर में अटका,From bad to worse.,HIGH,False,bn-hi
6483,বাজি মারা,ঝুঁকি নিয়ে সাফল্য পাওয়া,सिर पर कफन बाँधना,To be ready to risk life.,HIGH,False,bn-hi
6487,বাজে খরচ,অনাবশ্যক খরচ যা না হলেও চলে,सांप भी मर जाए और लाठी भी न टूटे,Finding a solution that satisfies all parties without loss.,HIGH,False,bn-hi
6488,বাজে জমা,নিজ জমার অতিরিক্ত জমা; সামান্য লাভ,छोटा मुँह बड़ी बात,Talking beyond one's status.,HIGH,False,bn-hi
6491,বাঞ্ছাকল্পতরু,সকল ইচ্ছা পূর্ণকারী স্বর্গীয় বৃক্ষ বিশেষ,सांप भी मर जाए और लाठी भी न टूटे,Finding a solution that satisfies all parties without loss.,HIGH,False,bn-hi
6492,বাঞ্ছারাম,মনোস্কামনা সিদ্ধকারী ব্যক্তি,आँखों का काँटा,A person who is disliked or irritating.,HIGH,False,bn-hi
6494,বাড়াবাড়া,স্পর্ধা দেখানো,आँखें तरेरना,To show anger.,HIGH,False,bn-hi
6497,বাড়ববহ্নি,সমুদ্রগর্ভের অগ্নি,आसमान से गिरा खजूर में अटका,From bad to worse.,HIGH,False,bn-hi
6498,বাড়বাড়ন্ত,সমার্থক যুগ্মশব্দ; অত্যন্ত শ্রীবৃদ্ধি,खून खौलना,To feel extreme anger.,HIGH,False,bn-hi
6501,বাড়াভাতে কুটুম্ব,"ভোগের সময় আত্মীয়, কাজের সময় নয়",खून पसीना एक करना,To work extremely hard.,HIGH,False,bn-hi
6503,বাড়া ভাতে নেড়া গিন্নী,কিছু না করে সিদ্ধকাজের সাফল্যের ভাগীদার নারী,सांप भी मर जाए और लाठी भी न टूटे,Finding a solution that satisfies all parties without loss.,HIGH,False,bn-hi
6507,বাতাস খাওয়া,মুক্তবায়ু বা পাখার হাওয়া উপভোগ করা,आसमान से गिरा खजूर में अटका,From bad to worse.,HIGH,False,bn-hi
6510,বাতাসকে আঘাত করা,"নিস্ফল প্রচেষ্টা, যা হবার নয়",सांप भी मर जाए और लाठी भी न टूटे,Finding a solution that satisfies all parties without loss.,HIGH,False,bn-hi
6511,বাতাসী,কৃশা ও লম্বা; তন্বী; ছিপছিপে গড়নের নারী,दिल पर पत्थर रखना,To control emotions with difficulty.,HIGH,False,bn-hi
6512,বাতাসে ওড়া,"প্রচণ্ড উৎফুল্ল হওয়া, অহংকারী হওয়া",आग बबूला होना,To become extremely angry.,HIGH,False,bn-hi
6513,বাতাসের সাথে ঝগড়া করা,অকারণে বিবাদ করা,सांप भी मर जाए और लाठी भी न टूटे,Finding a solution that satisfies all parties without loss.,HIGH,False,bn-hi
6517,বাদ সাধা,বিঘ্ন সৃষ্টি করা,आसमान सिर पर उठाना,To create a lot of noise or chaos.,HIGH,False,bn-hi
6519,বাদুড়চোষা,কোন জিনিস নীরস/ছিবড়া করে ফেলা,नाक ऊँची करना,To make proud.,HIGH,False,bn-hi
6528,বানরকে কলা দেখানো,লোভ দেখিয়ে কার্যোদ্ধারের চেষ্টা,छोटा मुँह बड़ी बात,Talking beyond one's status.,HIGH,False,bn-hi
6530,বানরের গলায় মুক্তার হার,অযোগ্যের হাতে মূল্যবান জিনিস; যে জিনিসের মূল্য বোঝে না তাকে সেই জিনিস দান,बंदर क्या जाने अदरक का,Someone is unaware of the value or significance of something.,HIGH,False,bn-hi
6531,বানরের সম্পত্তি গালে,যে অর্জিত আয় সব খেয়ে ফেলে সঞ্চয় করে না,सांप भी मर जाए और लाठी भी न टूटे,Finding a solution that satisfies all parties without loss.,HIGH,False,bn-hi
6532,বানিয়া,"মন্দার্থে- প্রবল ব্যবসায়ীবুদ্ধিসম্পন্ন লোক, লাভ লোকসান সম্পর্কে মাত্রাতিরিক্ত সতর্ক লোক",आँखों का काँटा,A person who is disliked or irritating.,HIGH,False,bn-hi
6533,বানুরে বুদ্ধি,কুবুদ্ধি/দুর্বুদ্ধি; বুদ্ধিদোষে নিজের কাজে নিজেকে বিপন্ন করা,छोटा मुँह बड़ी बात,Talking beyond one's status.,HIGH,False,bn-hi
6534,বানুরে বুদ্ধি,কুবুদ্ধি/দুর্বুদ্ধি; বুদ্ধিদোষে নিজের কাজে নিজেকে বিপন্ন করা,छोटा मुँह बड़ी बात,Talking beyond one's status.,HIGH,False,bn-hi
6535,বানের জলে ভেসে আসা,অযাচিত প্রাপ্তি,दिल में जगह बनाना,To gain affection.,HIGH,False,bn-hi
6536,বানের জলে ভেসে যাওয়া,অসহায়/নিরাশ্রয় হওয়া; বয়ে যাওয়া; বিনাশের পথে যাওয়া; সর্বশান্ত হওয়া,कान खड़े होना,To become alert.,HIGH,False,bn-hi
6537,বান্দা,অনুগত বা অধীনব্যক্তি,आँखों का काँटा,A person who is disliked or irritating.,HIGH,False,bn-hi
6538,বাপকেলে,পৈত্রিক; পিতার আমলের,आसमान से गिरा खजूर में अटका,From bad to worse.,HIGH,False,bn-hi
6544,বাপ তোলা,বাপের নাম করে গালিগালাজ করা,छोटा मुँह बड़ी बात,Talking beyond one's status.,HIGH,False,bn-hi
6545,বাপ বলা,একান্ত নতিস্বীকার করা; বশ্যতা স্বীকার করে নেওয়া,दाँत खट्टे करना,To defeat someone badly.,HIGH,False,bn-hi
6550,বাপ-মা মরা দায়,বিশেষ দায়; যে বিপদে হীনতা স্বীকার করতে হয়,सांप भी मर जाए और लाठी भी न टूटे,Finding a solution that satisfies all parties without loss.,HIGH,False,bn-hi
6553,বাপান্ত,কারো বাপের নরকের ব্যবস্থা করা; গালিবিশেষ করা; কারো চোদ্দপুরুষের নাম করে গালিগালাজ করা,नज़रबंद करना,To restrict someone's freedom.,HIGH,False,bn-hi
6554,বাপের জন্মে,"কখনও; কোনকালে, কোনদিন; নিজের জন্মেতো নয়ই এমনকি আগের কালও নয়",छोटा मुँह बड़ी बात,Talking beyond one's status.,HIGH,False,bn-hi
6558,বাপের সাধ্য নেই,"নিজের সাধ্যের বাইরে, অসম্ভব কিছু",छोटा मुँह बड़ी बात,Talking beyond one's status.,HIGH,False,bn-hi
6559,বাপেরও বাপ আছে,"কেউ অজেয় নয়, তাকে শান্ত করার বা নিয়ন্ত্রণ করার লোক আছে",दिल पर पत्थर रखना,To control emotions with difficulty.,HIGH,False,bn-hi
6562,বাবু হয়ে বসা,হাঁটু মুড়ে পায়ের উপর পা তুলে আসনপিড়ি হয়ে বসা,दिल पर पत्थर रखना,To control emotions with difficulty.,HIGH,False,bn-hi
6563,বামণ গেল ঘর তো লাঙল তুলে ধর,মালিক না থাকলে বেতনভোগী কর্মচারীরা কাজে ফাঁকি দেয়,खून पसीना एक करना,To work extremely hard.,HIGH,False,bn-hi
6565,ব্রাহ্মণের গরু,যে গরু খায় অল্প কিন্তু দুধ দেয় বেশি,सांप भी मर जाए और लाठी भी न टूटे,Finding a solution that satisfies all parties without loss.,HIGH,False,bn-hi
6566,বামণের গরু,যে ব্যক্তি/বস্তুর কাছ থেকে অতি অল্প ব্যয়ে প্রচুর কাজ পাওয়া যায়,आसमान से गिरा खजूर में अटका,From bad to worse.,HIGH,False,bn-hi
6567,বামন হয়ে চাঁদে হাত,অযোগ্যের বিরাট কিছু করার চেষ্টা; যোগ্যতার অতীত আশা; অসম্ভব বস্তু লাভের বৃথা চেষ্টা,छोटा मुँह बड़ी बात,Talking beyond one's status.,HIGH,False,bn-hi
6574,বামুন দাদা/দিদি/মা,"হিন্দু অন্য তিন নিম্নবর্ণের গ্রাম্যসম্পর্কে দাদা, দিদি ও মা",नाक कटना,To lose respect or honor.,HIGH,False,bn-hi
6576,বায়ুপরিবর্তন,স্বাস্থ্য উদ্ধারের জন্য একস্থান থেকে অন্যস্থানে গমন,आसमान से गिरा खजूर में अटका,From bad to worse.,HIGH,False,bn-hi
6578,বারফটকা,ঘরে পত্নী থাকতেও যে পুরুষ পতিতালয়ে যায় বা পরস্ত্রীর প্রতি আসক্ত,दिल पर पत्थर रखना,To control emotions with difficulty.,HIGH,False,bn-hi
6582,বারমুখো,ঘরে পত্নী থাকতেও যে পুরুষ পতিতালয়ে যায়,आँखों का काँटा,A person who is disliked or irritating.,HIGH,False,bn-hi
6584,বারোটা বাজা,কৌতুকে-উচ্ছ্বাসে যাওয়া,दिल पर पत्थर रखना,To control emotions with difficulty.,HIGH,False,bn-hi
6588,বারোভূতের কারবার,চরম বিশৃঙ্খলা,खून खौलना,To feel extreme anger.,HIGH,False,bn-hi
6589,বারোমাস,"নিত্য, প্রতিদিন, সর্বদা, সর্বক্ষণ, সারা বছর ধরে",सांप भी मर जाए और लाठी भी न टूटे,Finding a solution that satisfies all parties without loss.,HIGH,False,bn-hi
6590,বারোমাসে তেরোপার্বণ,উৎসব লেগেই আছে এমন অবস্থা; পার্বণের আধিক্য,पानी सिर से गुजरना,Situation getting out of control.,HIGH,False,bn-hi
6591,বারোমেসে,বৎসরের সকল সময়েই জন্মে এমন ফসল,सांप भी मर जाए और लाठी भी न टूटे,Finding a solution that satisfies all parties without loss.,HIGH,False,bn-hi
6592,বারোয়ারী,অনেক লোকের সহযোগিতায় অনুষ্ঠিত,दिल पर पत्थर रखना,To control emotions with difficulty.,HIGH,False,bn-hi
6594,বারোর মধ্যে তেরো,অস্বাভাবিকভাবে বেশি,सिर पर चढ़ाना,To spoil someone with too much affection.,HIGH,False,bn-hi
6595,বালক,অর্বাচীন/অনভিজ্ঞ ব্যক্তি,आँखों का काँटा,A person who is disliked or irritating.,HIGH,False,bn-hi
6599,বালাই নিয়ে মরা,প্রিয়জনের বিপদ নিজে বহন করে মারা যাওয়া,आँखों में बस जाना,To be deeply loved or admired.,HIGH,False,bn-hi
6600,বালাই ষাট,আগে বলা অমঙ্গলজনক বাক্যের খণ্ডনসূচক উক্তি,सांप भी मर जाए और लाठी भी न टूटे,Finding a solution that satisfies all parties without loss.,HIGH,False,bn-hi
6601,বালিহীন বালিয়াড়ী,"অলীক/কষ্ট কল্পনা; অসম্ভব ব্যাপার, যা হবার নয়",सांप भी मर जाए और लाठी भी न टूटे,Finding a solution that satisfies all parties without loss.,HIGH,False,bn-hi
6603,বাসরঘরে বিড়াল মারা,স্ত্রীর কাছে শক্তিশালী প্রমাণ করার পক্ষে স্বামীর উদ্যোগ; সম্ভাব্যসঙ্কট অঙ্কুরেই বিনষ্ট করার কৌশল,ठिकाने लगाना,To eliminate someone.,HIGH,False,bn-hi
6604,বাসরজাগানি,বাসরে রাত্রি জাগরণের বাবদ বরপক্ষের কাছ থেকে কন্যাপক্ষের প্রাপ্য অর্থাদি,सांप भी मर जाए और लाठी भी न टूटे,Finding a solution that satisfies all parties without loss.,HIGH,False,bn-hi
6606,বাস্তুঘুঘু,অতি দুষ্ট ও ধূর্ত লোক; গৃহে স্থায়ীভাবে আশ্রয় নেওয়া সংসারের ক্ষতিকারী ধূর্তলোক,थक कर चूर होना,To be extremely tired.,HIGH,False,bn-hi
6607,বাস্তুভিটা,যে ভূমিখণ্ডের উপর পুরুষানুক্রমে বাসগৃহ স্থাপিত,कलेजा ठंडा होना,To feel satisfied after revenge.,HIGH,False,bn-hi
6609,বাহাত্তুরিয়া,বলবুদ্ধিহীন অকর্মণ্য বয়োবৃদ্ধ,आँखों का काँटा,A person who is disliked or irritating.,HIGH,False,bn-hi
6610,বাহাত্তুরে দশা,"বার্ধক্যের কারণে কাণ্ডজ্ঞানহীন হওয়া, বুদ্ধিলোপ হওয়া",छोटा मुँह बड़ी बात,Talking beyond one's status.,HIGH,False,bn-hi
6611,বাহাত্তুরে দশা,"বার্ধক্যের কারণে কাণ্ডজ্ঞানহীন হওয়া, বুদ্ধিলোপ হওয়া",छोटा मुँह बड़ी बात,Talking beyond one's status.,HIGH,False,bn-hi
6612,বিঁধিয়ে বিঁধিয়ে কথা বলা,অন্যের মনে ঘা দিয়ে বাঁকা বাঁকা কথা বলা,सांप भी मर जाए और लाठी भी न टूटे,Finding a solution that satisfies all parties without loss.,HIGH,False,bn-hi
6615,বিগলিত চিত্তে,আবেগে গদগদ হয়ে,दिल पर पत्थर रखना,To control emotions with difficulty.,HIGH,False,bn-hi
6616,"বিচারে এড়া, আচারে বাড়া",যুক্তিরহিত আচারসর্বস্বতা,सांप भी मर जाए और लाठी भी न टूटे,Finding a solution that satisfies all parties without loss.,HIGH,False,bn-hi
6617,বিচিবিচি,বিচির মতো কঠিন,पैर जमाना मुश्किल होना,Hard to establish oneself.,HIGH,False,bn-hi
6618,বিচিকিচ্চি,সবরকম চিকিৎসার বাইরে,सांप भी मर जाए और लाठी भी न टूटे,Finding a solution that satisfies all parties without loss.,HIGH,False,bn-hi
6620,বিচ্ছু,অতিশয় ধূর্ত ও অনিষ্টকারী ব্যক্তি,थक कर चूर होना,To be extremely tired.,HIGH,False,bn-hi
6625,বিড়াল ডাকা,বিদ্রুপাত্মক ধ্বনি দেওয়া; তুলনীয়- আওয়াজ দেওয়া,नाक ऊँची करना,To make proud.,HIGH,False,bn-hi
6626,বিড়ালতপস্বী,"বিদ্রুপে- কপট/ভেকধারী ব্যক্তি, ভণ্ড/মেকী ধার্মিক, সাধুর ছদ্মবেশে শয়তান; অসৎ কর্মে রত ব্যক্তি নীতিকথা শোনায় এমন",आँखों का काँटा,A person who is disliked or irritating.,HIGH,False,bn-hi
6630,বিড়ালাক্ষি,কটা চোখের স্ত্রীলোক,दिल पर पत्थर रखना,To control emotions with difficulty.,HIGH,False,bn-hi
6632,বিড়ালের গলায় ঘণ্টা বাঁধা,কোনো প্রয়োজনীয় কিন্তু বিপজ্জনক কাজের ঝুঁকি নেওয়া,सिर पर कफन बाँधना,To be ready to risk life.,HIGH,False,bn-hi
6635,বিড়ালের ভাগ্যে শিকে ছেঁড়া,বিনাপ্রচেষ্টায় ভাগ্যক্রমে ঈপ্সিত সুযোগ মেলা,सांप भी मर जाए और लाठी भी न टूटे,Finding a solution that satisfies all parties without loss.,HIGH,False,bn-hi
6637,বিদুরের ক্ষুদ,গরীবের ডাল-ভাত; গরীবের সামান্য উপহার,आसमान से गिरा खजूर में अटका,From bad to worse.,HIGH,False,bn-hi
6638,বিদুরের ক্ষুদকুঁড়া,অশ্রদ্ধাপ্রদত্ত শ্রেষ্ঠ আহার থেকে শ্রদ্ধামিশ্রিত প্রদত্ত নিকৃষ্ট আহার বেশি উপাদেয়,सांप भी मर जाए और लाठी भी न टूटे,Finding a solution that satisfies all parties without loss.,HIGH,False,bn-hi
6640,বিদ্যা ফলানো,বিদ্যা জাহির করা,छोटा मुँह बड़ी बात,Talking beyond one's status.,HIGH,False,bn-hi
6641,বিদ্যা ফলানো,বিদ্যা জাহির করা,छोटा मुँह बड़ी बात,Talking beyond one's status.,HIGH,False,bn-hi
6643,বিদ্যায় বৃহস্পতি,বিদ্রুপে অল্পজ্ঞানী,दिल पर पत्थर रखना,To control emotions with difficulty.,HIGH,False,bn-hi
6644,বিদ্যার জাহাজ,প্রশংসায় অতিশয় পণ্ডিত; বিদ্রুপে মহামূর্খ,थक कर चूर होना,To be extremely tired.,HIGH,False,bn-hi
6646,বিদ্যুৎগতি,অতি দ্রুতগতি,थक कर चूर होना,To be extremely tired.,HIGH,False,bn-hi
6647,বিধবার একাদশী,"যে কাজ করলে প্রশংসা নেই, না করলে নিন্দা আছে",सांप भी मर जाए और लाठी भी न टूटे,Finding a solution that satisfies all parties without loss.,HIGH,False,bn-hi
6657,বিনা বাক্যব্যয়ে,কোনো কথা না বলে,सांप भी मर जाए और लाठी भी न टूटे,Finding a solution that satisfies all parties without loss.,HIGH,False,bn-hi
6658,বিনামেঘে বজ্রপাত,আকস্মিক বিপদ বা দুঃসংবাদ,रातों-रात बदल जाना,Sudden change.,HIGH,False,bn-hi
6659,বিনামেঘে বর্ষণ,অপ্রত্যাশিত লাভ,दिल में जगह बनाना,To gain affection.,HIGH,False,bn-hi
6661,বিনাশকালে হরিনাম,অসময়ে ঈশ্বরের দয়ার উপর নির্ভরতা; বিপদে পড়লে সাহায্যের জন্য আকুতি,तिनके का सहारा,A small help in a difficult situation.,HIGH,False,bn-hi
6662,বিন্দুবিসর্গ,"অতি সামান্যপরিমাণ আভাস; কিছুমাত্র, সামান্যতম পরিমাণ",कान पकड़ना,To promise not to repeat a mistake.,HIGH,False,bn-hi
6664,বিন্দেদূতী,"গুপ্তপ্রেমের দূতী, যে লুকিয়ে চিঠি চালাচালি করে",आँखों का काँटा,A person who is disliked or irritating.,HIGH,False,bn-hi
6666,বিপদকালে বুদ্ধিনাশ,সঙ্কটে দিশেহারা,छोटा मुँह बड़ी बात,Talking beyond one's status.,HIGH,False,bn-hi
6669,বিবিজান,প্রেয়সী নারী; বধুর প্রতি প্রিয় সম্ভাষণ,छोटा मुँह बड़ी बात,Talking beyond one's status.,HIGH,False,bn-hi
6670,বিভীষণ,অতিশয় ভয়ঙ্কর,थक कर चूर होना,To be extremely tired.,HIGH,False,bn-hi
6674,বিয়ে-পাগলা,বিয়ে করার জন্য ব্যাকুল,दिमाग खराब होना,To get irritated.,HIGH,False,bn-hi
6676,বিয়ের আগে বাজনা,কারণের আগে কাজ,घर का भेदी लंका ढाए,An insider can cause downfall.,HIGH,False,bn-hi
6682,বিশ বাঁও জলে,চরম বিপাকে; সমাধানের বাইরে,सांप भी मर जाए और लाठी भी न टूटे,Finding a solution that satisfies all parties without loss.,HIGH,False,bn-hi
6684,দুচোখের বিষ,অত্যন্ত বিরক্তিকর ব্যক্তি বা বস্তু,थक कर चूर होना,To be extremely tired.,HIGH,False,bn-hi
6686,বিষচক্ষু,কুনজর,आँखों का काँटा,A person who is disliked or irritating.,HIGH,False,bn-hi
6687,বিষদাঁত,অহঙ্কার বা তেজের মূল কারণ,घर का भेदी लंका ढाए,An insider can cause downfall.,HIGH,False,bn-hi
6688,বিষদাঁত,অহঙ্কার বা তেজের মূল কারণ,घर का भेदी लंका ढाए,An insider can cause downfall.,HIGH,False,bn-hi
6690,বিষনজরে পড়া,বিরাগভাজন হওয়া,कान खड़े होना,To become alert.,HIGH,False,bn-hi
6692,বিষবৃক্ষ,"অনাচারের উৎস, যা লালন করলে নিজেরই সর্বনাশ হয়",छोटा मुँह बड़ी बात,Talking beyond one's status.,HIGH,False,bn-hi
6698,বিষ্ণুর সুদর্শন চক্র,অন্যায়-অশুভ শক্তির দমনকারী অমোঘ অস্ত্র,सांप भी मर जाए और लाठी भी न टूटे,Finding a solution that satisfies all parties without loss.,HIGH,False,bn-hi
6699,বিসমিল্লায় গলদ,শুরুতেই ভুল বা ত্রুটি,आसमान से गिरा खजूर में अटका,From bad to worse.,HIGH,False,bn-hi
6701,বীর বক্কেশ্বর,অন্তরে ভীরুপ্রকৃতির মুখে বীরত্ব প্রকাশে অদ্বিতীয় ব্যক্তি,आँखों का काँटा,A person who is disliked or irritating.,HIGH,False,bn-hi
6703,বীরাঙ্গনা,যে নারী বীরত্ব অঙ্গে ধারণ করে; বীর্যবতী নারী,आँखों का काँटा,A person who is disliked or irritating.,HIGH,False,bn-hi
6705,বুক কাঁপা,ভয় পাওয়া,खून खौलना,To feel extreme anger.,HIGH,False,bn-hi
6706,বুক চড়চড় করা,হিংসায় বুক ফেটে যাওয়া,दिल में आग लगना,To feel jealousy or anger.,HIGH,False,bn-hi
6707,বুক চাপড়ানো,হাহুতাশ করা,दिल का बोझ हल्का करना,To express feelings.,HIGH,False,bn-hi
6708,বুক চাপড়ানো,হাহুতাশ করা,दिल का बोझ हल्का करना,To express feelings.,HIGH,False,bn-hi
6709,বুক চিতানো,সাহস বা ভরসা প্রকাশ করা,दिल का बोझ हल्का करना,To express feelings.,HIGH,False,bn-hi
6710,বুক চিতিয়ে চলা,অসঙ্কুচিত হয়ে বা সাহসের সঙ্গে অগ্রসর হওয়া,सांप भी मर जाए और लाठी भी न टूटे,Finding a solution that satisfies all parties without loss.,HIGH,False,bn-hi
6711,বুক ঠোকা,ভরসা বা সাহস প্রকাশ করা,दिल का बोझ हल्का करना,To express feelings.,HIGH,False,bn-hi
6712,বুক ঠোকা,ভরসা বা সাহস প্রকাশ করা,दिल का बोझ हल्का करना,To express feelings.,HIGH,False,bn-hi
6714,বুক দশহাত হওয়া,আনন্দ ও উৎসাহে হৃদয় প্রসারিত হওয়া; উৎসাহ ও সাহস বর্ধিত হওয়া; গর্বিত হওয়া,दिल बाग-बाग होना,Feeling extremely happy.,HIGH,False,bn-hi
6715,বুক দেওয়া,কোন কাজে দেহ মন দিয়ে সাহায্য করা; সাধ্যমত সাহায্য করা; সর্বান্তঃকরণে সাহায্য করা,तिनके का सहारा,A small help in a difficult situation.,HIGH,False,bn-hi
6719,বুক ফাটে তো মুখ ফোটে না,অন্তরের গোপন কথা/বাসনা বলার প্রবল ইচ্ছা থাকা সত্ত্বেও মুখে উচ্চারিত হয় না,दिल का बोझ हल्का करना,To express feelings.,HIGH,False,bn-hi
6720,বুক ফুলানো,"অহংকার করা, আনন্দ ও উৎসাহে হৃদয় প্রসারিত করা; গর্ব প্রকাশ হওয়া",दिल पर पत्थर रखना,To control emotions with difficulty.,HIGH,False,bn-hi
6722,বুক বাড়া,সাহস বৃদ্ধি হওয়া,दिल में जगह बनाना,To gain affection.,HIGH,False,bn-hi
6723,বুক ভাঙা,দুঃখে-শোকে মর্মান্তিক কষ্ট পাওয়া; নিরাশ করা/হওয়া; সাহসহীন হওয়া,नाक कटना,To lose respect or honor.,HIGH,False,bn-hi
6725,বুক শুকানো,আশাভরসা লোপ পাওয়া; নিরুৎসাহ বোধ করা,दिल बाग-बाग होना,Feeling extremely happy.,HIGH,False,bn-hi
6727,বুকে ঢেঁকির পাড় পড়া,পরশ্রীকাতরতার জন্য মর্মজ্বালায় ছটফট করা; হিংসায় বুক ফেটে যাওয়া,दिल पर पत्थर रखना,To control emotions with difficulty.,HIGH,False,bn-hi
6728,বুকে (কারোকে) পিঠে (কারোকে) করা,একজনকে আদর করা অন্যজনকে অনাদর করা,आँखों का काँटा,A person who is disliked or irritating.,HIGH,False,bn-hi
6729,বুকে পিঠে করে মানুষ করা,অত্যন্ত আদরযত্নে শিশুকে লালনপালন করা,दिल पर पत्थर रखना,To control emotions with difficulty.,HIGH,False,bn-hi
6730,বুকে বসে দাড়ি ওপড়ানো,আশ্রয়দাতা বা প্রতিপালকের অনিষ্ট করা,छोटा मुँह बड़ी बात,Talking beyond one's status.,HIGH,False,bn-hi
6733,বুকে হাত দিয়ে বলা,আন্তরিকতা বা সাহসের সঙ্গে বলা,दिल पर पत्थर रखना,To control emotions with difficulty.,HIGH,False,bn-hi
6736,বুকের রক্ত দেওয়া,প্রাণ দেওয়া; নিজের ক্ষতি স্বীকার করে পরের উপকারের জন্য প্রাণত্যাগ করা,छोटा मुँह बड़ी बात,Talking beyond one's status.,HIGH,False,bn-hi
6740,বুঝাসুঝা,সহচর শব্দ; বুদ্ধি দিয়ে বিচার এবং বিবেচনা করা; মন দিয়ে শোনা এবং হৃদয়ঙ্গম করা,दिल पर पत्थर रखना,To control emotions with difficulty.,HIGH,False,bn-hi
6743,বুড়িতে চতুর কাহনে কানা,"অল্প খরচে খুব নজর, বেশি খরচে উদাসীনতা",तिनके का सहारा,A small help in a difficult situation.,HIGH,False,bn-hi
6747,বুড়ো আঙুল দেখানো,"ফাঁকি দেওয়া, প্রতারণা করা",आँखों में धूल झोंकना,To deceive someone.,HIGH,False,bn-hi
6748,বুড়োখোকা,বাচ্চাছেলের মতো আচরণকারী বয়স্ক ব্যক্তির প্রতি বিদ্রুপোক্তি,आँखों का काँटा,A person who is disliked or irritating.,HIGH,False,bn-hi
6749,বুড়ো থুত্থুড়ো,অতি বৃদ্ধ ব্যক্তি,थक कर चूर होना,To be extremely tired.,HIGH,False,bn-hi
6753,বুড়োবাঁদর,বাঁদরের মতো আচরণ বা স্বভাববিশিষ্ট বৃদ্ধ - নির্বুদ্ধিতার জন্য তিরস্কার,दिल पर पत्थर रखना,To control emotions with difficulty.,HIGH,False,bn-hi
6754,বুড়োভাম,অতি বৃদ্ধ বয়স পর্যন্ত বেঁচে থাকা ব্যক্তি,आँखों का काँटा,A person who is disliked or irritating.,HIGH,False,bn-hi
6755,বুড়োমড়া,মরণোন্মুখ বৃদ্ধ,आँखों का काँटा,A person who is disliked or irritating.,HIGH,False,bn-hi
6758,বুড়োহাড়,অভিজ্ঞ ব্যক্তি,आँखों का काँटा,A person who is disliked or irritating.,HIGH,False,bn-hi
6760,বুড়োহাবড়া,কাণ্ডজ্ঞানহীন বৃদ্ধ,आँखों का काँटा,A person who is disliked or irritating.,HIGH,False,bn-hi
6761,বুদ্ধিতে বৃহস্পতি,সু-অর্থে: পুরাণোক্ত দেবগুরু বৃহস্পতির মতো অতি বুদ্ধিমান; মহাপণ্ডিত। বিদ্রুপে: অল্পবুদ্ধিসম্পন্ন বা আকাট মূর্খ।,थक कर चूर होना,To be extremely tired.,HIGH,False,bn-hi
6762,বুদ্ধির গোড়ায় ধোঁয়া দেওয়া,"ধূমপান করে চিন্তাশক্তি বাড়ানো, বুদ্ধি সজাগ করা",चार चाँद लगना,To enhance beauty or value.,HIGH,False,bn-hi
6763,বুদ্ধির গোড়ায় ধোঁয়া দেওয়া,"ধূমপান করে চিন্তাশক্তি বাড়ানো, বুদ্ধি সজাগ করা",चार चाँद लगना,To enhance beauty or value.,HIGH,False,bn-hi
6766,বুনোহাঁসের পিছনে ছোটা,অনিশ্চিতের পিছনে ছোটা,कलेजा ठंडा होना,To feel satisfied after revenge.,HIGH,False,bn-hi
6767,বুমেরাঙ,"আত্মঘাতী অস্ত্র; ফিরে আসা, নিজের ক্ষতি করে এমন কর্ম",सांप भी मर जाए और लाठी भी न टूटे,Finding a solution that satisfies all parties without loss.,HIGH,False,bn-hi
6771,বুলি আওড়ানো,বাঁধা গল্পে শিক্ষিত কথা বলে যাওয়া,सांप भी मर जाए और लाठी भी न टूटे,Finding a solution that satisfies all parties without loss.,HIGH,False,bn-hi
6772,বৃদ্ধাঙ্গুষ্ঠ দেখানো,"ফাঁকি দেওয়া, প্রতারণা করা",आँखों में धूल झोंकना,To deceive someone.,HIGH,False,bn-hi
6779,বেঁটেখাটো,খর্বাকৃতি লোক; সবদিক থেকেই খাটো,आँखों का काँटा,A person who is disliked or irritating.,HIGH,False,bn-hi
6780,বেঁটে বঙ্কু,একাধারে খর্ব ও বক্রদেহবিশিষ্ট কুটিলচরিত্রের লোক,आँखों का काँटा,A person who is disliked or irritating.,HIGH,False,bn-hi
6781,বেঁড়ে ওস্তাদ,যে কাজে অকর্মণ্য কিন্তু মুখে বাহাদুরি করে,आँखों का काँटा,A person who is disliked or irritating.,HIGH,False,bn-hi
6782,বেঁড়েকে চমরা বলা,"গুণহীন বা হীন ব্যক্তিকে গুণবান বলে প্রশংসা করে তোষামোদ করা, যাতে সে গর্বিত হয় এবং কাজ সিদ্ধ হয়",आँखों का काँटा,A person who is disliked or irritating.,HIGH,False,bn-hi
6784,বেগড়বাই করা,"ঝামেলা করা; বিগড়ে যাওয়া, বিরোধিতা করা",आसमान सिर पर उठाना,To create a lot of noise or chaos.,HIGH,False,bn-hi
6785,বেগার খাটা,অনিচ্ছায় বা বিনা পারিশ্রমিকে বাধ্য হয়ে কিছু করা,सांप भी मर जाए और लाठी भी न टूटे,Finding a solution that satisfies all parties without loss.,HIGH,False,bn-hi
6786,বেগুন গাছে আঁকশি,বিদ্রুপে খুব খর্বাকৃতি লোক,आँखों का काँटा,A person who is disliked or irritating.,HIGH,False,bn-hi
6787,বেগুনে আগুন,দুর্মূল্যের বাজার,दिल पर पत्थर रखना,To control emotions with difficulty.,HIGH,False,bn-hi
6788,বেঘোর,ভীষণ অসহায়/সঙ্কটময় অবস্থা,थक कर चूर होना,To be extremely tired.,HIGH,False,bn-hi
6789,বেচারাম,যে ব্যক্তি পৈত্রিকসম্পত্তি বিক্রি করে খায়,आँखों का काँटा,A person who is disliked or irritating.,HIGH,False,bn-hi
6791,বেটাচ্ছেলে,নচ্ছার/পাজি লোক - অবজ্ঞাসূচক গালিবিশেষ; সম্বোধিত ব্যক্তির বাপের বাপ হওয়া অর্থে গালি,आँखों का काँटा,A person who is disliked or irritating.,HIGH,False,bn-hi
6793,বেঢপ,"কদাকার, ছাঁচের সাথে মেলে না এমন",कान पकड़ना,To promise not to repeat a mistake.,HIGH,False,bn-hi
6795,বেড়া-আগুনে পোড়ানো,চারিদিকে আগুন জ্বেলে পুড়িয়ে মারা,दिल पर पत्थर रखना,To control emotions with difficulty.,HIGH,False,bn-hi
6797,বেড়া নেড়ে গৃহস্থের মন জানা,গৃহস্থ সজাগ কিনা চোরের তা জানা,आसमान से गिरा खजूर में अटका,From bad to worse.,HIGH,False,bn-hi
6798,বেড়ার ওপর বসে,এদিকেও না ওদিকেও না; কোন পক্ষেই নেই,कान पकड़ना,To promise not to repeat a mistake.,HIGH,False,bn-hi
6799,বেড়ে ওস্তাদ,প্রশংসায়- দক্ষ কর্মী; নিন্দায়- ওস্তাদি করতে গিয়ে কাজ নষ্ট করে,आँखों का काँटा,A person who is disliked or irritating.,HIGH,False,bn-hi
6801,বেতো,বাতরোগগ্রস্ত,दिल पर पत्थर रखना,To control emotions with difficulty.,HIGH,False,bn-hi
6802,বেঁটো ঘোড়া,অকর্মণ্য চলৎশক্তিহীন ব্যক্তি,आँखों का काँटा,A person who is disliked or irritating.,HIGH,False,bn-hi
6803,বেদবাক্য,"অকাট্য, অলঙ্ঘনীয় উক্তি; ধ্রুব/সনাতন সত্য, বেদের নির্দেশ; অবশ্যপালনীয় আদেশ",सांप भी मर जाए और लाठी भी न टूटे,Finding a solution that satisfies all parties without loss.,HIGH,False,bn-hi
6807,বেধড়ক,"অপরিমিত, নির্বিচারে",सांप भी मर जाए और लाठी भी न टूटे,Finding a solution that satisfies all parties without loss.,HIGH,False,bn-hi
6809,বেনে,প্রবল ব্যবসায়ীবুদ্ধিযুক্ত লোক; লাভ লোকসান সম্পর্কে মাত্রাতিরিক্ত সতর্ক লোক,दिल पर पत्थर रखना,To control emotions with difficulty.,HIGH,False,bn-hi
6810,বেনের কাছে গিলটি চালানো,অভিজ্ঞকে ঠকানোর চেষ্টা; নিস্ফল প্রচেষ্টা,आँखों में धूल झोंकना,To deceive someone.,HIGH,False,bn-hi
6811,বেনোজল,"দূষিত জল, ক্ষতিকর শক্তি; বাজে লোকের ভিড়",आसमान से गिरा खजूर में अटका,From bad to worse.,HIGH,False,bn-hi
6812,বেনোজল ঢুকিয়ে ঘরোজল বার করা,বাইরের দূষিত বস্তু ঢুকিয়ে ঘরের সঞ্চিত বস্তু নষ্ট করা,छोटा मुँह बड़ी बात,Talking beyond one's status.,HIGH,False,bn-hi
6815,বেবাক,কোনো কিছু বাদ না রেখে সম্পূর্ণভাবে,सांप भी मर जाए और लाठी भी न टूटे,Finding a solution that satisfies all parties without loss.,HIGH,False,bn-hi
6817,বেয়াইয়ের বাপের শ্রাদ্ধ,অনর্থক অর্থের অপব্যয়,दीवारों के कान होना,Confidential matters may be overheard.,HIGH,False,bn-hi
6819,বেলতলা,এ-জায়গা ও-জায়গা; এখান-ওখান,सांप भी मर जाए और लाठी भी न टूटे,Finding a solution that satisfies all parties without loss.,HIGH,False,bn-hi
6820,বেল পাকলে কাকের কি?,উপভোগে অক্ষমব্যক্তির পক্ষে উত্তমবস্তুর প্রতি আগ্রহপ্রকাশ নিরর্থক,आँखों का काँटा,A person who is disliked or irritating.,HIGH,False,bn-hi
6827,বেলা হওয়া,দেরী হওয়া,पानी सिर से गुजरना,Situation getting out of control.,HIGH,False,bn-hi
6833,বেহেড মাতাল,মতিভ্রষ্ট,छोटा मुँह बड़ी बात,Talking beyond one's status.,HIGH,False,bn-hi
6834,বৈজয়ন্তীমালা,কণ্ঠ থেকে জানু পর্যন্ত লম্বা পাঁচফুটের মালা,आसमान से गिरा खजूर में अटका,From bad to worse.,HIGH,False,bn-hi
6838,বৈরাগ্য,সংসারে অনাসক্তি; বিষয়ভোগে ঔদাসীন্য,आसमान से गिरा खजूर में अटका,From bad to worse.,HIGH,False,bn-hi
6840,বোকাকান্ত,অত্যন্ত বোকা; নিতান্ত অকর্মণ্য,खून खौलना,To feel extreme anger.,HIGH,False,bn-hi
6847,বোতলের বন্ধু,মাতালের বন্ধুত্ব,दिल पर पत्थर रखना,To control emotions with difficulty.,HIGH,False,bn-hi
6850,বোবাকান্না,"ভিতরে ভিতরে চাপা কান্না, রুদ্ধ কান্না",आसमान से गिरा खजूर में अटका,From bad to worse.,HIGH,False,bn-hi
6854,বোলতার চাকে খোঁচা দেওয়া,নিজের দুর্ব্যবহারে হিংস্র জনতাকে খেপানো,छोटा मुँह बड़ी बात,Talking beyond one's status.,HIGH,False,bn-hi
6857,বোহিমিয়ান,"স্বাধীনভাবে ঘোরাঘুরি করা ব্যক্তি, ভবঘুরে",आँखों का काँटा,A person who is disliked or irritating.,HIGH,False,bn-hi
6859,ব্যঘ্রচর্মাবৃত গর্ধভ,চালাকের বেশে আহাম্মক,आँखों का काँटा,A person who is disliked or irritating.,HIGH,False,bn-hi
6860,ব্যতিব্যস্ত,অত্যন্ত ব্যস্ত; খুব ব্যাকুল,थक कर चूर होना,To be extremely tired.,HIGH,False,bn-hi
6861,ব্যস্তবাগীশ,অতিরিক্ত ব্যস্ততাহেতু যে তড়তড় করে,आँखों का काँटा,A person who is disliked or irritating.,HIGH,False,bn-hi
6862,ব্যস্তসমস্ত,অতিব্যস্ততা; অতিশয় ব্যাকুলভাব; উৎকণ্ঠা,खून खौलना,To feel extreme anger.,HIGH,False,bn-hi
6863,ব্যাঙ খোঁচানো,নির্দোষ লোককে প্রহার করা,आँखों का काँटा,A person who is disliked or irritating.,HIGH,False,bn-hi
6864,ব্যাঙ মারতে তীরধনুক,"তুচ্ছ কাজে বিরাট আয়োজন, যার প্রয়োজন নেই",सांप भी मर जाए और लाठी भी न टूटे,Finding a solution that satisfies all parties without loss.,HIGH,False,bn-hi
6865,ব্যাঙর ব্যাঙর করা,অনেক্ষণ ধরে বিরক্তিকর কথা বলে চলা; অবিরত বাজে বকবক করা,छोटा मुँह बड़ी बात,Talking beyond one's status.,HIGH,False,bn-hi
6866,ব্যাঙের আধুলি,"অতিদরিদ্রের সামান্যতম সঞ্চয়/সম্পদ, যা তার গর্বের কারণ",थक कर चूर होना,To be extremely tired.,HIGH,False,bn-hi
6867,ব্যাঙের ছাতা,আকস্মিক বৃদ্ধিপ্রাপ্ত বস্তু,सांप भी मर जाए और लाठी भी न टूटे,Finding a solution that satisfies all parties without loss.,HIGH,False,bn-hi
6868,ব্যাঙের লাথি,"নগণ্য ব্যক্তির কটূক্তি, দুর্ব্যবহার",आसमान से गिरा खजूर में अटका,From bad to worse.,HIGH,False,bn-hi
6869,ব্যাঙের সর্দি,অসম্ভব ব্যাপার; সহজেই ধরা যায় এমন ভণ্ডামি বা ভান,सांप भी मर जाए और लाठी भी न टूटे,Finding a solution that satisfies all parties without loss.,HIGH,False,bn-hi
6872,ব্রহ্মচুল,টিকি,तिनके का सहारा,A small help in a difficult situation.,HIGH,False,bn-hi
6877,ভক্তদাস,"অন্নদাস, পরান্নে প্রতিপালিত ব্যক্তি",आँखों का काँटा,A person who is disliked or irritating.,HIGH,False,bn-hi
6879,ভক্তের জন্য ভগবান,ঈশ্বর ভক্তকে রক্ষা করে; তির্যকোক্তি- ভক্ত নাই তো ভগবান নাই,सांप भी मर जाए और लाठी भी न टूटे,Finding a solution that satisfies all parties without loss.,HIGH,False,bn-hi
6880,ভগবান মার দুনিয়ার বার,দৈবের শাসন কেউ খণ্ডাতে পারে না,घर का भेदी लंका ढाए,An insider can cause downfall.,HIGH,False,bn-hi
6881,ভগ্নদূত,যে দূত রণক্ষেত্র থেকে স্বপক্ষের পরাজয়ের খবর নিয়ে আসে,छोटा मुँह बड़ी बात,Talking beyond one's status.,HIGH,False,bn-hi
6882,ভঙ্গ দেওয়া,পলায়ন করা; দ্বন্দ্ব থেকে সরে দাঁড়ানো,आसमान से गिरा खजूर में अटका,From bad to worse.,HIGH,False,bn-hi
6883,ভজনভাজন,স্বার্থসিদ্ধির উদ্দেশ্যে ভুল বুঝানো বা প্রবোধ দেওয়া,छोटा मुँह बड़ी बात,Talking beyond one's status.,HIGH,False,bn-hi
6885,ভণ্ড তপস্বী,বাইরে ধার্মিকতার ভান করে এবং ভিতরে দুস্কার্য করার প্রতি বিদ্রুপোক্তি,आँखों का काँटा,A person who is disliked or irritating.,HIGH,False,bn-hi
6887,ভবঘুরে,গৃহশূন্য লক্ষ্মীছাড়া লোক; বিনাকাজে সর্বত্র ঘুরে বেড়ায় এমন লোক,सांप भी मर जाए और लाठी भी न टूटे,Finding a solution that satisfies all parties without loss.,HIGH,False,bn-hi
6889,ভবপার,সংসাররূপ নদী পার হয়ে সংসারযাত্রা থেকে মুক্তি,आसमान से गिरा खजूर में अटका,From bad to worse.,HIGH,False,bn-hi
6891,ভবলীলা সাঙ্গ,মৃত্যু,नौ दो ग्यारह होना,To run away quickly.,HIGH,False,bn-hi
6893,ভবি ভোলবার নয়,যাকে সহজে ভোলানো যায় না,आँखों का काँटा,A person who is disliked or irritating.,HIGH,False,bn-hi
6896,ভয়ে কেঁচো,ভয়ে একেবারে জড়সড়,दिल पर पत्थर रखना,To control emotions with difficulty.,HIGH,False,bn-hi
6897,ভয়ে পিঁপড়ের গর্তে লুকানো,অত্যন্ত ভয়ে খুব ছোট জায়গায় লুকানো,खून खौलना,To feel extreme anger.,HIGH,False,bn-hi
6898,ভয়ে ভক্তি,দণ্ড বা শাস্তির ভয়ে দেখানো ভক্তি,नाक कटना,To lose respect or honor.,HIGH,False,bn-hi
6901,ভরমের টাটি,যারদ্বারা সম্ভ্রম কিছুটা বাঁচে; সম্ভ্রমের আবরণ,सांप भी मर जाए और लाठी भी न टूटे,Finding a solution that satisfies all parties without loss.,HIGH,False,bn-hi
6903,ভরাডুবি,মহাবিপদ; সবদিক থেকে নষ্ট; সর্বনাশ,सांप भी मर जाए और लाठी भी न टूटे,Finding a solution that satisfies all parties without loss.,HIGH,False,bn-hi
6904,ভরা পেটে মণ্ডা তেতো,নির্দিষ্ট সময়ে আকাঙ্ক্ষার সীমা আছে; আকাঙ্ক্ষা মিটে গেলে ভালো জিনিসও মন্দ বলে মনে হয়,दिल में चिंगारी होना,To have passion.,HIGH,False,bn-hi
6910,ভাঁটীগাঙের নাইয়া,প্রৌঢ়বয়স্ক ব্যক্তি,आँखों का काँटा,A person who is disliked or irritating.,HIGH,False,bn-hi
6913,ভাঁড়ের কলসি,স্বার্থসিদ্ধির উপায়,छोटा मुँह बड़ी बात,Talking beyond one's status.,HIGH,False,bn-hi
6919,ভাইয়ের ভাত ভাজের হাত,যে বোন ভাইয়ের অন্ন খায় সে ভাই-বৌয়ের কর্তৃত্ব মেনে নেয়,आँखों का काँटा,A person who is disliked or irritating.,HIGH,False,bn-hi
6920,ভাংচি দেওয়া,কুপরামর্শ দিয়ে কোনো কাজ থেকে নিরস্ত করা; কুমন্ত্রণা দিয়ে বিরোধী করা; বিচ্ছেদ ঘটানো,आसमान से गिरा खजूर में अटका,From bad to worse.,HIGH,False,bn-hi
6922,ভাগের মা গঙ্গা পায় না,বেশি ভাগীদার থাকলে বণ্টন ঠিকমত হয় না; ভাগবাটোয়ারা প্রায়সময়ই পণ্ড হয়ে যায়; কাজের পূর্ণ দায়িত্ব কোনো একজনের উপর না থাকলে প্রায়ই তা সিদ্ধ হয় না,सिर पर चढ़ाना,To spoil someone with too much affection.,HIGH,False,bn-hi
6923,ভাগনে কানাই,লম্পটচরিত্রের লোক,आँखों का काँटा,A person who is disliked or irritating.,HIGH,False,bn-hi
6926,ভাগ্য দোষে,দুর্ভাগ্যবশতঃ,आसमान से गिरा खजूर में अटका,From bad to worse.,HIGH,False,bn-hi
6932,ভাঙা কপাল,"অমঙ্গলজনক, দুঃসময়, দুর্ভাগ্য, মন্দ",आसमान से गिरा खजूर में अटका,From bad to worse.,HIGH,False,bn-hi
6933,ভাঙা কপাল জোড়া লাগা,দুঃসময় শেষ হয়ে সুসময় আসা,आसमान से गिरा खजूर में अटका,From bad to worse.,HIGH,False,bn-hi
6934,ভাঙাকাঁচ জোড়া লাগা,প্রণয়ভঙ্গ বা মনান্তরের পর মিলন হওয়া,कलेजा ठंडा होना,To feel satisfied after revenge.,HIGH,False,bn-hi
6938,ভাঙাঘর ছেয়ে দেওয়া,অক্ষম বা অসহায়কে সাহায্য করা,तिनके का सहारा,A small help in a difficult situation.,HIGH,False,bn-hi
6940,ভাঙ্গাঘরে চাঁদের আলো,গরীবের ঘরে আলো করা সন্তান,आँखों का काँटा,A person who is disliked or irritating.,HIGH,False,bn-hi
6943,ভাঙানি,খুচরা মুদ্রা; রেজগি,तिनके का सहारा,A small help in a difficult situation.,HIGH,False,bn-hi
6948,ভাঙে তবু মচকায় না,দৃঢ়সঙ্কল্প থেকে বিচ্যুত হয় না; প্রাণ যায় তবু বিনীত হয় না; ভেঙেও ভাঙে না; মরে তবু মর্যাদা হারায় না,धरना देना,To stand firm on an issue.,HIGH,False,bn-hi
6951,ভাজা মাছ উলটে খেতে না জানা,না-জানার ভান করে আপাতত নিরীহ মনে হলেও অতি ধূর্ত প্রকৃতির লোক,आँखों का काँटा,A person who is disliked or irritating.,HIGH,False,bn-hi
6952,ভান্ডার ফোঁড়া,গুপ্ত খবর প্রকাশ করা বা প্রকাশিত হওয়া,दिल में चिंगारी होना,To have passion.,HIGH,False,bn-hi
6954,ভাত ছড়ালে কাকের অভাব হয় না,পয়সা থাকলে অনুচরের অভাব হয় না,दिल में चिंगारी होना,To have passion.,HIGH,False,bn-hi
6955,ভাতার-কামড়া,স্বামীর উপর প্রতিপত্তিশালিনী; স্বামীকে আঁকড়িয়ে রাখে এমন,आँखों का काँटा,A person who is disliked or irritating.,HIGH,False,bn-hi
6957,ভাতারখোর,যে নারী স্বামী ছেড়ে অন্য পুরুষের কর্তৃত্বকে মেনে নিয়েছে,आँखों का काँटा,A person who is disliked or irritating.,HIGH,False,bn-hi
6958,ভাতারনড়,যে নারী এক স্বামী ছেড়ে অন্য স্বামী ধরে,आँखों का काँटा,A person who is disliked or irritating.,HIGH,False,bn-hi
6959,ভাতারপুতের মাথা খাওয়া,পতিপুত্রহীনা হওয়া,कान खड़े होना,To become alert.,HIGH,False,bn-hi
6962,ভাতেভাত,সিদ্ধসবজিসহ ভাত,दिल पर पत्थर रखना,To control emotions with difficulty.,HIGH,False,bn-hi
6964,ভাতে নয় পাতে মারা,জাতিচ্যুত করা,छोटा मुँह बड़ी बात,Talking beyond one's status.,HIGH,False,bn-hi
6969,ভাবের ঘরে চুরি,আসল উদ্দেশ্য পণ্ড করে শুধু বাইরের ঠাঁট বজায় রাখার প্রবণতা,रंग में भंग डालना,To ruin enjoyment.,HIGH,False,bn-hi
6971,ভালা-বুরা,ভালমন্দ,आसमान से गिरा खजूर में अटका,From bad to worse.,HIGH,False,bn-hi
6974,ভালো করা,উপকার করা,तिनके का सहारा,A small help in a difficult situation.,HIGH,False,bn-hi
6977,ভালো মনে,সরল মনে; প্রসন্ন চিত্তে,दिल पर पत्थर रखना,To control emotions with difficulty.,HIGH,False,bn-hi
6981,ভালো হওয়া,অসৎপথ ছেড়ে সৎপথে চলা,हाथ झाड़ लेना,To abandon responsibility.,HIGH,False,bn-hi
6984,ভালো-রে-ভালো,মজাতো মন্দ নয় ভাবার্থে বিরক্তি বা অসন্তোষসূচক উক্তি,कान पकड़ना,To promise not to repeat a mistake.,HIGH,False,bn-hi
6986,ভাসানো,সর্বনাশ করা,रंग में भंग डालना,To ruin enjoyment.,HIGH,False,bn-hi
6987,ভাসাভাসা,"অল্পবিস্তর, উপর-উপর, একটু-আধটু, কিছুকিছু, যৎসামান্য, সীমাবদ্ধ",ऊँट के मुँह में जीरा,Too little for need.,HIGH,False,bn-hi
6988,ভাসুর-ভাদ্রবৌ সম্পর্ক,হিন্দুসমাজে ছোটভাইয়ের বৌয়ের ভাসুরের ছায়াও মাড়াতে নাই,कान पकड़ना,To promise not to repeat a mistake.,HIGH,False,bn-hi
6989,ভাসুর-ভাবড়বৌ সম্পর্ক,শত্রুসম্পর্ক থাকা জন্য পরস্পরের ছায়া না মাড়ানো,सांप भी मर जाए और लाठी भी न टूटे,Finding a solution that satisfies all parties without loss.,HIGH,False,bn-hi
6990,ভিক্ষাপুত্র,অবৈধ জন্মের বা নিম্নবর্ণের ব্যক্তি,आँखों का काँटा,A person who is disliked or irritating.,HIGH,False,bn-hi
6992,ভিক্ষার চাল কাঁড়া আর আকাঁড়া,মাগনায় যা পাওয়া যায় তাই লাভ; বিনাপয়সার পাওয়া জিনিসের গুণাগুণ বিচার হয় না; প্রার্থনাদ্বারা লব্ধ দ্রব্যের মান বিচার নিরর্থক; দয়ার দান উৎকৃষ্ট মানের হয় না,सांप भी मर जाए और लाठी भी न टूटे,Finding a solution that satisfies all parties without loss.,HIGH,False,bn-hi
6993,ভিজে বেড়াল,"নিরীহ অথচ কপটচারী ব্যক্তি, সাধুর বেশে ভণ্ড; দেখতে ভালো মানুষ, কিন্তু পেটেপেটে বজ্জাতি",आँखों का काँटा,A person who is disliked or irritating.,HIGH,False,bn-hi
6995,ভিটা কামড়ে পড়ে থাকা,প্রতিকূল অবস্থায়ও বাস্তুভূমি কিছুতেই ত্যাগ না করা,छोटा मुँह बड़ी बात,Talking beyond one's status.,HIGH,False,bn-hi
6996,ভিটেমাটি,যে ভূমিখণ্ডের উপর পুরুষানুক্রমে বাসগৃহ স্থাপিত,कलेजा ठंडा होना,To feel satisfied after revenge.,HIGH,False,bn-hi
6997,ভিটেমাটি চাটি করা,সগৃহ একেবারে ধ্বংস করা; বাস্তুভিটের মাটি পর্যন্ত লোপ করে সমভূমি করা; সর্বাংশে/স্বমূলে ধ্বংস করা,आसमान से गिरा खजूर में अटका,From bad to worse.,HIGH,False,bn-hi
6998,ভিটায় ঘুঘু চড়ানো,সর্বস্বান্ত করা; বাড়ীঘর চূর্ণ করে ধূলায় মিশিয়ে দিয়ে কারোকে চরম সর্বনাশের পথে ঠেলে দেওয়া,रंग में भंग डालना,To ruin enjoyment.,HIGH,False,bn-hi
6999,ভিড়ভাট্টা,"অত্যধিক ভিড়, বিরক্তিকর জনসমাবেশ, লোকের ঠাসাঠাসি",दिल पर पत्थर रखना,To control emotions with difficulty.,HIGH,False,bn-hi
7000,ভিতর বাইরে এক,অকপট,सांप भी मर जाए और लाठी भी न टूटे,Finding a solution that satisfies all parties without loss.,HIGH,False,bn-hi
7001,ভিতরে কপনি উপরে জামা,বাইরের আড়ম্বরমাত্র ভিতর ফাঁপা,सांप भी मर जाए और लाठी भी न टूटे,Finding a solution that satisfies all parties without loss.,HIGH,False,bn-hi
7003,ভিতরে ভিতরে,"গোপনে, সবার অজান্তে",सांप भी मर जाए और लाठी भी न टूटे,Finding a solution that satisfies all parties without loss.,HIGH,False,bn-hi
7004,ভিদভিদে,যার পেটের কথা স্পষ্ট পাওয়া যায় না,कान पकड़ना,To promise not to repeat a mistake.,HIGH,False,bn-hi
7005,ভীতু বিড়াল,অত্যন্ত/চরম ভীতু; যাকে সহজে ভয় দেখানো যায় এমন,थक कर चूर होना,To be extremely tired.,HIGH,False,bn-hi
7011,ভীমশব্দ,উচ্চমাত্রার ভয়ানক শব্দ,थक कर चूर होना,To be extremely tired.,HIGH,False,bn-hi
7013,ভীষ্মের শরশয্যা,আপন দোষে বিছানায় পড়ে দীর্ঘকালীন মৃত্যুযন্ত্রণা,छोटा मुँह बड़ी बात,Talking beyond one's status.,HIGH,False,bn-hi
7014,ভুঁইফোড়,অর্বাচীন; আভিজাত্যহীন; পূর্বাপর সম্বন্ধশূন্য; হঠাৎ উদিত বা আবির্ভূত,सांप भी मर जाए और लाठी भी न टूटे,Finding a solution that satisfies all parties without loss.,HIGH,False,bn-hi
7015,ভুঁড়ো শিয়াল,বিদ্রুপে স্থূলকায় ব্যক্তি,आँखों का काँटा,A person who is disliked or irritating.,HIGH,False,bn-hi
7016,ভুক্তভোগী,কৃতকর্মের ফলভোগী; পূর্বে কোনো বিষয় ভোগ করেছে এমন,आँखों का काँटा,A person who is disliked or irritating.,HIGH,False,bn-hi
7017,ভুজুংভাজুং দেওয়া,তুচ্ছ/মিথ্যা যুক্তিতর্কের সাহায্যে স্বার্থসিদ্ধির উদ্দেশ্যে ভুল বুঝানো বা প্রবোধ দেওয়া,दिल में जगह बनाना,To gain affection.,HIGH,False,bn-hi
7018,ভুরু কোঁচকানো,অবিশ্বাস বা বিরক্তি প্রকাশ করা,दिल का बोझ हल्का करना,To express feelings.,HIGH,False,bn-hi
7022,ভুশণ্ডি,ব্যঙ্গার্থ- দীর্ঘজীবী; বহুদর্শী; বিষয়বুদ্ধি-কুশল ব্যক্তি,आँखों का काँटा,A person who is disliked or irritating.,HIGH,False,bn-hi
7023,ভুশুণ্ডির কাক,প্রশংসায় বহুদর্শী ও বহু অভিজ্ঞতাসম্পন্ন বয়োবৃদ্ধ ব্যক্তি,आँखों का काँटा,A person who is disliked or irritating.,HIGH,False,bn-hi
7027,ভূত তাড়ানো,চারিত্রিক দোষ সংশোধন করা,आसमान से गिरा खजूर में अटका,From bad to worse.,HIGH,False,bn-hi
7030,ভূত চাপা,দুষ্টবুদ্ধি মাথায় চাপা,छोटा मुँह बड़ी बात,Talking beyond one's status.,HIGH,False,bn-hi
7037,ভূতের বাপের শ্রাদ্ধ,অতি বিশৃঙ্খল অনুষ্ঠান,थक कर चूर होना,To be extremely tired.,HIGH,False,bn-hi
7041,ভূতের মুখে রামনাম,অবিশ্বাস্য কথাবার্তা; চরিত্র বা স্বভাবের বিপরীত কথাবার্তা; মন্দ ব্যক্তির মুখে ভালো কথা,आसमान से गिरा खजूर में अटका,From bad to worse.,HIGH,False,bn-hi
7043,ভূমিশূন্য রাজা,বিদ্রুপে রাজার মতো অতি বিলাসী ব্যক্তি,आँखों का काँटा,A person who is disliked or irritating.,HIGH,False,bn-hi
7048,ভেটকি মাছের মতো মুখ করা,মুখ বিকৃত করা,छोटा मुँह बड़ी बात,Talking beyond one's status.,HIGH,False,bn-hi
7049,ভেড়া,বিদ্রুপে অত্যন্ত নিরীহ ও নিস্তেজ ব্যক্তি; ব্যক্তিত্বহীন লোক,थक कर चूर होना,To be extremely tired.,HIGH,False,bn-hi
7050,ভেড়া করে রাখা,পূর্ণ আয়ত্তে এনে কমজোর করে রাখা; সম্পূর্ণ বশে রাখা,दिल पर पत्थर रखना,To control emotions with difficulty.,HIGH,False,bn-hi
7051,ভেড়াকান্ত,আস্ত বোকা; বোকার চূড়ামনি; নিজের বিচারবুদ্ধি প্রয়োগ না করে পরের বুদ্ধিতে চলা ব্যক্তি,आँखों का काँटा,A person who is disliked or irritating.,HIGH,False,bn-hi
7052,ভেড়ার গোয়ালে আগুন,প্রতিকারে উপায় চিন্তা না করে শুধু হইচই,सांप भी मर जाए और लाठी भी न टूटे,Finding a solution that satisfies all parties without loss.,HIGH,False,bn-hi
7053,ভেড়ার পাল,"অন্ধভাবে অনুসরণকারী গোষ্ঠী; ব্যক্তিত্বহীন একদল লোক; যাদের স্বাতন্ত্র্যবোধ নেই, যাদের একজন যেদিকে যায় না বুঝে সবাই সেদিকে যায়",सांप भी मर जाए और लाठी भी न टूटे,Finding a solution that satisfies all parties without loss.,HIGH,False,bn-hi
7055,ভেড়ার ভেড়া,মহা-কাপুরুষ,खून खौलना,To feel extreme anger.,HIGH,False,bn-hi
7056,ভেড়ির পাল,কারো নির্দেশে কোন প্রশ্ন না করে চলা একদল বোকালোক,सांप भी मर जाए और लाठी भी न टूटे,Finding a solution that satisfies all parties without loss.,HIGH,False,bn-hi
7058,ভেতো বাঙ্গালী,ভাত খেতে ভালোবাসে এমন,आँखों का काँटा,A person who is disliked or irritating.,HIGH,False,bn-hi
7062,ভেবাছেকা খাওয়া,কিছু দেখে বা শুনে কিংকর্তব্যবিমূঢ় হওয়া; বিহ্বল বা হতবুদ্ধি হওয়া,कान खड़े होना,To become alert.,HIGH,False,bn-hi
7064,ভেবেচিন্তে,সবদিক বিবেচনা করে,सांप भी मर जाए और लाठी भी न टूटे,Finding a solution that satisfies all parties without loss.,HIGH,False,bn-hi
7065,ভেবেভেবে দড়ি হওয়া,ক্রমাগত মানসিক দুশ্চিন্তা ও অশান্তিতে শীর্ণ হওয়া,कान खड़े होना,To become alert.,HIGH,False,bn-hi
7067,ভেলায় চড়ে সাগর পার,"অসাধ্যসাধন, অল্প উদ্যোগে বিশাল কাজ",दिल पर पत्थर रखना,To control emotions with difficulty.,HIGH,False,bn-hi
7068,ভেল্কি লাগা,কার্য-কারণসম্পর্ক নির্ধারণে অক্ষম হয়ে হতবুদ্ধি হওয়া; ঘটনার চমৎকারিত্বে মুগ্ধ হওয়া,कान खड़े होना,To become alert.,HIGH,False,bn-hi
7070,ভেস্তে যাওয়া,পণ্ড বা নষ্ট হওয়া; ফেঁসে যাওয়া; উলট-পালট হওয়া,दिमाग खराब होना,To get irritated.,HIGH,False,bn-hi
7071,ভোঁ দৌড়,অতিদ্রুত পলায়ন,बाल-बाल बचना,To narrowly escape danger.,HIGH,False,bn-hi
7074,ভোগান্তি,"ভোগের শেষ, নিদারুণ কষ্টদায়ক ভোগ",थक कर चूर होना,To be extremely tired.,HIGH,False,bn-hi
7075,ভোগীরাম,যে ব্যক্তি বাপের অর্জিত সম্পত্তি ভোগ করে,आँखों का काँटा,A person who is disliked or irritating.,HIGH,False,bn-hi
7077,ভোগের কর্তা ভগবান,সবই ঈশ্বরের কৃপা; ভাগ্যে লেখা না থাকলে ভোগ হয় না,कान पकड़ना,To promise not to repeat a mistake.,HIGH,False,bn-hi
7079,ভোজনবিলাসী,খাদ্য বা খাওয়ার ব্যাপারে শৌখিন; পেটুক,दीवारों के कान होना,Confidential matters may be overheard.,HIGH,False,bn-hi
7084,ভ্যাংচানো,মুখবিকৃতি করা,नाक ऊँची करना,To make proud.,HIGH,False,bn-hi
7086,ভ্যাদা,নির্বোধ প্রকৃতির লোক,आँखों का काँटा,A person who is disliked or irritating.,HIGH,False,bn-hi
7087,ভ্যানতারা,বাজে কথা বলে বিরক্তি উৎপাদন,छोटा मुँह बड़ी बात,Talking beyond one's status.,HIGH,False,bn-hi
7088,ভ্যান ভ্যান,ক্রমাগত অনভিপ্রেত অনুরোধ ধ্বনি; বিরক্তিকর কথাবার্তা বা ধ্বনি,आसमान सिर पर उठाना,To create a lot of noise or chaos.,HIGH,False,bn-hi
7089,ভ্যাবাগঙ্গারাম,"বিদ্রুপে ক্যাবলাকান্ত, নিরেট বোকা, বোকাহাবা",थक कर चूर होना,To be extremely tired.,HIGH,False,bn-hi
7090,ভ্যাবাচ্যাকা খাওয়া,কিছু দেখে বা শুনে কিংকর্তব্যবিমূঢ় হওয়া; বিহ্বল বা হতবুদ্ধি হওয়া,कान खड़े होना,To become alert.,HIGH,False,bn-hi
7091,ভ্যারেণ্ডা ভাজা,অলসে সময় কাটানো; কাজ না করে অকাজে সময় নষ্ট করা,सांप भी मर जाए और लाठी भी न टूटे,Finding a solution that satisfies all parties without loss.,HIGH,False,bn-hi
7094,ভ্রামরী মিত্র,"স্বার্থের বন্ধু, যে অসময়ে সুযোগ নিয়ে সুসময়ে উপকারীকে অস্বীকার করে",आँखों का काँटा,A person who is disliked or irritating.,HIGH,False,bn-hi
7095,ভ্রামরী মিত্রতা,সম্পৎকালীন বন্ধুত্ব; মধুযুক্ত পুষ্পের সঙ্গে ভ্রমরের মতো সম্পর্ক,सांप भी मर जाए और लाठी भी न टूटे,Finding a solution that satisfies all parties without loss.,HIGH,False,bn-hi
7098,ভ্রুক্ষেপ,"গুরুত্ব দেওয়া, গ্রাহ্য করা",दिल पर लेना,To take something personally.,HIGH,False,bn-hi
7101,মই দেওয়া,ক্ষতি/সর্বনাশ করা,रंग में भंग डालना,To ruin enjoyment.,HIGH,False,bn-hi
7103,মক্ষিচুষ,অতি কৃপণ,थक कर चूर होना,To be extremely tired.,HIGH,False,bn-hi
7106,মগজ খালি করা,বকবক করা; না থেমে বকে যাওয়া; ক্রমাগত বকতে বকতে মাথায় কিছু না করা,सांप भी मर जाए और लाठी भी न टूटे,Finding a solution that satisfies all parties without loss.,HIGH,False,bn-hi
7107,মগজ খেলানো,বুদ্ধি শানানো; মাথা খাটানো,छोटा मुँह बड़ी बात,Talking beyond one's status.,HIGH,False,bn-hi
7108,মগজ খেলানো,বুদ্ধি শানানো; মাথা খাটানো,छोटा मुँह बड़ी बात,Talking beyond one's status.,HIGH,False,bn-hi
7109,মগজ ধোলাই,ক্রমাগত বুঝিয়ে কারও পূর্ব ধারণা ত্যাগ করিয়ে নতুন ধারণা গ্রহণে বাধ্য করা,सिर झुकाना,To accept defeat.,HIGH,False,bn-hi
7115,মজা টের পাওয়া,কষ্ট পাওয়া; জব্দ হয়ে অসুবিধা ভোগ করা/করানো; বিপত্তি উপলব্ধি করা; বিপদাপন্ন হওয়া,घर का भेदी लंका ढाए,An insider can cause downfall.,HIGH,False,bn-hi
7116,মজা দেখা,অন্যর কষ্টে/বিপদে আনন্দ অনুভব করা,आसमान से गिरा खजूर में अटका,From bad to worse.,HIGH,False,bn-hi
7117,মজা মারা,কষ্টের ভাগীদার না হয়ে সুখভোগ করা,सांप भी मर जाए और लाठी भी न टूटे,Finding a solution that satisfies all parties without loss.,HIGH,False,bn-hi
7120,মটকা গরম,মাথা গরম,छोटा मुँह बड़ी बात,Talking beyond one's status.,HIGH,False,bn-hi
7124,মড়াখেগো,অতিকৃশ,थक कर चूर होना,To be extremely tired.,HIGH,False,bn-hi
7127,মণিকোঠা,অতি প্রিয় ও গোপন আধার,छोटा मुँह बड़ी बात,Talking beyond one's status.,HIGH,False,bn-hi
7128,মণিকাঞ্চন যোগ,উপযুক্ত মিলন; যোগ্যের সঙ্গে যোগ্যের সার্থক মিলন,दिल पर पत्थर रखना,To control emotions with difficulty.,HIGH,False,bn-hi
7129,মণিহারা ফণী,অতি প্রিয়জন হারানোয় অস্থিরচিত্ত লোক,आँखों का काँटा,A person who is disliked or irritating.,HIGH,False,bn-hi
7130,মৎস্যমুখ,হিন্দুদের শ্রাদ্ধানুষ্ঠানের পর মাছ খেয়ে নিয়মভঙ্গ করার অনুষ্ঠান,कलेजा ठंडा होना,To feel satisfied after revenge.,HIGH,False,bn-hi
7136,মধুরেণ সমাপয়েৎ,মিষ্টি দিয়ে শেষ করা,दिल पर पत्थर रखना,To control emotions with difficulty.,HIGH,False,bn-hi
7137,মধ্যমণি,শ্রেষ্ঠরত্ন,आँखों का काँटा,A person who is disliked or irritating.,HIGH,False,bn-hi
7143,মন কেমন করা,"অস্থির হওয়া, ব্যাকুল হওয়া",कान खड़े होना,To become alert.,HIGH,False,bn-hi
7144,মন খারাপ করা/হওয়া,"কষ্ট পাওয়া, দুঃখ পাওয়া, বিষন্ন হওয়া",खून खौलना,To feel extreme anger.,HIGH,False,bn-hi
7145,মন খুঁতখুঁত করা,তৃপ্ত না হওয়া,खून खौलना,To feel extreme anger.,HIGH,False,bn-hi
7146,মন খুলে বলা,অকপটে মনের কথা বলা,सांप भी मर जाए और लाठी भी न टूटे,Finding a solution that satisfies all parties without loss.,HIGH,False,bn-hi
7147,মনখোলা,"অকপট, সরল, খোলামনের মানুষ",आँखों का काँटा,A person who is disliked or irritating.,HIGH,False,bn-hi
7149,মন গলা,দয়ালু হওয়া,कान खड़े होना,To become alert.,HIGH,False,bn-hi
7150,মন গলা,দয়ালু হওয়া,कान खड़े होना,To become alert.,HIGH,False,bn-hi
7151,মন চলা,ইচ্ছা করা,खून खौलना,To feel extreme anger.,HIGH,False,bn-hi
7152,মনচোর,যে মনকে মুগ্ধ করে; প্রেমিক,आँखों का काँटा,A person who is disliked or irritating.,HIGH,False,bn-hi
7153,মনচাঙ্গা,কলুষতামুক্ত/পবিত্র মন,आसमान से गिरा खजूर में अटका,From bad to worse.,HIGH,False,bn-hi
7154,মন ছুঁটা,প্রবল ইচ্ছা বা ঝোঁক হওয়া,दिल में चिंगारी होना,To have passion.,HIGH,False,bn-hi
7156,মনজিনি,মনকে জয় করে এমন বিষয়বস্তু,सांप भी मर जाए और लाठी भी न टूटे,Finding a solution that satisfies all parties without loss.,HIGH,False,bn-hi
7157,মন জোগানো,অন্যের ইচ্ছানুসারে চলা; মনের মতো করে কাজ করে খুশি করা,दिल खुश करना,To please someone.,HIGH,False,bn-hi
7158,মন টলা,অভিপ্রায় শিথিল হওয়া; মতের নড়চড় হওয়া,छोटा मुँह बड़ी बात,Talking beyond one's status.,HIGH,False,bn-hi
7160,মন ঢালা,গভীরভাবে মনোনিবেশ করা,आँखों में बस जाना,To be deeply loved or admired.,HIGH,False,bn-hi
7162,মন থাকা,অন্তরের টান থাকা; ইচ্ছা থাকা,दिल में चिंगारी होना,To have passion.,HIGH,False,bn-hi
7163,মন থেকে,আন্তরিকভাবে,आसमान से गिरा खजूर में अटका,From bad to worse.,HIGH,False,bn-hi
7164,মন দমা,উদ্যম নষ্ট হওয়া; হতাশ হওয়া,कान खड़े होना,To become alert.,HIGH,False,bn-hi
7167,মন না মতি,অস্থির মনের মানুষ,दिल पर पत्थर रखना,To control emotions with difficulty.,HIGH,False,bn-hi
7168,মন না মুখোশ,মুখোশের আড়ালে সত্য,आसमान से गिरा खजूर में अटका,From bad to worse.,HIGH,False,bn-hi
7169,মনপবন,বাতাসের মত দ্রুতগামী/স্বেচ্ছাবিহারী মন,सांप भी मर जाए और लाठी भी न टूटे,Finding a solution that satisfies all parties without loss.,HIGH,False,bn-hi
7170,মন পোড়া,অন্তর্জ্বালায় দগ্ধ হওয়া; সন্তপ্ত হওয়া,कान खड़े होना,To become alert.,HIGH,False,bn-hi
7171,মন পাওয়া,সম্মতি/প্রীতি লাভ করা,दिल में जगह बनाना,To gain affection.,HIGH,False,bn-hi
7172,মন ফেরানো,ঝোঁক নিবারণ করা; কোনো কিছু হতে নিবৃত্ত করা,छोटा मुँह बड़ी बात,Talking beyond one's status.,HIGH,False,bn-hi
7173,মন ভাঙা,উৎসাহহীন হওয়া; মনক্ষুণ্ণ হওয়া,खून खौलना,To feel extreme anger.,HIGH,False,bn-hi
7174,মন ভাঙানো,উৎসাহহীন হওয়া; মনক্ষুণ্ণ হওয়া,खून खौलना,To feel extreme anger.,HIGH,False,bn-hi
7175,মন ভার করা,অপ্রসন্ন বা বিষন্ন হওয়া; বিরক্ত হওয়া,कान खड़े होना,To become alert.,HIGH,False,bn-hi
7176,মন ভুলানো,অপরের মন আনন্দে অভিভূত করা; চিত্তমুগ্ধ করা,दिल पर पत्थर रखना,To control emotions with difficulty.,HIGH,False,bn-hi
7177,মন ভুলানো,অপরের মন আনন্দে অভিভূত করা; চিত্তমুগ্ধ করা,दिल पर पत्थर रखना,To control emotions with difficulty.,HIGH,False,bn-hi
7178,মন ভুলানো,অপরের মন আনন্দে অভিভূত করা; চিত্তমুগ্ধ করা,दिल पर पत्थर रखना,To control emotions with difficulty.,HIGH,False,bn-hi
7179,মনভোলা,"আত্মবিস্মৃত, কিছু মনে থাকে না এমন",आँखों का काँटा,A person who is disliked or irritating.,HIGH,False,bn-hi
7180,মন মজা,কোনোকিছু ভালো লাগলে তাতে ডুবে যাওয়া,आँखों में बस जाना,To be deeply loved or admired.,HIGH,False,bn-hi
7181,মন মজানো,অনুরাগে সিক্ত করা,दिल पर पत्थर रखना,To control emotions with difficulty.,HIGH,False,bn-hi
7182,মন মজানো,অনুরাগে সিক্ত করা,दिल पर पत्थर रखना,To control emotions with difficulty.,HIGH,False,bn-hi
7185,মন মানা,বোধ বা প্রবোধ মানা; সান্ত্বনা পাওয়া,रास्ता निकालना,To find a solution.,HIGH,False,bn-hi
7186,মন যাওয়া,ইচ্ছা করা/হওয়া,खून खौलना,To feel extreme anger.,HIGH,False,bn-hi
7187,মন যোগানো,পরের খুশিমতো কাজ করে সন্তুষ্ট করা,दिल खुश करना,To please someone.,HIGH,False,bn-hi
7188,মন যোগানো,পরের খুশিমতো কাজ করে সন্তুষ্ট করা,दिल खुश करना,To please someone.,HIGH,False,bn-hi
7190,মন রক্ষা করা,কোনোরূপে মনঃক্ষুণ্ণ না হয় তার উপায় করা,आसमान से गिरा खजूर में अटका,From bad to worse.,HIGH,False,bn-hi
7191,মন রাখা,"অপরকে খুশি করা, তোষামোদ করা; খুশি করা কথা",दिल खुश करना,To please someone.,HIGH,False,bn-hi
7192,মনরাখা,খুশি করে এমন,सांप भी मर जाए और लाठी भी न टूटे,Finding a solution that satisfies all parties without loss.,HIGH,False,bn-hi
7193,মনরাখা,খুশি করে এমন,सांप भी मर जाए और लाठी भी न टूटे,Finding a solution that satisfies all parties without loss.,HIGH,False,bn-hi
7194,মন লাগা,আগ্রহ বা উৎসাহ বোধ করা; ইচ্ছা হওয়া; প্রবৃত্তি হওয়া; ভালো লাগা,खून खौलना,To feel extreme anger.,HIGH,False,bn-hi
7198,মনস্থির করা,সঙ্কল্প/সিদ্ধান্ত করা,धरना देना,To stand firm on an issue.,HIGH,False,bn-hi
7199,মন হওয়া,ইচ্ছা হওয়া,खून खौलना,To feel extreme anger.,HIGH,False,bn-hi
7202,মনে আনা,ভাবা; মনে স্থান দেওয়া; স্মরণ করা,सिर खपाना,To think hard.,HIGH,False,bn-hi
7204,মনে করা,ক্ষুণ্ণ হওয়া; দোষ ধরা,खून खौलना,To feel extreme anger.,HIGH,False,bn-hi
7205,মনে করে,অভিপ্রায় নিয়ে; উদ্দেশ্যে; ভেবে,दिल पर पत्थर रखना,To control emotions with difficulty.,HIGH,False,bn-hi
7207,মনে জানা,অনুভব করা,खून खौलना,To feel extreme anger.,HIGH,False,bn-hi
7210,মনে ধরা,পছন্দ হওয়া; ভালো লাগা,रास्ता निकालना,To find a solution.,HIGH,False,bn-hi
7211,মনে মনে,নিজের মনের মধ্যে; অন্যের অজ্ঞাতে; কল্পনায়,छोटा मुँह बड़ी बात,Talking beyond one's status.,HIGH,False,bn-hi
7213,মনে পুষে রাখা,"মনের মধ্যে হিংসা, রাগ ইত্যাদি গোপন রাখা",छोटा मुँह बड़ी बात,Talking beyond one's status.,HIGH,False,bn-hi
7215,মনে মনে থাকা,"গোপন থাকা, পেটে থাকে",सांप भी मर जाए और लाठी भी न टूटे,Finding a solution that satisfies all parties without loss.,HIGH,False,bn-hi
7217,মনে লাগা,পছন্দসই হওয়া; মনের মত হওয়া,छोटा मुँह बड़ी बात,Talking beyond one's status.,HIGH,False,bn-hi
7218,মনে হওয়া,"অনুভব করা, ধারণা হওয়া",खून खौलना,To feel extreme anger.,HIGH,False,bn-hi
7219,মনের আগুন,শোক দুঃখ ইত্যাদি থেকে উৎপন্ন মানসিক যন্ত্রণা,दिल पर पत्थर रखना,To control emotions with difficulty.,HIGH,False,bn-hi
7225,মনের জোর,"আত্মবিশ্বাস, উদ্যম, উৎসাহ, দৃঢ়প্রতিজ্ঞা, মানসিক শক্তি, মনোবল",धरना देना,To stand firm on an issue.,HIGH,False,bn-hi
7227,মনের মত,ইচ্ছার অনুরুপ; পছন্দমাফিক,छोटा मुँह बड़ी बात,Talking beyond one's status.,HIGH,False,bn-hi
7228,মনের মত,ইচ্ছার অনুরুপ; পছন্দমাফিক,छोटा मुँह बड़ी बात,Talking beyond one's status.,HIGH,False,bn-hi
7229,মনের মানুষ,খুব পছন্দের লোক,आँखों का काँटा,A person who is disliked or irritating.,HIGH,False,bn-hi
7235,মন্ত্রের সাধন কিংবা শরীর পাতন,কাজ সম্পন্ন করতে দৃঢ়প্রতিজ্ঞ,धरना देना,To stand firm on an issue.,HIGH,False,bn-hi
7237,মন্থরার মন্ত্রণা,কুচক্রীর কুপরামর্শ,आसमान से गिरा खजूर में अटका,From bad to worse.,HIGH,False,bn-hi
7240,মন্দ নয়,খারাপ না; চলনসই; মোটামুটি ভালো,कान पकड़ना,To promise not to repeat a mistake.,HIGH,False,bn-hi
7246,মন্দের ভালো,"নানা অমঙ্গলের মধ্যে অপেক্ষাকৃত কম অমঙ্গলজনক; মোটামুটি গ্রহণযোগ্য; সব মন্দ নয়, কিছুটা ভালো",कान पकड़ना,To promise not to repeat a mistake.,HIGH,False,bn-hi
7248,ময়দান,প্রতিদ্বন্দ্বিতাহীন ক্ষেত্র,सांप भी मर जाए और लाठी भी न टूटे,Finding a solution that satisfies all parties without loss.,HIGH,False,bn-hi
7250,ময়নাবুড়ি,কুতন্ত্রী বুড়ি; খলস্বভাবা নারী,दिल पर पत्थर रखना,To control emotions with difficulty.,HIGH,False,bn-hi
7251,ময়নার বুলি,শিখানো বুলি,सांप भी मर जाए और लाठी भी न टूटे,Finding a solution that satisfies all parties without loss.,HIGH,False,bn-hi
7254,ময়ূরের পেখম তোলা,উৎফুল্ল হয়ে ওঠা; পরমযত্নে সাজসজ্জা করা,दिल पर पत्थर रखना,To control emotions with difficulty.,HIGH,False,bn-hi
7255,মরণকামড়,নিজের মৃত্যু সন্নিকট বুঝে কঠিনতম প্রত্যাঘাতের শেষ চেষ্টা; চরম সর্বনাশকর আক্রমণ,छोटा मुँह बड़ी बात,Talking beyond one's status.,HIGH,False,bn-hi
7257,মরণপাখা ওঠা,যে অহঙ্কারমূলকবৃদ্ধি মৃত্যুর কারণ হয়ে দাঁড়ায়; সর্বনাশকর দম্ভপ্রকাশ,सांप भी मर जाए और लाठी भी न टूटे,Finding a solution that satisfies all parties without loss.,HIGH,False,bn-hi
7258,মরণবাড়,বিনাশের পূর্বলক্ষণস্বরূপ অতি দর্প; যে নিদারুণ অহঙ্কার পতন আনে,सांप भी मर जाए और लाठी भी न टूटे,Finding a solution that satisfies all parties without loss.,HIGH,False,bn-hi
7261,মরমে মরা,অত্যন্ত লজ্জিত বা কুণ্ঠিত হওয়া,थक कर चूर होना,To be extremely tired.,HIGH,False,bn-hi
7264,মরা মুখ দেখা,কঠিন শপথ করা,दिल पर लेना,To take something personally.,HIGH,False,bn-hi
7266,মরার বাড়া গাল নেই,যার উপরে আর মন্দ বাক্য নেই,सांप भी मर जाए और लाठी भी न टूटे,Finding a solution that satisfies all parties without loss.,HIGH,False,bn-hi
7267,মরার সময় নেই,কাজে একটুও অবসর বা ফুরসত নেই,थक कर चूर होना,To be extremely tired.,HIGH,False,bn-hi
7268,মরালগামিনী,রাজহংসীর মত মন্থর ও মনোহর গতিযুক্তা নারী,सांप भी मर जाए और लाठी भी न टूटे,Finding a solution that satisfies all parties without loss.,HIGH,False,bn-hi
7269,মরি মরি,"আনন্দ, বিদ্রুপ, বিস্ময়, লজ্জা ইত্যাদি ভাবসূচক উক্তি",दिल पर पत्थर रखना,To control emotions with difficulty.,HIGH,False,bn-hi
7270,মরিয়া,মৃত্যুসম্পর্কে বেপরোয়া,मुँह की खाना,To face defeat.,HIGH,False,bn-hi
7274,মর্জিমাফিক,খেয়ালখুশি মতো,छोटा मुँह बड़ी बात,Talking beyond one's status.,HIGH,False,bn-hi
7275,মলমাস,"অতিরিক্ত চান্দ্রমাস, যে মাসে দুটি অমাবস্যা পড়ে; মলমাসে পূজাপার্বণ এবং সর্বপ্রকার শুভকার্য নিষিদ্ধ",सांप भी मर जाए और लाठी भी न टूटे,Finding a solution that satisfies all parties without loss.,HIGH,False,bn-hi
7276,মলমের মধ্যে মাছি,অবাঞ্ছিত বস্তু বা ব্যক্তির অনিষ্টকর উপস্থিতি,आँखों का काँटा,A person who is disliked or irritating.,HIGH,False,bn-hi
7282,মসীজীবী,"কলমপেশা, কেরানী, লেখক",आँखों का काँटा,A person who is disliked or irritating.,HIGH,False,bn-hi
7283,মস্তিষ্কচর্চা,বুদ্ধির অনুশীলন; বুদ্ধি খাটানো,छोटा मुँह बड़ी बात,Talking beyond one's status.,HIGH,False,bn-hi
7287,মহাপুরুষ,বিদ্রুপে অতি বদলোক,आसमान से गिरा खजूर में अटका,From bad to worse.,HIGH,False,bn-hi
7291,মহাব্রাহ্মণ,শ্মশানক্রিয়া-সম্পাদনকারী নিকৃষ্ট ব্রাহ্মণ,आँखों का काँटा,A person who is disliked or irritating.,HIGH,False,bn-hi
7293,মহাভারত অশুদ্ধ হওয়া,কোন ভালো কাজ অপবিত্র/দুষ্ট/নষ্ট হওয়া,खून पसीना एक करना,To work extremely hard.,HIGH,False,bn-hi
7297,মহারথী,বিদ্রুপে নগন্য ব্যক্তি,आँखों का काँटा,A person who is disliked or irritating.,HIGH,False,bn-hi
7299,মাইয়ামুখা,নির্বোধ; স্ত্রীর মুখ চেয়ে কাজ করে এমন; স্ত্রীলোকের কথামতো চালিত,आँखों का काँटा,A person who is disliked or irritating.,HIGH,False,bn-hi
7301,মাকালফল,বাহ্যতঃ সুন্দর কিন্তু অন্তঃসারশূন্য ব্যক্তি,आँखों का काँटा,A person who is disliked or irritating.,HIGH,False,bn-hi
7302,মাকু,পরের নির্দেশে চলে এমন ব্যক্তি,आँखों का काँटा,A person who is disliked or irritating.,HIGH,False,bn-hi
7303,মাকু ইঁদুর,দুষ্টবুদ্ধিসম্পন্ন ব্যক্তি,दिल पर पत्थर रखना,To control emotions with difficulty.,HIGH,False,bn-hi
7305,মা গঙ্গা,পেটে কিছু নেই; বিদ্রুপে অজ্ঞ ব্যক্তি,आँखों का काँटा,A person who is disliked or irritating.,HIGH,False,bn-hi
7309,মাছিটিও গলে না,"অতি সুরক্ষিতস্থান, নিশ্ছিদ্র ব্যবস্থা",थक कर चूर होना,To be extremely tired.,HIGH,False,bn-hi
7310,মাছিটিও নেই,"জনমানবশূন্য, নির্জনস্থান, নির্মক্ষিক; সমার্থক- শ্মশানপুরী",सांप भी मर जाए और लाठी भी न टूटे,Finding a solution that satisfies all parties without loss.,HIGH,False,bn-hi
7311,মাছি টেপা,অতি কৃপণ,थक कर चूर होना,To be extremely tired.,HIGH,False,bn-hi
7312,মাছি মারা,অতি সহজ কাজ,थक कर चूर होना,To be extremely tired.,HIGH,False,bn-hi
7313,মাছিমারা কেরানী,শুদ্ধাশুদ্ধ বিচার না করে অন্ধ অনুকরণ করে এমন ব্যক্তি; না বুঝে যেমন দেখে তেমন লেখে এমন হুবহু নকলনবিশ,आँखों का काँटा,A person who is disliked or irritating.,HIGH,False,bn-hi
7314,মাছি মারতে মাস্কেট পরা,খুব তুচ্ছ বিষয়ে চরম ব্যবস্থা গ্রহণ করা,खून खौलना,To feel extreme anger.,HIGH,False,bn-hi
7317,মাছের তেলে মাছ ভাজা,কোনো কাজের লাভ থেকে সে কাজ চালানো; বিনাব্যয়ে কার্যসিদ্ধি; পরের ওপর দিয়ে চলা,सांप भी मर जाए और लाठी भी न टूटे,Finding a solution that satisfies all parties without loss.,HIGH,False,bn-hi
7319,মাছের মায়ের কান্না,"অসম্ভব ব্যাপার, কপট বেদনাবোধ, সহজে ধরা যায় এমন ভণ্ডামি বা ভান",सांप भी मर जाए और लाठी भी न टूटे,Finding a solution that satisfies all parties without loss.,HIGH,False,bn-hi
7320,মাছের মায়ের পুত্রশোক,কারো অনিষ্ট করে ক্ষতিগ্রস্তকে সান্ত্বনা দিতে অসার ভণ্ডামি,छोटा मुँह बड़ी बात,Talking beyond one's status.,HIGH,False,bn-hi
7322,মেজে ঘষে,ব্যঙ্গার্থে প্রসাধনের সাহায্যে সৌন্দর্য বৃদ্ধি করা,चार चाँद लगना,To enhance beauty or value.,HIGH,False,bn-hi
7324,মাঝেমধ্যে,কখনো সখনো,आसमान से गिरा खजूर में अटका,From bad to worse.,HIGH,False,bn-hi
7327,মাটি করা,নষ্ট,रंग में भंग डालना,To ruin enjoyment.,HIGH,False,bn-hi
7328,লাঠি যার মাটি তার,ভূসম্পত্তি,दिल पर पत्थर रखना,To control emotions with difficulty.,HIGH,False,bn-hi
7331,মাটি খাওয়া,অনুচিত কাজ করা; পরে অনুতাপ করতে হবে এমন কাজ করা,सांप भी मर जाए और लाठी भी न टूटे,Finding a solution that satisfies all parties without loss.,HIGH,False,bn-hi
7336,মাটিতে পা না-পড়া,অত্যন্ত গর্বিত হওয়া; উদ্ধতভাব,थक कर चूर होना,To be extremely tired.,HIGH,False,bn-hi
7337,মাটির দর,অতি সস্তামুল্য,थक कर चूर होना,To be extremely tired.,HIGH,False,bn-hi
7338,মাটির মানুষ,নিরীহ শান্ত অতিসরলপ্রকৃতির লোক,थक कर चूर होना,To be extremely tired.,HIGH,False,bn-hi
7339,মাঠঘাট,"সকল জায়গা, সর্বত্র",सांप भी मर जाए और लाठी भी न टूटे,Finding a solution that satisfies all parties without loss.,HIGH,False,bn-hi
7341,মাঠেঘাটে,"যেখানে সেখানে, সর্বত্র",सांप भी मर जाए और लाठी भी न टूटे,Finding a solution that satisfies all parties without loss.,HIGH,False,bn-hi
7348,মাতাল,আনন্দে আত্মহারা,दिल पर पत्थर रखना,To control emotions with difficulty.,HIGH,False,bn-hi
7350,মাথা উঁচু করা,"উন্নতি করা, বর্ধিত হওয়া; বিদ্রোহী হওয়া; সাফল্যলাভ করা; সমৃদ্ধিশালী হওয়া",कान खड़े होना,To become alert.,HIGH,False,bn-hi
7351,মাথা ওড়ানো,অস্তিত্ব ধূলিসাৎ করা,छोटा मुँह बड़ी बात,Talking beyond one's status.,HIGH,False,bn-hi
7352,মাথা করা,কিছু করতে না পারা; ক্ষতি করার সামর্থ্য না থাকা,घर का भेदी लंका ढाए,An insider can cause downfall.,HIGH,False,bn-hi
7355,মাথা কাটা যাওয়া,অপমানিত হওয়া; খুব লজ্জা পাওয়া; মাথা হেঁট হওয়া,छोटा मुँह बड़ी बात,Talking beyond one's status.,HIGH,False,bn-hi
7359,মাথা খাও,মাথার দিব্বি দিয়ে শপথ করার মেয়েলি অনুরোধ,छोटा मुँह बड़ी बात,Talking beyond one's status.,HIGH,False,bn-hi
7360,মাথা খাওয়া,"বিগড়ে দেওয়া, সর্বনাশ করা",सिर पर चढ़ाना,To spoil someone with too much affection.,HIGH,False,bn-hi
7361,মাথা খাটানো,"উপায় বের করার চেষ্টা করা; বুদ্ধি খেলানো, ভাবনাচিন্তা করা",छोटा मुँह बड़ी बात,Talking beyond one's status.,HIGH,False,bn-hi
7362,মাথা খাটানো,"উপায় বের করার চেষ্টা করা; বুদ্ধি খেলানো, ভাবনাচিন্তা করা",छोटा मुँह बड़ी बात,Talking beyond one's status.,HIGH,False,bn-hi
7363,মাথা খাটানো,"উপায় বের করার চেষ্টা করা; বুদ্ধি খেলানো, ভাবনাচিন্তা করা",छोटा मुँह बड़ी बात,Talking beyond one's status.,HIGH,False,bn-hi
7364,মাথা খারাপ,"অপ্রকৃতস্থ, খ্যাপাটে, পাগল",छोटा मुँह बड़ी बात,Talking beyond one's status.,HIGH,False,bn-hi
7365,মাথা খারাপ করা,তিতিবিরক্ত করা,नाक में दम करना,To annoy greatly.,HIGH,False,bn-hi
7366,মাথা খারাপ হওয়া,দুশ্চিন্তায় অস্থির হওয়া,कान खड़े होना,To become alert.,HIGH,False,bn-hi
7367,মাথা খারাপ হওয়া,দুশ্চিন্তায় অস্থির হওয়া,कान खड़े होना,To become alert.,HIGH,False,bn-hi
7368,মাথা খারাপ হওয়া,দুশ্চিন্তায় অস্থির হওয়া,कान खड़े होना,To become alert.,HIGH,False,bn-hi
7369,মাথা খেলানো,মাথা খাটানোর অনুরূপ,छोटा मुँह बड़ी बात,Talking beyond one's status.,HIGH,False,bn-hi
7370,মাথা খেলানো,মাথা খাটানোর অনুরূপ,छोटा मुँह बड़ी बात,Talking beyond one's status.,HIGH,False,bn-hi
7371,মাথা খেলানো,মাথা খাটানোর অনুরূপ,छोटा मुँह बड़ी बात,Talking beyond one's status.,HIGH,False,bn-hi
7375,মাথা গরম করা,অস্থিরচিত্ত হওয়া,छोटा मुँह बड़ी बात,Talking beyond one's status.,HIGH,False,bn-hi
7376,মাথা গলানো,অনধিকারচর্চা করা,सांप भी मर जाए और लाठी भी न टूटे,Finding a solution that satisfies all parties without loss.,HIGH,False,bn-hi
7377,মাথা গুলানো,হতবুদ্ধি করা,नाक ऊँची करना,To make proud.,HIGH,False,bn-hi
7383,মাথা ঘামানো,মাথা খাটানোর অনুরূপ,छोटा मुँह बड़ी बात,Talking beyond one's status.,HIGH,False,bn-hi
7384,মাথা ঘোরা,মাথা খারাপ হওয়ার অনুরূপ,दिल बाग-बाग होना,Feeling extremely happy.,HIGH,False,bn-hi
7385,মাথা চাড়া দেওয়া,মাথা উঁচু করার অনুরূপ,छोटा मुँह बड़ी बात,Talking beyond one's status.,HIGH,False,bn-hi
7386,মাথা চালা,মাথা খাটানোর অনুরূপ,छोटा मुँह बड़ी बात,Talking beyond one's status.,HIGH,False,bn-hi
7390,মাথা ঠিক না থাকা,মানসিকভাবে অস্থির বা পাগলামির অবস্থা,छोटा मुँह बड़ी बात,Talking beyond one's status.,HIGH,False,bn-hi
7393,মাথা ঠোকা,বারবার ব্যর্থতায় হতাশ হয়ে মাথা কোটা,छोटा मुँह बड़ी बात,Talking beyond one's status.,HIGH,False,bn-hi
7394,মাথা ঠোকা,বারবার ব্যর্থতায় হতাশ হয়ে মাথা কোটা,छोटा मुँह बड़ी बात,Talking beyond one's status.,HIGH,False,bn-hi
7395,মাথা ঠোকাঠুকি হওয়া,অপ্রত্যাশিতভাবে দেখা হওয়া,आँखें चार होना,To meet face to face.,HIGH,False,bn-hi
7396,মাথা তোলা,অহংকার করা বা মাথা উঁচু করে গর্বিতভাবে চলা,छोटा मुँह बड़ी बात,Talking beyond one's status.,HIGH,False,bn-hi
7397,"মাথা থাকা, ঘাড়ে দুটো",দুঃসাহসী হওয়া,थक कर चूर होना,To be extremely tired.,HIGH,False,bn-hi
7398,মাথা দেওয়া,কর্মসম্পাদনের দায়িত্ব গ্রহণ করা,पानी सिर से गुजरना,Situation getting out of control.,HIGH,False,bn-hi
7399,মাথা নত করা,অপমানিত/লজ্জিত/হীন হওয়া; নতি/হার স্বীকার করা,दाँत खट्टे करना,To defeat someone badly.,HIGH,False,bn-hi
7405,মাথা পাতা,"শিরোধার্য করা, সম্পূর্ণরূপে মেনে নেওয়া",छोटा मुँह बड़ी बात,Talking beyond one's status.,HIGH,False,bn-hi
7407,মাথা বাঁধা দেওয়া,বিকিয়ে যাওয়া; সম্পূর্ণ পরধীন হওয়া,कान खड़े होना,To become alert.,HIGH,False,bn-hi
7408,মাথা বাঁধা দেওয়া,বিকিয়ে যাওয়া; সম্পূর্ণ পরধীন হওয়া,कान खड़े होना,To become alert.,HIGH,False,bn-hi
7409,মাথা বিকানো,সম্পূর্ণ বশ্যতা স্বীকার করা,सिर झुकाना,To accept defeat.,HIGH,False,bn-hi
7414,মাথা হেঁট করা,লজ্জায় মাথা নত করা; নতি স্বীকার করা,छोटा मुँह बड़ी बात,Talking beyond one's status.,HIGH,False,bn-hi
7415,মাথা হেঁট হওয়া,লজ্জিত বা পরাজিত হয়ে মাথা নীচু করা,छोटा मुँह बड़ी बात,Talking beyond one's status.,HIGH,False,bn-hi
7416,মাথায় আসা,"বোধগম্য হওয়া, বুদ্ধি খোলা",कान खड़े होना,To become alert.,HIGH,False,bn-hi
7417,মাথায় ওঠা,"অবাধ্য, উদ্ধত, দুর্বিনীত বা স্পর্ধিত হওয়া",कान खड़े होना,To become alert.,HIGH,False,bn-hi
7418,মাথায় করা,অতি চিৎকারে মাত করা,आसमान सिर पर उठाना,To create a lot of noise or chaos.,HIGH,False,bn-hi
7419,মাথায় করে নেওয়া,মান্য করা; শিরোধার্য্য করা,सिर झुकाना,To accept defeat.,HIGH,False,bn-hi
7420,মাথায় করে রাখা,সমাদর করা,दिल में गाँठ पड़ना,To hold grudges.,HIGH,False,bn-hi
7421,মাথায় কাঁঠাল ভাঙা,কৌশলে কার্যোদ্ধার করা; প্রবঞ্চনা করা ফাঁকি দিয়ে সুবিধা আদায় করা,दिल में जगह बनाना,To gain affection.,HIGH,False,bn-hi
7423,মাথায় খুন চড়া,ভীষণভাবে রেগে যাওয়া,आग बबूला होना,To become extremely angry.,HIGH,False,bn-hi
7426,মাথায় চড়া,অহংকারী হয়ে ওঠা বা কাউকে দমন করার চেষ্টা করা,नज़रबंद करना,To restrict someone's freedom.,HIGH,False,bn-hi
7427,মাথায় চাপা,কিছু করার ইচ্ছা হওয়া,दिल में चिंगारी होना,To have passion.,HIGH,False,bn-hi
7429,মাথায় তুলে নাচা,অতিরিক্ত খাতির করা,नाक कटना,To lose respect or honor.,HIGH,False,bn-hi
7430,মাথায় তোলা,অতিরিক্ত প্রশ্রয় দেওয়া,सिर पर चढ़ाना,To spoil someone with too much affection.,HIGH,False,bn-hi
7433,মাথায় পাতা,শিরোধার্য করা,सिर झुकाना,To accept defeat.,HIGH,False,bn-hi
7434,মাথায় বজ্রাঘাত হওয়া,আকস্মিকভাবে বিরাট আঘাত পাওয়া,रातों-रात बदल जाना,Sudden change.,HIGH,False,bn-hi
7435,মাথায় ভূত চাপা,দুষ্টবুদ্ধি চাড়া দেওয়া,कान भरना,To instigate someone.,HIGH,False,bn-hi
7436,মাথায় ভূত চাপা,দুষ্টবুদ্ধি চাড়া দেওয়া,कान भरना,To instigate someone.,HIGH,False,bn-hi
7439,মাথায় লাথি মেরে পায়ে গড়,অসম্মান পরে সম্মান,कलेजा ठंडा होना,To feel satisfied after revenge.,HIGH,False,bn-hi
7441,মাথায় হাত দেওয়া,অন্যের মাথায় হাত রেখে প্রতিজ্ঞা করা,छोटा मुँह बड़ी बात,Talking beyond one's status.,HIGH,False,bn-hi
7442,মাথায় হাত দেওয়া,অন্যের মাথায় হাত রেখে প্রতিজ্ঞা করা,छोटा मुँह बड़ी बात,Talking beyond one's status.,HIGH,False,bn-hi
7444,মাথার উপর কেউ না থাকা,অবিভাবকহীন হওয়া,सांप भी मर जाए और लाठी भी न टूटे,Finding a solution that satisfies all parties without loss.,HIGH,False,bn-hi
7447,মাথার ঘাম পায়ে ফেলা,কঠোর পরিশ্রম করা,खून पसीना एक करना,To work extremely hard.,HIGH,False,bn-hi
7448,মাথার ঘায়ে কুকুর পাগল,অতি ঝামেলায় ব্যতিব্যস্ত অবস্থা; ভীষণ বিপদে পড়ে প্রায় পাগলের মতো অবস্থা হওয়া,खून खौलना,To feel extreme anger.,HIGH,False,bn-hi
7450,মাথার ঘি শুকিয়ে যাওয়া,বুদ্ধিহারা হওয়া,छोटा मुँह बड़ी बात,Talking beyond one's status.,HIGH,False,bn-hi
7452,মাথার ঠিক না থাকা,বুদ্ধি গুলিয়ে যাওয়া বা স্থির না থাকা,छोटा मुँह बड़ी बात,Talking beyond one's status.,HIGH,False,bn-hi
7453,মাথার দিব্বি,"অঙ্গীকার, শপথ",कान पकड़ना,To promise not to repeat a mistake.,HIGH,False,bn-hi
7458,মানভিখারী,মানের জন্য লালায়িত ব্যক্তি,आँखों का काँटा,A person who is disliked or irritating.,HIGH,False,bn-hi
7460,মানে মানে,মান থাকতে থাকতে; মানসম্ভ্রম নষ্ট হওয়ার আগেই,छोटा मुँह बड़ी बात,Talking beyond one's status.,HIGH,False,bn-hi
7461,মানে মানে থাকা চাই,অবস্থানুযায়ী চলা; মানসম্ভ্রম নিয়ে থাকা উচিত,छोटा मुँह बड़ी बात,Talking beyond one's status.,HIGH,False,bn-hi
7462,মানে মানে থাকা চাই,অবস্থানুযায়ী চলা; মানসম্ভ্রম নিয়ে থাকা উচিত,छोटा मुँह बड़ी बात,Talking beyond one's status.,HIGH,False,bn-hi
7463,মানে মানে থাকা চাই,অবস্থানুযায়ী চলা; মানসম্ভ্রম নিয়ে থাকা উচিত,छोटा मुँह बड़ी बात,Talking beyond one's status.,HIGH,False,bn-hi
7464,মানে মানে চেঁচে আছি,কোনরকমে মানসম্ভ্রম বজায় রেখে বেঁচে আছি,छोटा मुँह बड़ी बात,Talking beyond one's status.,HIGH,False,bn-hi
7466,মানিকজোড়,ব্যঙ্গে অন্তরঙ্গ এবং সর্বদা একসঙ্গে চলাফেরা করে এমন দুজন লোক,आँखों का काँटा,A person who is disliked or irritating.,HIGH,False,bn-hi
7467,মানুষের মতো মানুষ,সব সদ্গুণের অধিকারী আদর্শ ব্যক্তি,सांप भी मर जाए और लाठी भी न टूटे,Finding a solution that satisfies all parties without loss.,HIGH,False,bn-hi
7469,মান্ধাতার আমল,"অতি প্রাচীনকাল, অনেককাল পুরানো",थक कर चूर होना,To be extremely tired.,HIGH,False,bn-hi
7472,মা-বাপ,অসাধারণ ক্ষমতাসম্পন্ন এবং দয়ালু ব্যক্তি,आँखों का काँटा,A person who is disliked or irritating.,HIGH,False,bn-hi
7474,মামদোবাজী,চালাকের সাথে চালাকী,दिल पर पत्थर रखना,To control emotions with difficulty.,HIGH,False,bn-hi
7476,মামার জোর,বিদ্রুপে- প্রভাবশালী ব্যক্তির সহায়তা/ভরসা,आँखों का काँटा,A person who is disliked or irritating.,HIGH,False,bn-hi
7478,মামাবাড়ির আবদার,চাইলেই সহজে পাওয়া যায় এমন স্থান,सांप भी मर जाए और लाठी भी न टूटे,Finding a solution that satisfies all parties without loss.,HIGH,False,bn-hi
7479,মামার ভাতে থাকা,আদরযত্নে প্রতিপালিত,दिल पर पत्थर रखना,To control emotions with difficulty.,HIGH,False,bn-hi
7483,মায়ে খেদানো বাপে তাড়ানো,অতি বদ সন্তান,थक कर चूर होना,To be extremely tired.,HIGH,False,bn-hi
7484,মা যশোদা,পরের ছেলেয় পুত্রবতী,छोटा मुँह बड़ी बात,Talking beyond one's status.,HIGH,False,bn-hi
7485,মারকাট করে,"অতি ব্যস্ততার সঙ্গে, হইচই করে",दिल पर पत्थर रखना,To control emotions with difficulty.,HIGH,False,bn-hi
7486,মারকুটে,অল্পেই মারতে চাওয়া যার স্বভাব এমন; আগ্রাসী মনোভাব; উগ্রস্বভাব; প্রহারে অভ্যস্ত,दिल पर पत्थर रखना,To control emotions with difficulty.,HIGH,False,bn-hi
7491,মারামারি কাটাকাটি করা,মারামারি কাটাকাটি করতে উদ্যত; ঔদ্ধত্য প্রকাশ করা,दिल का बोझ हल्का करना,To express feelings.,HIGH,False,bn-hi
7492,মারমার কাটকাট করে,অতিশয় ব্যস্ততা ও হইচইয়ের সাথে,दिल पर पत्थर रखना,To control emotions with difficulty.,HIGH,False,bn-hi
7494,মারমূর্তি,"অতি ক্রুদ্ধ মূর্তি, অগ্নিমূর্তি",थक कर चूर होना,To be extremely tired.,HIGH,False,bn-hi
7499,মালকড়ি,"নগদ অর্থ, ধনদৌলত",सिर पर कफन बाँधना,To be ready to risk life.,HIGH,False,bn-hi
7503,মালদার,ধনবান; ধনী; সম্পদশালী ব্যক্তি,दिल पर पत्थर रखना,To control emotions with difficulty.,HIGH,False,bn-hi
7511,মিচকে শয়তান,প্রকাশ্য আচরণে বোঝা না গেলেও তলে তলে দুষ্ট,आँखों का काँटा,A person who is disliked or irritating.,HIGH,False,bn-hi
7513,মিছামিছি,"অনর্থক, অকারণে",सांप भी मर जाए और लाठी भी न टूटे,Finding a solution that satisfies all parties without loss.,HIGH,False,bn-hi
7518,মিটমিটে শয়তান,প্রচ্ছন্ন শয়তান; প্রকাশ্যে নিরীহ ভালোমানুষের ভান করে এবং গোপনে বদমায়েশি করে,आँखों का काँटा,A person who is disliked or irritating.,HIGH,False,bn-hi
7523,মিন-মিন করা,দুর্বলতার লক্ষণ হিসাবে ক্ষীণ স্বরে কথা বলা,कान में कहना,To speak secretly.,HIGH,False,bn-hi
7530,মীরজাফর,"বিশ্বাসঘাতক, সবচেয়ে ঘৃণ্যব্যক্তি",आँखों का काँटा,A person who is disliked or irritating.,HIGH,False,bn-hi
7534,মুক্তকণ্ঠে,"অসংকোচে, উচ্চস্বরে, প্রকাশ্যভাবে",सांप भी मर जाए और लाठी भी न टूटे,Finding a solution that satisfies all parties without loss.,HIGH,False,bn-hi
7539,মুখ আলগা,কোন কথা বলতে বাঁধে না এমন; অসংযতভাবে ভালো-মন্দ যা মুখে আসে তাই বলে এমন; মুখে কিছুই আটকায় না,सांप भी मर जाए और लाठी भी न टूटे,Finding a solution that satisfies all parties without loss.,HIGH,False,bn-hi
7540,মুখ উজ্জ্বল করা,গৌরবান্বিত করা; সম্মান বাড়ানো,दिल पर पत्थर रखना,To control emotions with difficulty.,HIGH,False,bn-hi
7542,মুখ কালো করা,অভিমান করা; দুঃখিত হওয়া,खून खौलना,To feel extreme anger.,HIGH,False,bn-hi
7543,মুখখানি যেন ক্ষুরের ধার,অত্যন্ত রুক্ষ ও মর্মভেদী কথা বলে,थक कर चूर होना,To be extremely tired.,HIGH,False,bn-hi
7544,মুখখানি যেন তোলহাঁড়ি,গোমরামুখো,मुँह की खाना,To face defeat.,HIGH,False,bn-hi
7545,মুখখানি যেন ভাজনা খোলা,চড়বড় করে কথা বলে,कान में कहना,To speak secretly.,HIGH,False,bn-hi
7547,মুখ খিঁচানো,মুখবিকৃতি করে তিরস্কার করা,छोटा मुँह बड़ी बात,Talking beyond one's status.,HIGH,False,bn-hi
7549,মুখ খোলা,কিছুক্ষণ নীরব থাকার পর প্রতিবাদ করতে শুরু করা,साँप सूँघ जाना,To become silent suddenly.,HIGH,False,bn-hi
7550,মুখ গোঁজ করা,অভিমান করা/ক্ষুব্ধ হওয়া,कान खड़े होना,To become alert.,HIGH,False,bn-hi
7555,মুখ চাওয়া,সাহায্যের প্রত্যাশী হওয়া,तिनके का सहारा,A small help in a difficult situation.,HIGH,False,bn-hi
7558,মুখ চূণ করা,দোষ করে লজ্জায় ম্লান হওয়া,दिल पर पत्थर रखना,To control emotions with difficulty.,HIGH,False,bn-hi
7559,মুখ চোখানো,জিভ ঠোঁটে বুলিয়ে কথা বলার জন্য প্রস্তুত হওয়া,कान में कहना,To speak secretly.,HIGH,False,bn-hi
7560,মুখচোরা,অল্প কথা বলে এমন; লাজুক,आँखों का काँटा,A person who is disliked or irritating.,HIGH,False,bn-hi
7562,মুখ ছোট করা,অপ্রতিভ করা,खून खौलना,To feel extreme anger.,HIGH,False,bn-hi
7563,মুখ ছোটানো,অনর্গল বিরতিহীন কথা বলা; অবাধে কথা বলা; বক্তৃতা দেওয়া,सांप भी मर जाए और लाठी भी न टूटे,Finding a solution that satisfies all parties without loss.,HIGH,False,bn-hi
7565,মুখ ঝামটা দেওয়া,অকস্মাৎ তিরস্কার করা; দাবড়ানো; হঠাৎ ধমক দেওয়া,हाथ खड़े करना,To give up.,HIGH,False,bn-hi
7567,মুখতাড়া খাওয়া/দেওয়া,মুখ ঝামটা খাওয়া/দেওয়া,हाथ खड़े करना,To give up.,HIGH,False,bn-hi
7570,মুখ তুলতে না পারা,লজ্জাজনিত কারণে সঙ্কুচিত হওয়া,खून खौलना,To feel extreme anger.,HIGH,False,bn-hi
7571,মুখ তুলতে না পারা,লজ্জাজনিত কারণে সঙ্কুচিত হওয়া,खून खौलना,To feel extreme anger.,HIGH,False,bn-hi
7572,মুখ তুলে চাওয়া,অনুগ্রহ করা; প্রসন্ন হওয়া,दिल पर पत्थर रखना,To control emotions with difficulty.,HIGH,False,bn-hi
7573,মুখ রাখা,সম্মান বজায় রাখা,छोटा मुँह बड़ी बात,Talking beyond one's status.,HIGH,False,bn-hi
7577,মুখ দেখাতে না পারা,লজ্জিত হওয়া,खून खौलना,To feel extreme anger.,HIGH,False,bn-hi
7578,মুখ দেখানো,নিজেকে উপস্থিত দেখানো,नाक ऊँची करना,To make proud.,HIGH,False,bn-hi
7583,মুখপাত্র,"অগ্রণী, প্রতিনিধি; কোনো ব্যক্তি বা প্রতিষ্ঠানের প্রতিনিধিরূপে যিনি কথা বলেন",आँखों का काँटा,A person who is disliked or irritating.,HIGH,False,bn-hi
7585,মুখপোড়া বাঁদর,চারিদিকে বিঘ্নসৃষ্টিকারী ব্যক্তি,आँखों का काँटा,A person who is disliked or irritating.,HIGH,False,bn-hi
7586,মুখ পোড়ানো,নিজের ক্ষতি করা; সম্মানহানি করা,नाक कटना,To lose respect or honor.,HIGH,False,bn-hi
7587,মুখ ফসকানো,অসতর্কতাবশত বলে ফেলা,पानी सिर से गुजरना,Situation getting out of control.,HIGH,False,bn-hi
7588,মুখ ফেরানো,"অসন্তুষ্ট, বিরূপ ইত্যাদি হওয়া, ভাগ্যমন্দ",आसमान से गिरा खजूर में अटका,From bad to worse.,HIGH,False,bn-hi
7591,মুখ ফুটে বলা,সাহস করে কিছু বলা,दिल पर पत्थर रखना,To control emotions with difficulty.,HIGH,False,bn-hi
7593,মুখফোড়া,স্পষ্টবক্তা; স্পষ্টবাদী; হক-কথা বলে এমন,सांप भी मर जाए और लाठी भी न टूटे,Finding a solution that satisfies all parties without loss.,HIGH,False,bn-hi
7594,মুখ ফোলানো,মুখ গোমড়া করা,नाक ऊँची करना,To make proud.,HIGH,False,bn-hi
7595,মুখ বদলানো,স্বাদ বদলানো,छोटा मुँह बड़ी बात,Talking beyond one's status.,HIGH,False,bn-hi
7597,মুখ বন্ধ রাখা,"কথা না বলা; চুপ, নীরব বা মৌন থাকা",कान पकड़ना,To promise not to repeat a mistake.,HIGH,False,bn-hi
7598,মুখ বন্ধ রাখা,"কথা না বলা; চুপ, নীরব বা মৌন থাকা",कान पकड़ना,To promise not to repeat a mistake.,HIGH,False,bn-hi
7599,মুখ বন্ধ রাখা,"কথা না বলা; চুপ, নীরব বা মৌন থাকা",कान पकड़ना,To promise not to repeat a mistake.,HIGH,False,bn-hi
7600,মুখ বুজে থাকা,চুপ করে থাকা বা কথা না বলা,साँप सूँघ जाना,To become silent suddenly.,HIGH,False,bn-hi
7601,মুখ বাঁকানো,"অপ্রসন্ন হওয়, উপেক্ষা করা, বিরক্তি প্রকাশ করা",आँखें तरेरना,To show anger.,HIGH,False,bn-hi
7603,মুখভঙ্গি,মনোভাবব্যঞ্জক মুখের নানা বিন্যাস,सांप भी मर जाए और लाठी भी न टूटे,Finding a solution that satisfies all parties without loss.,HIGH,False,bn-hi
7604,মুখভঙ্গী করা,মুখবিকৃতি করা,नाक ऊँची करना,To make proud.,HIGH,False,bn-hi
7605,মুখ ভার করা,অভিমান করা,आँखें तरेरना,To show anger.,HIGH,False,bn-hi
7606,মুখমণ্ডল,"আনন, বদন, কপাল থেকে চিবুক সম্পর্কিত মস্ত মুখ",आसमान से गिरा खजूर में अटका,From bad to worse.,HIGH,False,bn-hi
7608,মুখ মারা,অতিরিক্ত ঘি-যুক্ত মিষ্টি খাবার খেয়ে আহারে অরুচি জন্মানো,कलेजा ठंडा होना,To feel satisfied after revenge.,HIGH,False,bn-hi
7611,মুখ মোড়া,অসন্তোষ প্রকাশ করা,दिल का बोझ हल्का करना,To express feelings.,HIGH,False,bn-hi
7613,মুখরুচি,মুখের সৌন্দর্য বা শোভা,चार चाँद लगना,To enhance beauty or value.,HIGH,False,bn-hi
7615,মুখ লাগা,কুটকুট করা,हाथ धोकर पीछे पड़ना,To be persistently after someone.,HIGH,False,bn-hi
7616,মুখ লাল করা/হওয়া,ক্রোধে বা লজ্জায় মুখমণ্ডল লাল করা বা হওয়া,मुँह की खाना,To face defeat.,HIGH,False,bn-hi
7619,মুখ শুকানো,ম্লান হওয়া,कान खड़े होना,To become alert.,HIGH,False,bn-hi
7620,মুখ শুকিয়ে আমশি,"ভয়, ব্যাধি, উদ্বেগ ইত্যাদি কারণে মুখ বিবর্ণ/বিরস/বিশীর্ণ",मुँह की खाना,To face defeat.,HIGH,False,bn-hi
7621,মুখশুদ্ধি,মুখের দুর্গন্ধনাশক দ্রব্য,आसमान से गिरा खजूर में अटका,From bad to worse.,HIGH,False,bn-hi
7622,মুখসর্বস্ব কাঁঠাল কুসি,যে কাজের বড়াই করে কিন্তু কাজে কিছু করে না,आँखों का काँटा,A person who is disliked or irritating.,HIGH,False,bn-hi
7625,মুখ সামলানো,সতর্ক হয়ে কথা বলা,छोटा मुँह बड़ी बात,Talking beyond one's status.,HIGH,False,bn-hi
7626,মুখ সিটকানো,"ঘৃণা, বিতৃষ্ণা প্রভৃতি কারণে মুখ বিকৃত করা",मुँह की खाना,To face defeat.,HIGH,False,bn-hi
7627,মুখ সেলাই করা,মৌন বা নির্বাক থাকতে বাধ্য করা,साँप सूँघ जाना,To become silent suddenly.,HIGH,False,bn-hi
7631,মুখাপেক্ষা,পরের অনুগ্রহের বা সাহায্যের আশা; পরের উপর ভরসা,तिनके का सहारा,A small help in a difficult situation.,HIGH,False,bn-hi
7632,মুখাপেক্ষী,অন্যের সাহায্যের উপর নির্ভরশীল,तिनके का सहारा,A small help in a difficult situation.,HIGH,False,bn-hi
7635,মুখে আনা,উচ্চারণ করা; বলা,जुबान फिसलना,To say something unintentionally.,HIGH,False,bn-hi
7636,মুখে আসা,বলার ইচ্ছা হওয়া,जुबान फिसलना,To say something unintentionally.,HIGH,False,bn-hi
7637,মুখে কুলুপ আটা,"লিছু না বলা, নিশ্চুপ থাকা",कान पकड़ना,To promise not to repeat a mistake.,HIGH,False,bn-hi
7638,মুখে চূণকালি দেওয়া,অপদস্থ বা কলঙ্কিত করা/হওয়া; কলঙ্কে ভরে যাওয়া,दिल पर पत्थर रखना,To control emotions with difficulty.,HIGH,False,bn-hi
7642,মুখে তালা দেওয়া,কিছু বলতে না দেওয়া,आसमान से गिरा खजूर में अटका,From bad to worse.,HIGH,False,bn-hi
7646,মুখে ধান শুকানো,অনর্গল কথা বলা; চড়বড় করে কথা বলা,सांप भी मर जाए और लाठी भी न टूटे,Finding a solution that satisfies all parties without loss.,HIGH,False,bn-hi
7649,মুখে মধু অন্তরে বিষ,বাইরে বন্ধুত্ব ভিতরে কপটতা,दिल पर पत्थर रखना,To control emotions with difficulty.,HIGH,False,bn-hi
7650,মুখে মারিতং জগৎ,লম্বা চওড়া বুলি,सांप भी मर जाए और लाठी भी न टूटे,Finding a solution that satisfies all parties without loss.,HIGH,False,bn-hi
7651,মুখে মুখে,খাতাকলম ছাড়া,सांप भी मर जाए और लाठी भी न टूटे,Finding a solution that satisfies all parties without loss.,HIGH,False,bn-hi
7652,মুখে মুখে কথা বলা,মুখের উপর জবাব দেয়; তর্ক-বিতর্ক করা,छोटा मुँह बड़ी बात,Talking beyond one's status.,HIGH,False,bn-hi
7660,মুখে হাসি ফোটা,নীরব হাসির ভাব,साँप सूँघ जाना,To become silent suddenly.,HIGH,False,bn-hi
7661,মুখের উপর,সঙ্গেসঙ্গে,नौ दो ग्यारह होना,To run away quickly.,HIGH,False,bn-hi
7662,মুখের উপর কথা বলা,চোখে চোখ রেখে কথা বলা,मुँह की खाना,To face defeat.,HIGH,False,bn-hi
7663,মুখের উপর চোপা,বাচালতা করা; তর্ক-বিতর্ক করা,हाथ धोकर पीछे पड़ना,To be persistently after someone.,HIGH,False,bn-hi
7664,মুখের কথা,কথামাত্র সার; কাজের কথা নয়,सांप भी मर जाए और लाठी भी न टूटे,Finding a solution that satisfies all parties without loss.,HIGH,False,bn-hi
7665,মুখের কথা খসানো,মুখ ফুটে বলার অনুরূপ,पानी सिर से गुजरना,Situation getting out of control.,HIGH,False,bn-hi
7666,মুখের জোর,অনর্গল কথা; বাক্যস্রোত; বক্তৃতা করার ক্ষমতা,छोटा मुँह बड़ी बात,Talking beyond one's status.,HIGH,False,bn-hi
7667,মুখের ভয়ে,তিরস্কারের বা গঞ্জনার ভয়ে,पानी सिर से गुजरना,Situation getting out of control.,HIGH,False,bn-hi
7671,মুখোশ খোলা,স্বরূপ উৎঘাটিত করা,छोटा मुँह बड़ी बात,Talking beyond one's status.,HIGH,False,bn-hi
7673,মুঠোয় পাওয়া,"অধিকার, দখল, সম্পূর্ণ আয়ত্তাধীন",दिल में जगह बनाना,To gain affection.,HIGH,False,bn-hi
7675,মুড়া কোদালে দিঘি কাটা,"অল্প পরিশ্রমে বিরাট কাজ, অসাধ্যসাধন, উচ্চাশা",दिल पर पत्थर रखना,To control emotions with difficulty.,HIGH,False,bn-hi
7679,মুণ্ড ঘুরে যাওয়া,ভয়ে ভাবনায় হতবুদ্ধি হয়ে পড়া,कान खड़े होना,To become alert.,HIGH,False,bn-hi
7680,মুণ্ডু ঘুরে যাওয়া,কারো রূপে মুগ্ধ হওয়া,नज़रबंद करना,To restrict someone's freedom.,HIGH,False,bn-hi
7682,মুণ্ডহীন মুরগী,দিশেহারা ব্যক্তি,आँखों का काँटा,A person who is disliked or irritating.,HIGH,False,bn-hi
7683,মুদ্রাদোষ,"ব্যক্তির বিভিন্ন অঙ্গভঙ্গি, বাচনভঙ্গি, আচরণ, চালচলনের দৃষ্টি/শ্রুতিকটু পুনরাবৃত্তি করার কুঅভ্যাস",आसमान से गिरा खजूर में अटका,From bad to worse.,HIGH,False,bn-hi
7685,মুরগী বানানো,বোকা বানানো; নানাভাবে বিপর্যস্ত করা,आँखों में धूल झोंकना,To deceive someone.,HIGH,False,bn-hi
7688,মুশকিল আসান,"নিস্কৃতি, সমস্যার নিস্পত্তি, বিপদ থেকে মুক্তি",आसमान से गिरा खजूर में अटका,From bad to worse.,HIGH,False,bn-hi
7689,মুষ্টিমেয় কয়েকজন,অল্পসংখ্যক,तिनके का सहारा,A small help in a difficult situation.,HIGH,False,bn-hi
7691,মুসলমানের মুরগি পোষা,কৃত্রিম দরদ; স্বার্থের কারণে ভালবাসা; স্বার্থসাধনের জন্য আদরযত্ন করা,दिल में जगह बनाना,To gain affection.,HIGH,False,bn-hi
7694,মূলেই গলদ,শুরুতেই ভুল বা ত্রুটি,आसमान से गिरा खजूर में अटका,From bad to worse.,HIGH,False,bn-hi
7695,মৃদুমন্দ,অত্যন্ত ধীরগতি,थक कर चूर होना,To be extremely tired.,HIGH,False,bn-hi
7696,মেঘ না চাইতেই জল,অপ্রত্যাশিত সুযোগ; আশার অতিরিক্ত লাভ,छोटा मुँह बड़ी बात,Talking beyond one's status.,HIGH,False,bn-hi
7698,মেঘে মেঘে বেলা হওয়া,চেহারা দেখে বোঝা না গেলেও আসলে বয়স হয়েছে,छोटा मुँह बड़ी बात,Talking beyond one's status.,HIGH,False,bn-hi
7700,মেজাজ খাট্টা,প্রচণ্ড ক্ষেপে আছে এমন,थक कर चूर होना,To be extremely tired.,HIGH,False,bn-hi
7701,মেজাজ দেখানো,রেগে যাওয়া,छोटा मुँह बड़ी बात,Talking beyond one's status.,HIGH,False,bn-hi
7702,মেজে ঘষে সুন্দরী,নকল বা মেকি সুন্দরী,चार चाँद लगना,To enhance beauty or value.,HIGH,False,bn-hi
7703,মেড়া,পরের বুদ্ধিতে চালিত ভেড়ার মতো মূর্খ ও নির্বোধ ব্যক্তি,आँखों का काँटा,A person who is disliked or irritating.,HIGH,False,bn-hi
7704,মেনিমুখো,ভীতু/মুখচোরা/লাজুকপ্রকৃতির লোক,आँखों का काँटा,A person who is disliked or irritating.,HIGH,False,bn-hi
7705,মেমসাহেব,মেমের মতো চালচলনযুক্তা নারী,दिल पर पत्थर रखना,To control emotions with difficulty.,HIGH,False,bn-hi
7707,মেরি জান,প্রিয়তমা; প্রেয়সী নারী; বধুর প্রতি প্রিয় সম্ভাষণ,छोटा मुँह बड़ी बात,Talking beyond one's status.,HIGH,False,bn-hi
7710,মেরেকেটে,"অন্ততপক্ষে, কাটাকুটি করা সত্ত্বেও, বড়জোর",सांप भी मर जाए और लाठी भी न टूटे,Finding a solution that satisfies all parties without loss.,HIGH,False,bn-hi
7715,মোচড় মারা,বাগে পেয়ে চাপ দেওয়া,नज़रबंद करना,To restrict someone's freedom.,HIGH,False,bn-hi
7718,মোটমাট,"সর্বসমেত, স্থূল হিসাবে",सांप भी मर जाए और लाठी भी न टूटे,Finding a solution that satisfies all parties without loss.,HIGH,False,bn-hi
7725,মোটেই না,"আদৌ না, একেবারেই সত্য নয়",कान पकड़ना,To promise not to repeat a mistake.,HIGH,False,bn-hi
7727,মোমের পুতুল,"অল্প পরিশ্রমে কাতর হয়ে পড়ে, এমন ব্যক্তি",आँखों का काँटा,A person who is disliked or irritating.,HIGH,False,bn-hi
7731,মৌতাৎ চড়ানো,মাদকের নেশা করা,दिल पर पत्थर रखना,To control emotions with difficulty.,HIGH,False,bn-hi
7734,ম্যাও ধরা,দায়িত্ব গ্রহণ করা,सिर झुकाना,To accept defeat.,HIGH,False,bn-hi
7735,মেয়াদ মেরে যাওয়া,অকর্মণ্য বা উৎসাহহীন হয়ে পড়া,छोटा मुँह बड़ी बात,Talking beyond one's status.,HIGH,False,bn-hi
7737,যক দেওয়া,ঠকিয়ে টাকাপয়সা আদায় করা,पानी सिर से गुजरना,Situation getting out of control.,HIGH,False,bn-hi
7738,যক্ষের ধন,বিদ্রুপে খুব কৃপণ লোকের ধন,आँखों का काँटा,A person who is disliked or irritating.,HIGH,False,bn-hi
7739,যক্ষের ধন,বিদ্রুপে খুব কৃপণ লোকের ধন,आँखों का काँटा,A person who is disliked or irritating.,HIGH,False,bn-hi
7740,যখন তখন,সময়-অসময় বিচার না করে; যখন ইচ্ছা হবে তখনই; যে কোনো সময়ে,सांप भी मर जाए और लाठी भी न टूटे,Finding a solution that satisfies all parties without loss.,HIGH,False,bn-hi
7742,"যখন যেমন, তখন তেমন",অবস্থা বুঝে ব্যবস্থা; যে সময়ে যেরকম আবশ্যক সেই সময়ে সেইরূপ,सांप भी मर जाए और लाठी भी न टूटे,Finding a solution that satisfies all parties without loss.,HIGH,False,bn-hi
7743,যখনকার তখন,সাময়িক; যে সময়ের সেই সময়,सांप भी मर जाए और लाठी भी न टूटे,Finding a solution that satisfies all parties without loss.,HIGH,False,bn-hi
7747,যজ্ঞের ঘোড়া,অসহায় বা বিপন্ন ব্যক্তি,आँखों का काँटा,A person who is disliked or irritating.,HIGH,False,bn-hi
7748,যৎকিঞ্চিৎ,অত্যল্প/তুচ্ছ পরিমাণ,तिनके का सहारा,A small help in a difficult situation.,HIGH,False,bn-hi
7750,যত গর্জে তত বর্ষে না,আড়ম্বর বা আয়োজনের তুলনায় কম কাজ হওয়া,आँखें तरेरना,To show anger.,HIGH,False,bn-hi
7751,যতক্ষণ মধু ততক্ষণ ভ্রমর,স্বার্থপর বন্ধুত্ব,सांप भी मर जाए और लाठी भी न टूटे,Finding a solution that satisfies all parties without loss.,HIGH,False,bn-hi
7752,যত নষ্টের গোড়া,সব অনাসৃষ্টি বা অনিষ্টের কারণ; বিষম অনিষ্টকারী,सांप भी मर जाए और लाठी भी न टूटे,Finding a solution that satisfies all parties without loss.,HIGH,False,bn-hi
7755,যত্ন আত্তি,সমাদর ও সন্তোষ বিধান,नाक कटना,To lose respect or honor.,HIGH,False,bn-hi
7756,যত্র আয় তত্র ব্যয়,"আয়ের কিছুই জমে না এমন অবস্থা, যা আয় হয় তার সবটাই খরচ হয়ে যায়; অবিবেচনাপ্রসূত কাজ; অসঞ্চয়ের লক্ষণ",सांप भी मर जाए और लाठी भी न टूटे,Finding a solution that satisfies all parties without loss.,HIGH,False,bn-hi
7757,যত্রতত্র,"ভালোমন্দ বিচার না করে যেকোন স্থানে, সর্বত্র",सांप भी मर जाए और लाठी भी न टूटे,Finding a solution that satisfies all parties without loss.,HIGH,False,bn-hi
7758,যথা আজ্ঞা,কর্তব্যানুসারে যা করা উচিত,छोटा मुँह बड़ी बात,Talking beyond one's status.,HIGH,False,bn-hi
7761,যথাতথা,যেখানে সেখানে; সর্বত্র,सांप भी मर जाए और लाठी भी न टूटे,Finding a solution that satisfies all parties without loss.,HIGH,False,bn-hi
7762,যথা পূর্ব তথা পর,পূর্বের মতোই অবস্থা; কোনো পরিবর্তন হয়নি,पानी सिर से गुजरना,Situation getting out of control.,HIGH,False,bn-hi
7764,যথারুচি,ইচ্ছা বা পছন্দমত; প্রবৃত্তি অনুযায়ী; বাঞ্ছানুরূপ,छोटा मुँह बड़ी बात,Talking beyond one's status.,HIGH,False,bn-hi
7765,যথাসর্বস্ব,সমস্ত ধনসম্পদ,सांप भी मर जाए और लाठी भी न टूटे,Finding a solution that satisfies all parties without loss.,HIGH,False,bn-hi
7768,যদি না,না যদি হয় তবুও,कान पकड़ना,To promise not to repeat a mistake.,HIGH,False,bn-hi
7769,যদি বা,যদি একান্তই যদি,सांप भी मर जाए और लाठी भी न टूटे,Finding a solution that satisfies all parties without loss.,HIGH,False,bn-hi
7772,যত্নে রত্ন মেলে,পরিশ্রম শুভফল দান করে,खून पसीना एक करना,To work extremely hard.,HIGH,False,bn-hi
7773,যন্ত্র,যে ব্যক্তিকে কার্যসাধনের জন্য হাতিয়ারস্বরূপ ব্যবহার করা হয়,आँखों का काँटा,A person who is disliked or irritating.,HIGH,False,bn-hi
7776,যমদূত,মৃত্যুর ন্যায় ভীষণ সংবাদবাহক,थक कर चूर होना,To be extremely tired.,HIGH,False,bn-hi
7779,যমযন্ত্রণা,মৃত্যুকালীন কষ্টের মতো খুব কষ্ট,खून खौलना,To feel extreme anger.,HIGH,False,bn-hi
7781,যমের অরুচি,যে সহজে মরে না; এমন দুষ্ট লোক যে যমেও ছুঁতে ঘেন্না করে; অবজ্ঞাসূচক উক্তি,आँखों का काँटा,A person who is disliked or irritating.,HIGH,False,bn-hi
7783,যমের দোসর,নিষ্ঠুর ভয়ানক প্রকৃতির ব্যক্তি,आँखों का काँटा,A person who is disliked or irritating.,HIGH,False,bn-hi
7785,যমের ভুল,যে মরছে না তার মৃত্যু কামনা করে গালি,आँखों का काँटा,A person who is disliked or irritating.,HIGH,False,bn-hi
7787,যশুরে কই,যশোহরের কইমাছের মত বড়মাথাওয়ালা লোক,आँखों का काँटा,A person who is disliked or irritating.,HIGH,False,bn-hi
7788,যাঁহা বাহান্ন তাঁহা তিপ্পান্ন,বিশেষ কোনো তফাত নেই; এতটাই যদি করা হয় তবে আর অল্প একটু করতে দোষ কী,सांप भी मर जाए और लाठी भी न टूटे,Finding a solution that satisfies all parties without loss.,HIGH,False,bn-hi
7792,যাই যাই,যাবার উপক্রম,सांप भी मर जाए और लाठी भी न टूटे,Finding a solution that satisfies all parties without loss.,HIGH,False,bn-hi
7798,যামঘোষ,"প্রহরঘোষণাকারী মোরগ, শিয়াল",सांप भी मर जाए और लाठी भी न टूटे,Finding a solution that satisfies all parties without loss.,HIGH,False,bn-hi
7801,যাহা বাহান্ন তাহা তিপ্পান্ন,অতিসামান্য পার্থক্য বা প্রভেদশূন্য; প্রায় হওয়ার কথা নয় এমন ভাব,कान पकड़ना,To promise not to repeat a mistake.,HIGH,False,bn-hi
7803,আজ্ঞে,যথা আজ্ঞা; আজ্ঞানুসারেই কাজ হবে,खून पसीना एक करना,To work extremely hard.,HIGH,False,bn-hi
7804,যে কথা সেই কাজ,কথায় ও কর্মে সঙ্গতি; বাক্য ও কর্মের অভিন্নতা; প্রতিজ্ঞা বা প্রস্তাবমত কাজ,दिल पर पत्थर रखना,To control emotions with difficulty.,HIGH,False,bn-hi
7806,যে কেউ,নির্বিশেষে; সাধারণ জন; যার কোন বিশেষত্ব নেই,सांप भी मर जाए और लाठी भी न टूटे,Finding a solution that satisfies all parties without loss.,HIGH,False,bn-hi
7807,যে দামে কেনা সে দামে বিক্রি,অবৈধভাবে বা বিনাব্যয়ে অর্জিত ধন নষ্ট হলে লাভ ক্ষতির হিসাব চলেনা,सांप भी मर जाए और लाठी भी न टूटे,Finding a solution that satisfies all parties without loss.,HIGH,False,bn-hi
7808,যে যাবে যাক,"যে চায় যাক, কারো প্রতি উদাসীনতা প্রকাশ",नज़रबंद करना,To restrict someone's freedom.,HIGH,False,bn-hi
7811,যেচে মান কেঁদে সোহাগ,যা আপনা থেকে আসার কথা তা ভিক্ষা করে নেওয়া,सांप भी मर जाए और लाठी भी न टूटे,Finding a solution that satisfies all parties without loss.,HIGH,False,bn-hi
7812,যেতে বসা,নষ্ট হওয়ার উপক্রম,रंग में भंग डालना,To ruin enjoyment.,HIGH,False,bn-hi
7816,যেমন গুরু তেমনই চেলা,গুরু ও শিষ্য দুজনেই সমান মন্দ বা মূর্খ,आसमान से गिरा खजूर में अटका,From bad to worse.,HIGH,False,bn-hi
7818,যেমন তেমন,"কাজ চলার মতন, কোন রকম, চলনসই",दिमाग खराब होना,To get irritated.,HIGH,False,bn-hi
7827,যোড়হস্ত,একান্ত অনুগত; অনুগত ভৃত্যের মত বাধ্য,थक कर चूर होना,To be extremely tired.,HIGH,False,bn-hi
7828,যোড়াতাড়া দিয়ে,অনেক কষ্টে; কোনোক্রমে; ঠেকনা দিয়ে কোনো প্রকারে কার্যোপযোগী করণের চেষ্টা,दिल पर पत्थर रखना,To control emotions with difficulty.,HIGH,False,bn-hi
7832,যো হুকুম হুজুর,"গোলাম, চাটুকার, তাঁবেদার, মোসাহেবস্তাবক",दिल पर पत्थर रखना,To control emotions with difficulty.,HIGH,False,bn-hi
7834,রাইস আদমী,ধনী লোক,आँखों का काँटा,A person who is disliked or irritating.,HIGH,False,bn-hi
7837,রক্ত গরম করা,উত্তেজিত হওয়া,कान खड़े होना,To become alert.,HIGH,False,bn-hi
7839,রক্তচক্ষু,ক্রোধে লাল চোখ; কোপদৃষ্টি; রোষকষায়িত দৃষ্টি,दिल पर पत्थर रखना,To control emotions with difficulty.,HIGH,False,bn-hi
7840,রক্ত ঝরানো,প্রচণ্ড পরিশ্রম করা,खून पसीना एक करना,To work extremely hard.,HIGH,False,bn-hi
7841,রক্তবীজের বংশ,ছারপোকা,सांप भी मर जाए और लाठी भी न टूटे,Finding a solution that satisfies all parties without loss.,HIGH,False,bn-hi
7842,রক্তমাংসের শরীর,"দেহমনের স্বাভাবিক দুর্বলতাযুক্ত স্থূলশরীর; দয়ামায়া, করুণা ইত্যাদির আধার",दिल पर पत्थर रखना,To control emotions with difficulty.,HIGH,False,bn-hi
7844,রক্তশোষণ,সর্বস্ব আত্মস্মাৎ,नौ दो ग्यारह होना,To run away quickly.,HIGH,False,bn-hi
7845,রক্তের অক্ষরে লেখা,বহু প্রাণহানির কাহিনিসংবলিত ইতিহাস,दिल पर पत्थर रखना,To control emotions with difficulty.,HIGH,False,bn-hi
7846,রক্তের টান,"রক্তের সম্পর্ক থাকার জন্য পরস্পরের প্রতি আকর্ষণ; আপনজনের প্রতি ভালবাসা, স্ববংশপ্রীতি",छोटा मुँह बड़ी बात,Talking beyond one's status.,HIGH,False,bn-hi
7848,রক্ষাকবচ,"বিপদ থেকে বাঁচার উপায়, দুর্বলশ্রেণিকে রক্ষা করতে সরকার কর্তৃক গৃহীত ব্যবস্থা",आसमान से गिरा खजूर में अटका,From bad to worse.,HIGH,False,bn-hi
7849,রগচটা,"অল্পেতেই রেগে যায় এমন ব্যক্তি, কোপনস্বভাব",आँखों का काँटा,A person who is disliked or irritating.,HIGH,False,bn-hi
7850,রগড়া-রগড়ি,কোনো কিছু সম্পর্কে অত্যধিক আলোচনা; নানা বিষয়ে বোঝাপড়া,दीवारों के कान होना,Confidential matters may be overheard.,HIGH,False,bn-hi
7853,রগরগে,উত্তেজনার ভাবপ্রকাশক দ্বিত্বশব্দ,दिल बाग-बाग होना,Feeling extremely happy.,HIGH,False,bn-hi
7856,রং খোলা,প্রকাশ পাওয়া; শোভা পাওয়া,चार चाँद लगना,To enhance beauty or value.,HIGH,False,bn-hi
7858,রঙতামাশা,একার্থক যুগ্মশব্দ; অঙ্গভঙ্গিসহ তামাশ; কৌতুক হাসিঠাট্টা বা মস্করা,दिल पर पत्थर रखना,To control emotions with difficulty.,HIGH,False,bn-hi
7859,রং-বে-রং,বিভিন্ন বর্ণ; রং ও বদরং,आसमान से गिरा खजूर में अटका,From bad to worse.,HIGH,False,bn-hi
7860,রঙ দেখানো,মেজাজ দেখানো,छोटा मुँह बड़ी बात,Talking beyond one's status.,HIGH,False,bn-hi
7867,রণভঙ্গ,প্রতিযোগিতা বিতর্ক ইত্যাদি থেকে মাঝপথে সরে যাওয়া; লড়াইয়ের ময়দান থেকে পলায়ন,आसमान से गिरा खजूर में अटका,From bad to worse.,HIGH,False,bn-hi
7868,রণের ঘোড়া,মনোমত কাজের কথা শুনলে যে আর স্থির থাকতে পারে না,आँखों का काँटा,A person who is disliked or irritating.,HIGH,False,bn-hi
7869,রতনে রতন চেনে,যোগ্য তার জুড়ি খুঁজে নেয়,दिल पर पत्थर रखना,To control emotions with difficulty.,HIGH,False,bn-hi
7871,রত্নগর্ভা,"সুযোগ্য পুত্রসন্তানের মাতা, সুসন্তানবতী",दिल पर पत्थर रखना,To control emotions with difficulty.,HIGH,False,bn-hi
7874,রথী,"বীরপুরুষ, সাহসী",आँखों का काँटा,A person who is disliked or irritating.,HIGH,False,bn-hi
7880,রপ্তে রপ্তে,"ক্রমশঃ, ধীরেধীরে",ऊँट के मुँह में जीरा,Too little for need.,HIGH,False,bn-hi
7883,রবাহুত,লোকমুখে রব বা ভোজের খবর শুনে বিনা নিমন্ত্রণে চলে এসেছে এমন,आँखों का काँटा,A person who is disliked or irritating.,HIGH,False,bn-hi
7885,রয়ে-বসে,"তাড়াহুড়ো না করে; ধীরেসুস্থে, ভেবেচিন্তে",सांप भी मर जाए और लाठी भी न टूटे,Finding a solution that satisfies all parties without loss.,HIGH,False,bn-hi
7886,রয়ে-সয়ে,"থেকে থেকে, মাঝে মাঝে",आसमान से गिरा खजूर में अटका,From bad to worse.,HIGH,False,bn-hi
7887,রশি আলগা করা,শাসন না করা,दिल पर पत्थर रखना,To control emotions with difficulty.,HIGH,False,bn-hi
7890,রসচুরি,পরের লেখা বা কাব্যের ভাব হুবহু গ্রহণ,आसमान से गिरा खजूर में अटका,From bad to worse.,HIGH,False,bn-hi
7894,রসাতলে যাওয়া,অধঃপাতে পাঠানো/যাওয়া; উচ্ছন্নে যাওয়া; ধ্বংসপ্রাপ্ত হওয়া,आँखें चार होना,To meet face to face.,HIGH,False,bn-hi
7895,রসেবশে থাকা,রসের আবেশে ভালোভাবে থাকা,आसमान से गिरा खजूर में अटका,From bad to worse.,HIGH,False,bn-hi
7896,রাঁড় হয়ে ষাঁড় হওয়া,বিধবা হয়ে স্বাধীনভাবে যথেচ্ছ জীবনযাপন করা,कान खड़े होना,To become alert.,HIGH,False,bn-hi
7897,রা করা,কথা বলা,कान में कहना,To speak secretly.,HIGH,False,bn-hi
7898,রাই কুড়িয়ে বেল,একটু একটু করে বিরাট আকার; অল্প অল্প করে প্রভূত অর্থ সঞ্চয়,ऊँट के मुँह में जीरा,Too little for need.,HIGH,False,bn-hi
7899,রাক্ষস,অতি পেটুক লোক,आँखों का काँटा,A person who is disliked or irritating.,HIGH,False,bn-hi
7906,রাঘববোয়াল,অতি অর্থশালী ব্যক্তি; অতি ক্ষমতাশালী ব্যক্তি; অর্থগৃধ্নু; সর্বগ্রাসী,थक कर चूर होना,To be extremely tired.,HIGH,False,bn-hi
7908,রাঙামূলো,গুণহীন সুদর্শন ব্যক্তি,आँखों का काँटा,A person who is disliked or irritating.,HIGH,False,bn-hi
7909,রাজযোটক,পাত্রপাত্রীর সর্বতোভাবে রাশি ইত্যাদির জ্যোতিষিক যোগ,सांप भी मर जाए और लाठी भी न टूटे,Finding a solution that satisfies all parties without loss.,HIGH,False,bn-hi
7913,রাজা-উজির মারা,গালগল্প করা; বড়বড়/লম্বাচওড়া কথা বলে নিজেকে জাহির করা,आँखें तरेरना,To show anger.,HIGH,False,bn-hi
7914,রাজাকার,১৯৭১ সালে বাংলাদেশের স্বাধীনতা সংগ্রামে পাকিস্তান দখলদার বাহিনীকে সহায়তা করে স্বাধীনতা সংগ্রামের বিরোধিতা ও ক্ষতিসাধনকারী ব্যক্তি,आँखों का काँटा,A person who is disliked or irritating.,HIGH,False,bn-hi
7915,রাজা তেজচন্দ্র,অতিদর্পী ব্যক্তি,थक कर चूर होना,To be extremely tired.,HIGH,False,bn-hi
7916,রাজার ঘুড়ী,রাজাদের মাদীঘোড়া বাচ্চা পাড়লেই বাতিল হয়ে যায়; জিনিস একটু পুরানো হলে বড়লোকেরা সেটা আর ব্যবহার করে না,कान खड़े होना,To become alert.,HIGH,False,bn-hi
7917,রাজার হাল,"অতিরিক্ত আরামে, অত্যন্ত সুখের দশা",खून खौलना,To feel extreme anger.,HIGH,False,bn-hi
7918,রাতকানা,রাতে দেখতে পায় না এমন ব্যক্তি,आँखों का काँटा,A person who is disliked or irritating.,HIGH,False,bn-hi
7927,রাবণের ছাঁদনাতলা,আগাম সুখকল্পনা; কারণের আগেই কার্য,घर का भेदी लंका ढाए,An insider can cause downfall.,HIGH,False,bn-hi
7932,রামগরুড়ের ছানা,বিদ্রুপে বিষণ্ণ গোমড়ামুখো লোক,आँखों का काँटा,A person who is disliked or irritating.,HIGH,False,bn-hi
7933,রামছাগল,"বিদ্রুপে অতিনির্বোধ ব্যক্তি, মহামূর্খ",थक कर चूर होना,To be extremely tired.,HIGH,False,bn-hi
7937,রাম বলে,পাপ চিন্তা করে এবং পাপ কথা বলে মন কলুষিত হয়েছে; রাম নাম নিয়ে চিত্ত শুদ্ধ কর,कान खड़े होना,To become alert.,HIGH,False,bn-hi
7946,রামা-শ্যামা,অতি সাধারণ লোক,आँखों का काँटा,A person who is disliked or irritating.,HIGH,False,bn-hi
7950,রামের হনুমান,নিতান্ত অনুগত চাকর,थक कर चूर होना,To be extremely tired.,HIGH,False,bn-hi
7951,রামোচন্দ্র,অবজ্ঞা ঘৃণাদিব্যঞ্জক উক্তি,आसमान से गिरा खजूर में अटका,From bad to worse.,HIGH,False,bn-hi
7954,রাশ টানা,"যথেচ্ছ আচরণ করতে না দেওয়া, সংযত করা",दिल पर पत्थर रखना,To control emotions with difficulty.,HIGH,False,bn-hi
7955,রাশভারী,"গম্ভীরপ্রকৃতির লোক, সহসা যার সাথে কথা বলতে সঙ্কোচ হয়",दिल पर पत्थर रखना,To control emotions with difficulty.,HIGH,False,bn-hi
7956,রাশহালকা,"লঘুচিত্তের লোক, যার সাথে কথা বলতে সঙ্কোচ হয় না",दिल पर पत्थर रखना,To control emotions with difficulty.,HIGH,False,bn-hi
7959,রাস টানা,নিয়ন্ত্রিত বা সংযত করা,दिल पर पत्थर रखना,To control emotions with difficulty.,HIGH,False,bn-hi
7960,রাস্তা খোলা,একাধিক উপায় থাকা,दिल में चिंगारी होना,To have passion.,HIGH,False,bn-hi
7966,রাস্তার লোক,অচেনা লোক; অপরিচিত ব্যক্তি,आँखों का काँटा,A person who is disliked or irritating.,HIGH,False,bn-hi
7967,রাহু,ধ্বংসকারী শত্রু; সর্বনাশকারী ব্যক্তি,आँखों का काँटा,A person who is disliked or irritating.,HIGH,False,bn-hi
7968,রাহুগ্রস্ত,রাহুর দশায় বিপদগ্রস্ত; অত্যন্ত বিপন্ন; অসৎ লোকের কবলে পতিত,थक कर चूर होना,To be extremely tired.,HIGH,False,bn-hi
7969,রাহুর দশা,অতি কষ্টকর ও সংকটময় সময়,थक कर चूर होना,To be extremely tired.,HIGH,False,bn-hi
7970,রুই কাতলা,ওজনদার বা সম্মানীয় ব্যক্তি; পদস্থ বা নেতৃস্থানীয় ব্যক্তি,आँखों का काँटा,A person who is disliked or irritating.,HIGH,False,bn-hi
7973,রুটি মারা,রোজগারের পথ বন্ধ করা,नज़रबंद करना,To restrict someone's freedom.,HIGH,False,bn-hi
7974,রুটি মারা,রোজগারের পথ বন্ধ করা,नज़रबंद करना,To restrict someone's freedom.,HIGH,False,bn-hi
7978,রূপসাগর,এমন এক কাল্পনিক জগৎ যার সম্পর্কে সাধারণ মানুষের কোনও ধারণাই নেই; প্রকৃতপক্ষে সুন্দর মানুষদের একটা আলাদা জগৎ,दिल में चिंगारी होना,To have passion.,HIGH,False,bn-hi
7980,রূপে লক্ষ্মী গুণে সরস্বতী,অতি রূপবতী ও গুণবতী বিদুষী নারী,थक कर चूर होना,To be extremely tired.,HIGH,False,bn-hi
7981,রূপের ডালি,প্রচুর সৌন্দর্যের আধার; অত্যন্ত রূপবতী,थक कर चूर होना,To be extremely tired.,HIGH,False,bn-hi
7982,রূপের ধুচুনি,বিদ্রুপে অত্যন্ত কুরূপা,थक कर चूर होना,To be extremely tired.,HIGH,False,bn-hi
7984,রেখে ঢেকে বলা,কিছুটা অব্যক্ত রেখে বলা; সবটা না বলা,जुबान फिसलना,To say something unintentionally.,HIGH,False,bn-hi
7985,রেগে আগুন,প্রচণ্ড ক্রুদ্ধ,थक कर चूर होना,To be extremely tired.,HIGH,False,bn-hi
7986,রেষারেষি,"পরস্পর হিংসা বা বিদ্বেষ, বিদ্বষপূর্ণ প্রতিদ্বন্দিতা",दिल पर पत्थर रखना,To control emotions with difficulty.,HIGH,False,bn-hi
7987,রেহাই,চিরতরে মুক্তিলাভ,बाल-बाल बचना,To narrowly escape danger.,HIGH,False,bn-hi
7989,রৈ রৈ করা,গলাবাজী করা,नाक ऊँची करना,To make proud.,HIGH,False,bn-hi
7990,রোখা কড়ি ছোখা মাল,নগদ দাম দিলে ভালো জিনিস পাওয়া যায়,पानी सिर से गुजरना,Situation getting out of control.,HIGH,False,bn-hi
7991,রোগ কেবল মুড়িতে আর ভুঁড়িতে,মাথা আর পেটের গণ্ডগোল থেকেই সব রোগের উৎপত্তি হয়,सांप भी मर जाए और लाठी भी न टूटे,Finding a solution that satisfies all parties without loss.,HIGH,False,bn-hi
7995,রোজ কিয়ামত,অতি কষ্টকর অবস্থা; বিপদ-আপদ,थक कर चूर होना,To be extremely tired.,HIGH,False,bn-hi
7998,রোজার ঘাড়ে ভূত,যে প্রতিকার করবে সে নিজেই ঠিক নেই,आँखों का काँटा,A person who is disliked or irritating.,HIGH,False,bn-hi
8002,রোদে দেওয়া,সূর্যতাপে শুকানোর জন্য মেলে দেওয়া,पानी सिर से गुजरना,Situation getting out of control.,HIGH,False,bn-hi
8003,রোদে পোড়া,রৌদ্রতাপে কষ্ট পাওয়া,आसमान से गिरा खजूर में अटका,From bad to worse.,HIGH,False,bn-hi
8004,রোবট,যন্ত্রের মত কাজ করে এমন মানুষ,आँखों का काँटा,A person who is disliked or irritating.,HIGH,False,bn-hi
8007,রোলার চালানো,"পিষে মারা, অসীম নির্যাতন করা",खून खौलना,To feel extreme anger.,HIGH,False,bn-hi
8011,লক্কা পায়রা,পোশাকবিলাসী ব্যক্তি; ফুলবাবু; গর্বিত যুবক,आँखों का काँटा,A person who is disliked or irritating.,HIGH,False,bn-hi
8012,লক্ষ্মণদেবর,ভাতৃজায়ার একান্ত অনুগত আদর্শ দেবর,थक कर चूर होना,To be extremely tired.,HIGH,False,bn-hi
8014,লক্ষ্মণভাই,"আদর্শ ভাতৃভক্ত ভাই যিনি আজীবন রামের ভাই, বন্ধু ও সহায়কের ভূমিকা পালন করেছিলেন",आँखों का काँटा,A person who is disliked or irritating.,HIGH,False,bn-hi
8016,লক্ষ্মণরেখা,নিষিদ্ধ বা বিপদের সীমানা,सांप भी मर जाए और लाठी भी न टूटे,Finding a solution that satisfies all parties without loss.,HIGH,False,bn-hi
8017,লক্ষ্মণের ফল ধরা,বিনাপ্রশ্নে অক্ষরে অক্ষরে আদেশ পালন,सांप भी मर जाए और लाठी भी न टूटे,Finding a solution that satisfies all parties without loss.,HIGH,False,bn-hi
8018,লক্ষ্মী আসতে দুয়ারে আগল,কেউ উপকার করতে চাইছে অথচ উপকৃত কাজে বাধা দিচ্ছে,तिनके का सहारा,A small help in a difficult situation.,HIGH,False,bn-hi
8021,লক্ষ্মীটি,অনুজ স্নেহের পাত্রকে বিশেষ করে অনুরোধ বা সাধ্যসাধনা করতে উক্ত হয়,हाथ जोड़ना,To request humbly.,HIGH,False,bn-hi
8024,লক্ষ্মীপেঁচা,দেখতে কুরূপ কিন্তু সুলক্ষণাযুক্ত,दिल पर पत्थर रखना,To control emotions with difficulty.,HIGH,False,bn-hi
8025,লক্ষ্মীবন্ত,"শান্ত। সুশ্রী, সম্পদশালী, সুলক্ষণাযুক্ত, সৌভাগ্যবান",दिल पर पत्थर रखना,To control emotions with difficulty.,HIGH,False,bn-hi
8026,লক্ষ্মীর ঘরে কালপেঁচা,"কুসন্তান, কুলাঙ্গার",आँखों का काँटा,A person who is disliked or irritating.,HIGH,False,bn-hi
8029,লক্ষ্মীর ঝাঁপি,অফুরন্ত ভান্ডার যে ভান্ডার কখনো শূন্য হয় না,सांप भी मर जाए और लाठी भी न टूटे,Finding a solution that satisfies all parties without loss.,HIGH,False,bn-hi
8030,লক্ষ্মীর পুত্র ভিক্ষা মাগে,ধনী লোক ধনের কাঙাল,आँखों का काँटा,A person who is disliked or irritating.,HIGH,False,bn-hi
8031,লক্ষ্মীর বরপুত্র,অত্যন্ত ধনী ও সৌভাগ্যশালী ব্যক্তি,थक कर चूर होना,To be extremely tired.,HIGH,False,bn-hi
8033,লক্ষ্মীর ভান্ডার,যে ভান্ডার কখনো শূন্য হয় না,सांप भी मर जाए और लाठी भी न टूटे,Finding a solution that satisfies all parties without loss.,HIGH,False,bn-hi
8036,লগি ঠেলা,কষ্ট করে কোনোপ্রকারে আগলে নিয়ে যাওয়া,दिल पर पत्थर रखना,To control emotions with difficulty.,HIGH,False,bn-hi
8039,লঘুগুরু জ্ঞান,"কে ছোট, কে বড় সেই জ্ঞান; বয়ঃকনিষ্ঠ ও বয়োজ্যেষ্ঠের মধ্যে তারতম্য সম্বন্ধে ধারণা বা সেই অনুযায়ী উপযুক্ত আচরণ; কাণ্ডজ্ঞান",आँखों का काँटा,A person who is disliked or irritating.,HIGH,False,bn-hi
8043,লঙ্কাপোড়া,চারিদিকে বিভ্রাট সৃষ্টিকারী ব্যক্তি,आँखों का काँटा,A person who is disliked or irritating.,HIGH,False,bn-hi
8046,লজ্জাবতী লতা,অতি লাজুক মেয়ে,थक कर चूर होना,To be extremely tired.,HIGH,False,bn-hi
8047,লজ্জার মাথা খাওয়া,নির্লজ্জ হওয়া,कान खड़े होना,To become alert.,HIGH,False,bn-hi
8049,লবডঙ্কা,"কিছু না, ফাঁকি; বৃদ্ধাঙ্গুষ্ঠ",पानी सिर से गुजरना,Situation getting out of control.,HIGH,False,bn-hi
8050,লবেজান,"অতি অস্থির, উৎকণ্ঠিত, প্রাণ ওষ্ঠাগত",थक कर चूर होना,To be extremely tired.,HIGH,False,bn-hi
8051,লবেদার,পোষাকী বা ফুলবাবু; অতিরিক্ত সাজগোজে মগ্ন ব্যক্তি,दिल पर पत्थर रखना,To control emotions with difficulty.,HIGH,False,bn-hi
8056,লম্বাকোঁচা নমস্কার,সাড়ম্বরে স্বাগত জানানো,दिल पर पत्थर रखना,To control emotions with difficulty.,HIGH,False,bn-hi
8059,লম্বা দেওয়া,পলায়ন করা,नौ दो ग्यारह होना,To run away quickly.,HIGH,False,bn-hi
8060,লম্বা দৌড়,দীর্ঘপথে একটানা দৌড়,नौ दो ग्यारह होना,To run away quickly.,HIGH,False,bn-hi
8061,লম্বা রেসের ঘোড়া,"দীর্ঘ একটানা পরিশ্রমে অভ্যস্ত, ক্লান্তি নেই বা পিছু পা নয়",सांप भी मर जाए और लाठी भी न टूटे,Finding a solution that satisfies all parties without loss.,HIGH,False,bn-hi
8063,লম্বা লম্পা কথা,অবস্থার অতিরিক্ত বড়মানুষী কথা; অহঙ্কারপূর্ণ কথা; দম্ভোক্তি,छोटा मुँह बड़ी बात,Talking beyond one's status.,HIGH,False,bn-hi
8067,ললিতলবঙ্গলতাপরিশীলনকোমলমলয়সমীর,চারুসুন্দর লবঙ্গলতার অঙ্গস্পর্শকারী মলয়পর্বত হয়ে প্রবাহিত মৃদুমন্দ দখিনাবাতাস,आसमान से गिरा खजूर में अटका,From bad to worse.,HIGH,False,bn-hi
8068,লা ইলাজ,চিকিৎসার বাইরে,छोटा मुँह बड़ी बात,Talking beyond one's status.,HIGH,False,bn-hi
8069,লাওয়ারিস,উত্তরাধিকারী শূন্য,सांप भी मर जाए और लाठी भी न टूटे,Finding a solution that satisfies all parties without loss.,HIGH,False,bn-hi
8070,লাখ কথার এক কথা,অত্যন্ত মূল্যবান কথা; অসংখ্য বাজেকথার মধ্যে একমাত্র কাজের কথা; অতি দামী উক্তি; যুক্তিসঙ্গত কথা; শ্রেষ্ঠ বা সার কথা,थक कर चूर होना,To be extremely tired.,HIGH,False,bn-hi
8073,লাগ-ভেল্কি-লাগ,"অস্বাভাবিক ঘটনাটা ঘটে যাক, এই কামনা",सांप भी मर जाए और लाठी भी न टूटे,Finding a solution that satisfies all parties without loss.,HIGH,False,bn-hi
8074,লাগানিভাঙানি,আড়ালে নিন্দা করা; গোপনে অন্যের নিন্দা করে কারো মন বিগড়ে দেওয়া,आसमान सिर पर उठाना,To create a lot of noise or chaos.,HIGH,False,bn-hi
8076,লাগামছাড়া,"অবাধ, নিয়ন্ত্রণবহির্ভূত",छोटा मुँह बड़ी बात,Talking beyond one's status.,HIGH,False,bn-hi
8077,লাগালাগি,পরস্পরের নিন্দা পরস্পরের কানে তোলা,आसमान से गिरा खजूर में अटका,From bad to worse.,HIGH,False,bn-hi
8078,লাগে তুক না লাগে তাক,কপাল ঠুকে কাজে নামার সম্ভাব্য ফল সম্পর্কে উক্তি,छोटा मुँह बड़ी बात,Talking beyond one's status.,HIGH,False,bn-hi
8081,লাজবাব,নিরুত্তর,सांप भी मर जाए और लाठी भी न टूटे,Finding a solution that satisfies all parties without loss.,HIGH,False,bn-hi
8082,লাজাবন্ধনন্যায়,"সুখভোগের জন্য মানুষ সংসারে আবদ্ধ হয়ে নানা অসুবিধায় সুখভোগও করতে পারে না, আবার সুখের আশাও ছাড়তে পারে না",सांप भी मर जाए और लाठी भी न टूटे,Finding a solution that satisfies all parties without loss.,HIGH,False,bn-hi
8084,লাট করা,ঘেঁটে নষ্ট করা,सिर पर चढ़ाना,To spoil someone with too much affection.,HIGH,False,bn-hi
8086,লাটসাহেব,"চলনেবলনে ও বেশভূষার আত্মম্ভরিতাপূর্ণ ব্যক্তি, মেজাজী লোক",आँखों का काँटा,A person who is disliked or irritating.,HIGH,False,bn-hi
8088,লাটের বাঁট,নিজেকে খুব কেউকেটা ভাবে এমন ব্যক্তি,आँखों का काँटा,A person who is disliked or irritating.,HIGH,False,bn-hi
8090,লাঠ্যৌষধি,লাঠি দিয়ে মেরে সংশোধনের উপায়; তাড়না বা শাসনই ঈপ্সিত ফল লাভের উপায়,दिल पर पत्थर रखना,To control emotions with difficulty.,HIGH,False,bn-hi
8091,লাড্ডু পাকানো,কোন বিষয়ে জটিলতা সৃষ্টি করা,आसमान सिर पर उठाना,To create a lot of noise or chaos.,HIGH,False,bn-hi
8092,লাড়ার মার ভাঁড়া,"যে নারী তার অল্প জিনিসপত্র এধার-ওধার করে, তার ক্ষণস্থায়ী ভান্ডার",आसमान से गिरा खजूर में अटका,From bad to worse.,HIGH,False,bn-hi
8093,লাথিখেকো,অত্যন্ত হেয় বা হীন ব্যক্তি- গালিবিশেষ,थक कर चूर होना,To be extremely tired.,HIGH,False,bn-hi
8094,লাথির ঢেঁকি চড়ে ওঠে না,বদলোক লঘু শাসন মানে না; যার যে স্বভাব তার সাথে সেইরকম আচরণ,आँखों का काँटा,A person who is disliked or irritating.,HIGH,False,bn-hi
8096,লাদাবি,দাবী দাওয়াহীন,सांप भी मर जाए और लाठी भी न टूटे,Finding a solution that satisfies all parties without loss.,HIGH,False,bn-hi
8101,লাভের গুড়,সামান্য পরিমাণের লাভ,तिनके का सहारा,A small help in a difficult situation.,HIGH,False,bn-hi
8109,লালমুখো,"মর্কট, বাঁদর",आँखों का काँटा,A person who is disliked or irritating.,HIGH,False,bn-hi
8111,লাল হয়ে যাওয়া,প্রভূত বিত্তশালী হওয়া,आग बबूला होना,To become extremely angry.,HIGH,False,bn-hi
8114,লিখালিখি,পত্রের মাধ্যমে পরস্পরের মধ্যে বাদানুবাদ; মসীযুদ্ধ,दिल पर पत्थर रखना,To control emotions with difficulty.,HIGH,False,bn-hi
8116,লিখিয়ে-পড়িয়ে,"লেখাপড়া জানা লোক, শিক্ষিত",आँखों का काँटा,A person who is disliked or irritating.,HIGH,False,bn-hi
8117,লিখে ওঠা,লিখে শেষ করা,खून पसीना एक करना,To work extremely hard.,HIGH,False,bn-hi
8120,লীলাখেলা,সারাজীবনকালের কার্যাবলী,छोटा मुँह बड़ी बात,Talking beyond one's status.,HIGH,False,bn-hi
8121,লীলাখেলা,সারাজীবনকালের কার্যাবলী,छोटा मुँह बड़ी बात,Talking beyond one's status.,HIGH,False,bn-hi
8123,লুফে নেওয়া,কথা মুখ থেকে খসার আগেই বক্তব্য বুঝে নেওয়া,नज़रबंद करना,To restrict someone's freedom.,HIGH,False,bn-hi
8124,লেকচার ঝাড়া,বাগাড়ম্বরপূর্ণ বক্তৃতা দেওয়া; গালভরা উপদেশ দেওয়া,हाथ खड़े करना,To give up.,HIGH,False,bn-hi
8131,লেঙ্গটার নেই বাটপাড়ের ভয়,যার কিছু নেই তার হারানোর কিছু ভয় নেই,नाक कटना,To lose respect or honor.,HIGH,False,bn-hi
8132,লেঙ্গি মারা,অকস্মাৎ বিশ্বাসঘাতকতা করা,पीठ पीछे वार करना,To betray someone.,HIGH,False,bn-hi
8136,লেজ কাটা শিয়াল,যে অপদস্থ ব্যক্তি তার লজ্জা লুকাতে চায়; যার মর্যাদা বা সম্মান নষ্ট বা ক্ষুণ্ন হয়েছে,आँखों का काँटा,A person who is disliked or irritating.,HIGH,False,bn-hi
8137,লেজ কাটা শিয়াল,যে অপদস্থ ব্যক্তি তার লজ্জা লুকাতে চায়; যার মর্যাদা বা সম্মান নষ্ট বা ক্ষুণ্ন হয়েছে,आँखों का काँटा,A person who is disliked or irritating.,HIGH,False,bn-hi
8139,লেজ তুলে দেখা,প্রকৃত ব্যাপার বুঝতে চেষ্টা করা,पानी सिर से गुजरना,Situation getting out of control.,HIGH,False,bn-hi
8140,লেজ ধরা,অন্ধভাবে অনুকরণ করা; নির্বিচারে প্রভাব-প্রতিপত্তিশালীদের অনুসরণ করা,सांप भी मर जाए और लाठी भी न टूटे,Finding a solution that satisfies all parties without loss.,HIGH,False,bn-hi
8141,লেজধরা,একান্ত অনুগত; বশীভূত,थक कर चूर होना,To be extremely tired.,HIGH,False,bn-hi
8142,লেজধরা,একান্ত অনুগত; বশীভূত,थक कर चूर होना,To be extremely tired.,HIGH,False,bn-hi
8143,লেজ নাড়া,উৎসুক্য দেখানো,आँखें तरेरना,To show anger.,HIGH,False,bn-hi
8147,লেজামুড়া,আগাগোড়া বিষয়; প্রথম থেকে শেষ পর্যন্ত সবকিছু,आसमान से गिरा खजूर में अटका,From bad to worse.,HIGH,False,bn-hi
8151,লেজুড়বৃত্তি,অনুগামী হওয়া; চামচাগিরি; তালে তাল দেওয়া,दिल पर पत्थर रखना,To control emotions with difficulty.,HIGH,False,bn-hi
8152,লেজে খেলা,চাতুরী করা; কারও সঙ্গে ক্রমাগত চালাকি করা,आँखों में धूल झोंकना,To deceive someone.,HIGH,False,bn-hi
8153,লেজে গোবরে,অক্ষমতা বা অনভিজ্ঞতার কারণে নাজেহাল/বিপর্যস্ত; বিতিকিচ্ছিরি অবস্থা,पानी सिर से गुजरना,Situation getting out of control.,HIGH,False,bn-hi
8154,লেজে পা দেওয়া,ক্রুদ্ধ করা,नाक ऊँची करना,To make proud.,HIGH,False,bn-hi
8155,লেট লতিফ,"যে সবসময়ই দেরি করে, দীর্ঘসূত্রী",आँखों का काँटा,A person who is disliked or irritating.,HIGH,False,bn-hi
8156,লেটা,বামবাহুদক্ষ,दिल पर पत्थर रखना,To control emotions with difficulty.,HIGH,False,bn-hi
8158,লেফাফা দুরস্ত,যিনি বাইরের ঠাট বজায় রেখে চলেন কিন্তু কাজে অঘোরম্ভ,आँखों का काँटा,A person who is disliked or irritating.,HIGH,False,bn-hi
8159,লেবু,"বোকা, ক্যাবলা লোক",आँखों का काँटा,A person who is disliked or irritating.,HIGH,False,bn-hi
8160,লেবু কচলানো,কোন বিষয়ে বাদানুবাদে তিক্ত করা; বাড়াবাড়ি করা; বিরূপ করা,नाक ऊँची करना,To make proud.,HIGH,False,bn-hi
8161,লেবেল আঁটা,নাম ও ঠিকানাযুক্ত টিকিট লাগানো,दिल पर पत्थर रखना,To control emotions with difficulty.,HIGH,False,bn-hi
8162,লেভেল করা,প্লেন করা; সমান তলবিশিষ্ট করা,नाक ऊँची करना,To make proud.,HIGH,False,bn-hi
8163,লেশমাত্র,অত্যল্প/কণা পরিমাণ,तिनके का सहारा,A small help in a difficult situation.,HIGH,False,bn-hi
8166,লোকচক্ষুর অন্তরালে,সাধারণের অজ্ঞাতে,पानी सिर से गुजरना,Situation getting out of control.,HIGH,False,bn-hi
8169,লোকতঃ ধর্মতঃ,সমাজ ও ধর্মের দিক থেকে,आसमान से गिरा खजूर में अटका,From bad to worse.,HIGH,False,bn-hi
8170,লোক দেখানো,"বাহ্যিক, সাধারণের নজরে আছে",दिल जीत लेना,To impress deeply.,HIGH,False,bn-hi
8177,লোকলজ্জা,"জনসাধারণের কাছে লজ্জা, পাছে লোকে কিছু বলে",जुबान फिसलना,To say something unintentionally.,HIGH,False,bn-hi
8179,লোক হাসানো,সাধারণের উপহাসের পাত্র হওয়া,कान खड़े होना,To become alert.,HIGH,False,bn-hi
8184,লোহার কার্তিক,কালো কুৎসিত কঠিন অঙ্গের লোক,दिल पर पत्थर रखना,To control emotions with difficulty.,HIGH,False,bn-hi
8187,ল্যাঙবোট,বিদ্রুপে অনাশ্রিত অনুচর; অনুসরণকারী; নিত্যসঙ্গী; পার্শ্বচর; নির্ভরশীল নিত্যসঙ্গী,आँखों का काँटा,A person who is disliked or irritating.,HIGH,False,bn-hi
8192,শ-কার ব-কার,শ-কারাদ্য ও ব-কারাদ্য শব্দযোগে অশ্লীল গালি,दिल पर पत्थर रखना,To control emotions with difficulty.,HIGH,False,bn-hi
8193,শকুনিমামা,কুচক্রী/কুটবুদ্ধিসম্পন্ন; কুটবুদ্ধিদাতা ব্যক্তি; লোভী; সর্বদা নীচুমনা,आँखों का काँटा,A person who is disliked or irritating.,HIGH,False,bn-hi
8194,শকুনিমামার পরামর্শ,দুষ্ট-আত্মীয়ের কুমন্ত্রণা,आसमान से गिरा खजूर में अटका,From bad to worse.,HIGH,False,bn-hi
8196,শক্ত ঘাঁটি,"জবরদস্ত লোক, যার কাছ থেকে নিস্কৃতি পাওয়া কঠিন বা যাকে সহজে বাগে আনা যায় না",आँखों का काँटा,A person who is disliked or irritating.,HIGH,False,bn-hi
8197,শক্তঘানি,"কঠিন/জবরদস্ত লোক, যে ব্যক্তি নির্মমভাবে কাজ আদায় করে নেয়",आँखों का काँटा,A person who is disliked or irritating.,HIGH,False,bn-hi
8200,শঠে শঠে ব্যবহার,শঠলোকের সঙ্গে শঠতা করার নীতি,दिल पर पत्थर रखना,To control emotions with difficulty.,HIGH,False,bn-hi
8203,শতছিন্ন,ছিন্ন-বিচ্ছিন্ন; জরাজীর্ণ,पानी सिर से गुजरना,Situation getting out of control.,HIGH,False,bn-hi
8204,শতমারী,বহু রোগীবধকারী চিকিৎসক; হাতুড়ে বৈদ্য,आँखों का काँटा,A person who is disliked or irritating.,HIGH,False,bn-hi
8205,শতমুখ,উচ্ছ্বাসের সঙ্গে বারংবার কথা বলে এমন,दिल पर पत्थर रखना,To control emotions with difficulty.,HIGH,False,bn-hi
8206,শতেকখাকি,যে নারী বহুস্বজনের মাথা খেয়েছে অর্থাৎ মৃত্যু দেখেছে,आँखों का काँटा,A person who is disliked or irritating.,HIGH,False,bn-hi
8207,শত্রুমিত্র,আত্মপর; পক্ষ ও বিপক্ষ,छोटा मुँह बड़ी बात,Talking beyond one's status.,HIGH,False,bn-hi
8208,শত্রুর মুখে ছাই,কুদৃষ্টি এড়ানোর তুক; অনিষ্টকারী শত্রুর ইচ্ছা অপূর্ণ থাকবার প্রার্থনা; মূলতঃ সন্তানের প্রতি কুদৃষ্টিপাতকারীদের প্রতি অমঙ্গল কামনা করে সন্তানের স্বাস্থ্য কামনা করার মেয়েলি প্রথা,आँखों का काँटा,A person who is disliked or irritating.,HIGH,False,bn-hi
8209,শনি,অনিষ্টকারী ব্যক্তি; শত্রু,आँखों का काँटा,A person who is disliked or irritating.,HIGH,False,bn-hi
8210,শনিবারের মড়া,শনিবারে মৃতব্যক্তির শব যে দোষ পেয়ে অন্যের মৃত্যুর কারণ হয়,आँखों का काँटा,A person who is disliked or irritating.,HIGH,False,bn-hi
8212,শনৈঃশনৈঃ,"ক্রমধারাভাবার্থে- দ্বিত্বশব্দ; অল্পে অল্পে, ক্রমে ক্রমে",ऊँट के मुँह में जीरा,Too little for need.,HIGH,False,bn-hi
8214,শম্বুকগতি,অতি ধীরগতি; দীর্ঘসূত্রতা,थक कर चूर होना,To be extremely tired.,HIGH,False,bn-hi
8217,শয়তানের হাঁড়ি,একনম্বর/চুড়ান্ত শয়তান,खून खौलना,To feel extreme anger.,HIGH,False,bn-hi
8219,শরীর পাত করা,কঠোর পরিশ্রমে শরীর ক্ষয় করা,पानी सिर से गुजरना,Situation getting out of control.,HIGH,False,bn-hi
8220,শরীর পাত করা,কঠোর পরিশ্রমে শরীর ক্ষয় করা,पानी सिर से गुजरना,Situation getting out of control.,HIGH,False,bn-hi
8223,শর্মা,স্বয়ং; ব্যক্তিবিশেষ,आँखों का काँटा,A person who is disliked or irritating.,HIGH,False,bn-hi
8224,শশব্যস্ত,"অত্যন্ত উদ্বিগ্ন; অতিত্বরান্বিত; অতিব্যস্ত, অতিব্যাকুল",थक कर चूर होना,To be extremely tired.,HIGH,False,bn-hi
8225,শস্তার তিন অবস্থা,শস্তার জিনিস নানাদিক থেকে খারাপ হয়,सांप भी मर जाए और लाठी भी न टूटे,Finding a solution that satisfies all parties without loss.,HIGH,False,bn-hi
8229,শাক দিয়ে মাছ ঢাকা,গুরুতর অপরাধ সামান্য উপায়ে বা সহজে ঢাকার চেষ্টা; যা লুকানো যায় না তা লুকাবার আপ্রাণ চেষ্টা; যা জানাজানি হয়ে গেছে তা নানাকথায় ভুলিয়ে ঢাকা দেবার ব্যর্থ প্রয়াস,सांप भी मर जाए और लाठी भी न टूटे,Finding a solution that satisfies all parties without loss.,HIGH,False,bn-hi
8233,শানাইয়ের পোঁ,একজন কিছু বললে ঠিক বা বেঠিক হোক তাতে সায় দিয়ে যাওয়া,दिल पर पत्थर रखना,To control emotions with difficulty.,HIGH,False,bn-hi
8234,শান্তশিষ্ট লেজবিশিষ্ট,"অতিভদ্র ছেলে, কিন্তু পিতামাতার আদর পেয়ে বাঁদর হয়েছে",आग बबूला होना,To become extremely angry.,HIGH,False,bn-hi
8236,শাপে বর,অনিষ্ট থেকে ইষ্ট লাভ; অকল্যাণ হতে কল্যাণ,आसमान से गिरा खजूर में अटका,From bad to worse.,HIGH,False,bn-hi
8237,শামুক দিয়ে পুকুর সেঁচা,অল্প পরিশ্রমে বিরাট কাজ; অসম্ভব কাজ করার প্রয়াস; ক্ষুদ্র উপায়ে বৃহৎ কার্যসাধন,दिल पर पत्थर रखना,To control emotions with difficulty.,HIGH,False,bn-hi
8238,শাল,"অতি করুণ দুঃখ-বেদনা, যন্ত্রণা, শাস্তি",खून खौलना,To feel extreme anger.,HIGH,False,bn-hi
8240,শালগ্রামের শোয়া-বসা,কোন পার্থক্য নেই; সব অবস্থাতেই সমান অবস্থান; বিশেষত্ববিহীন,सांप भी मर जाए और लाठी भी न टूटे,Finding a solution that satisfies all parties without loss.,HIGH,False,bn-hi
8245,শিং ভেঙে বাছুরের দলে,বয়স্ক হওয়া সত্ত্বেও আত্মমর্যাদা নষ্ট করে তরুণদের সঙ্গে মেশা,दिल पर पत्थर रखना,To control emotions with difficulty.,HIGH,False,bn-hi
8246,শিকড় গাড়া,কায়েমীভাবে অধিকার করে বসা; কোথাও পাকাপাকিভাবে অবস্থান করা,पाँव जमाना,To establish oneself.,HIGH,False,bn-hi
8247,শিকড়ের টান,জন্মভূমির প্রতি টান,छोटा मुँह बड़ी बात,Talking beyond one's status.,HIGH,False,bn-hi
8248,শিকলকাটা টিয়ে,যে সব মায়া ত্যাগ করে চলে যায়,सांप भी मर जाए और लाठी भी न टूटे,Finding a solution that satisfies all parties without loss.,HIGH,False,bn-hi
8250,শিকেয় ওঠা,স্থগিত থাকা,दिल में गाँठ पड़ना,To hold grudges.,HIGH,False,bn-hi
8260,শিবের অসাধ্য,কোনভাবেই করা সম্ভব নয়; সর্বতোভাবে অসাধ্য এবং অসম্ভব এমন কাজ,सांप भी मर जाए और लाठी भी न टूटे,Finding a solution that satisfies all parties without loss.,HIGH,False,bn-hi
8263,শিমুল গাছে গা ঘষা,এমন কাজ করা যাতে নিজের ক্ষতি হয়,सांप भी मर जाए और लाठी भी न टूटे,Finding a solution that satisfies all parties without loss.,HIGH,False,bn-hi
8264,শিমুলফুল,রূপসর্বস্ব; গুণহীন সুন্দরব্যক্তি,सांप भी मर जाए और लाठी भी न टूटे,Finding a solution that satisfies all parties without loss.,HIGH,False,bn-hi
8266,শিয়াল,স্বার্থান্বেষী ধূর্তব্যক্তি,आँखों का काँटा,A person who is disliked or irritating.,HIGH,False,bn-hi
8267,শিয়ালপণ্ডিত,পণ্ডিতাভিমানী মুর্খ; মূর্খ অথচ খুব চতুর,आँखों का काँटा,A person who is disliked or irritating.,HIGH,False,bn-hi
8269,শিয়ালের যুক্তি,অকেজো বা অসম্ভব যুক্তি; যে যুক্তি পালন করা অসম্ভব জেনেও গৃহীত বা প্রদত্ত হয়,सांप भी मर जाए और लाठी भी न टूटे,Finding a solution that satisfies all parties without loss.,HIGH,False,bn-hi
8270,শিরদাঁড়া খাড়া রাখা,নির্ভীকচরিত্র; প্রবলের চাপে নতজানু না হওয়া,आसमान से गिरा खजूर में अटका,From bad to worse.,HIGH,False,bn-hi
8271,শিরদাঁড়াতে ঠাণ্ডাস্রোত বয়ে যাওয়া,কোন কিছুর ভয়ে আতঙ্কগ্রস্ত হওয়া,खून खौलना,To feel extreme anger.,HIGH,False,bn-hi
8274,শিরে বজ্রাঘাত,আকস্মিকভাবে প্রাপ্ত বিরাট আঘাত,रातों-रात बदल जाना,Sudden change.,HIGH,False,bn-hi
8277,শিরোধার্য,অবশ্য পালনীয়,सांप भी मर जाए और लाठी भी न टूटे,Finding a solution that satisfies all parties without loss.,HIGH,False,bn-hi
8278,শিরোধার্য্য,শ্রদ্ধার সঙ্গে গ্রহণীয়,नाक कटना,To lose respect or honor.,HIGH,False,bn-hi
8282,শুঁড়ির সাক্ষী মাতাল,অসৎব্যক্তি কেবল অসৎব্যক্তিকেই সমর্থন করে; দুষ্টের সাহায্যকারী দুষ্টলোক; মন্দের পক্ষে মন্দ; স্বার্থের সম্পর্ক,आसमान से गिरा खजूर में अटका,From bad to worse.,HIGH,False,bn-hi
8289,শুম্ভ-নিশুম্ভের লড়াই,যে লড়াইয়ে উভয়ে নাশ হয়,सांप भी मर जाए और लाठी भी न टूटे,Finding a solution that satisfies all parties without loss.,HIGH,False,bn-hi
8291,শুয়োরের গোঁ,"গোয়ার্তুমি, ভীষণ জেদ",खून खौलना,To feel extreme anger.,HIGH,False,bn-hi
8294,শূন্যপাণি,কোনো লাভ বা ফলাফল ছাড়াই ফিরে আসা,सांप भी मर जाए और लाठी भी न टूटे,Finding a solution that satisfies all parties without loss.,HIGH,False,bn-hi
8296,শূলে চড়ানো,সব দোষের ভাগীদার করা,सांप भी मर जाए और लाठी भी न टूटे,Finding a solution that satisfies all parties without loss.,HIGH,False,bn-hi
8297,শেওড়াগাছের পেত্নী,অতি কুৎসিতদর্শনা নারী,थक कर चूर होना,To be extremely tired.,HIGH,False,bn-hi
8298,শেওড়াতলার চক্রবর্তী,অক্ষম অপদার্থ ব্যক্তি,आँखों का काँटा,A person who is disliked or irritating.,HIGH,False,bn-hi
8299,শেয়াল কাঁটা,নাছোড়বান্দা লোক,आँखों का काँटा,A person who is disliked or irritating.,HIGH,False,bn-hi
8300,শেয়ানা পাগল,পাগলামির ভান করে কিন্তু নিজের স্বার্থসম্পর্কে খুব সচেতন,छोटा मुँह बड़ी बात,Talking beyond one's status.,HIGH,False,bn-hi
8301,শেষ কথা,আলোচনার ইতি; এর পর আর বলার কিছু নেই,कलेजा ठंडा होना,To feel satisfied after revenge.,HIGH,False,bn-hi
8304,শেষমেষ,অবশেষে; সবকিছুর পরে,कलेजा ठंडा होना,To feel satisfied after revenge.,HIGH,False,bn-hi
8305,শেষরক্ষা,কোনমতে সম্মান বাঁচানো,छोटा मुँह बड़ी बात,Talking beyond one's status.,HIGH,False,bn-hi
8309,শোনা কথা,লোকের মুখ থেকে শোনা কিন্তু সত্য কি না জানা যায়নি,आसमान से गिरा खजूर में अटका,From bad to worse.,HIGH,False,bn-hi
8315,শ্যামের খুঁটি,দৃঢ়কায় হৃষ্টপুষ্ট বলিষ্ঠ লোক,आँखों का काँटा,A person who is disliked or irritating.,HIGH,False,bn-hi
8316,শ্যেনদৃষ্টি,বাজপাখির মতো তীক্ষ্ণদৃষ্টি,सांप भी मर जाए और लाठी भी न टूटे,Finding a solution that satisfies all parties without loss.,HIGH,False,bn-hi
8318,শ্বশুরবাড়ি,আরামের স্থান- কারাগার যেহেতু বিনা পয়সায় আহার পাওয়া যায়,सांप भी मर जाए और लाठी भी न टूटे,Finding a solution that satisfies all parties without loss.,HIGH,False,bn-hi
8320,শ্বেতহস্তী পোষা,অপ্রয়োজনে কর্মচারী নিয়োগ; যার পিছনে বিপুল ব্যয় হয়; যা পোষণ করতে সর্বস্বান্ত হতে হয়,सांप भी मर जाए और लाठी भी न टूटे,Finding a solution that satisfies all parties without loss.,HIGH,False,bn-hi
8322,শ্রাদ্ধ করা,মৃত্যু ঘটিয়ে প্রেতকৃত পর্যন্ত সম্পন্ন করা- গালিবিশেষ,सांप भी मर जाए और लाठी भी न टूटे,Finding a solution that satisfies all parties without loss.,HIGH,False,bn-hi
8323,শ্রাদ্ধ গড়ানো,অবাঞ্ছিত ব্যাপার দীর্ঘস্থায়ী হওয়া; সংঘাত চূড়ান্ত পর্যায়ে ওঠা,पानी सिर से गुजरना,Situation getting out of control.,HIGH,False,bn-hi
8332,শ্রীচরণকমল,পূজ্যব্যক্তি বা গুরুজনের চরণ,आँखों का काँटा,A person who is disliked or irritating.,HIGH,False,bn-hi
8334,ষট্কর্ণ,বক্তা ও শ্রোতাছাড়া তৃতীয়ব্যক্তির কান,आँखों का काँटा,A person who is disliked or irritating.,HIGH,False,bn-hi
8335,ষট্কর্ণে মন্ত্রভেদ,ছয়কান হলে মন্ত্রণা গোপন থাকে না,कान पकड़ना,To promise not to repeat a mistake.,HIGH,False,bn-hi
8336,ষড়যন্ত্র,"কুমন্ত্রণা; ক্ষতিকর পরিকল্পনা; তন্ত্র সাধনায় ছয়টি প্রক্রিয়া: মারণ, মোহন, স্তম্ভন, বিদ্বেষণ, উচাটন ও বশীকরণ; লক্ষ্য: নিজের স্বার্থ চরিতার্থ করা এবং অন্যের ক্ষতি সাধন",आसमान से गिरा खजूर में अटका,From bad to worse.,HIGH,False,bn-hi
8338,ষণ্ডামার্কা,গুন্ডাপ্রকৃতির লোক; ষাঁড়ের মত গোঁয়ার,आँखों का काँटा,A person who is disliked or irritating.,HIGH,False,bn-hi
8341,ষাঁড়,"গোঁয়ারগোবিন্দ, স্বেচ্ছাচারী উদ্ধত ব্যক্তি",आँखों का काँटा,A person who is disliked or irritating.,HIGH,False,bn-hi
8345,ষাঁড়ের গোবর,অপদার্থ; অযোগ্য ব্যক্তি,आँखों का काँटा,A person who is disliked or irritating.,HIGH,False,bn-hi
8350,ষেটের বাছা ষষ্টীদাস,মা ষষ্ঠীর কৃপাধন্য অপদার্থ ব্যক্তি,आँखों का काँटा,A person who is disliked or irritating.,HIGH,False,bn-hi
8351,ষোড়শোপচার,অতি সম্মানসহকারে অতিথি স্বাগত জানানো বা পূর্ণ সম্মান প্রদান,नाक कटना,To lose respect or honor.,HIGH,False,bn-hi
8353,ষোল আনা উসুল,পুরোটাই আদায়,पानी सिर से गुजरना,Situation getting out of control.,HIGH,False,bn-hi
8354,ষোল আনা বাজিয়ে নেওয়া,সবদিক দিয়ে যাচাই করা,सांप भी मर जाए और लाठी भी न टूटे,Finding a solution that satisfies all parties without loss.,HIGH,False,bn-hi
8359,ষোলকলা পূর্ণ,বিদ্রুপে সব বদগুণের অধিকারী,सांप भी मर जाए और लाठी भी न टूटे,Finding a solution that satisfies all parties without loss.,HIGH,False,bn-hi
8362,সংসারধর্ম,পুরুষের গার্হস্থ্যজীবন- স্ত্রী-পুত্র নিয়ে লোকালয়ে বসবাস করা,दिल पर पत्थर रखना,To control emotions with difficulty.,HIGH,False,bn-hi
8363,সংসার পাতা,পুরুষের বিয়ে করে ঘরকন্না শুরু করা,पानी सिर से गुजरना,Situation getting out of control.,HIGH,False,bn-hi
8364,সংসারবন্ধন,পুরুষের পক্ষে স্ত্রীপুত্র সম্বলিত পার্থিব জগতের আকর্ষণ; মায়াময় জীবনের বন্ধন,आसमान से गिरा खजूर में अटका,From bad to worse.,HIGH,False,bn-hi
8366,সংসারী,অত্যন্ত হিসাবি লোক,थक कर चूर होना,To be extremely tired.,HIGH,False,bn-hi
8369,সকল গুণের গুণমণি,বিদ্রুপে নির্গুণ,सांप भी मर जाए और लाठी भी न टूटे,Finding a solution that satisfies all parties without loss.,HIGH,False,bn-hi
8370,সকাল সকাল,"অবিলম্বে, তাড়াতাড়ি",सांप भी मर जाए और लाठी भी न टूटे,Finding a solution that satisfies all parties without loss.,HIGH,False,bn-hi
8374,সঙ্গদোষ,কুসঙ্গের দোষ,आसमान से गिरा खजूर में अटका,From bad to worse.,HIGH,False,bn-hi
8375,সঙ্গে সঙ্গে,সর্বদা সঙ্গে,छोटा मुँह बड़ी बात,Talking beyond one's status.,HIGH,False,bn-hi
8377,সড় করা,ষড়যন্ত্র করা; গোপনে মিল/যোগ থাকা; গুপ্তসন্ধি থাকা,दिल में चिंगारी होना,To have passion.,HIGH,False,bn-hi
8380,সৎসাহস,ন্যায্য কথা বলার বা উচিতকাজ করার সাহস,कान में कहना,To speak secretly.,HIGH,False,bn-hi
8383,সত্যবাদী যুধিষ্টির,সত্যবাদী বলে পরিচিত কিন্তু আসলে মিথ্যাবাদী ব্যক্তির প্রতি ব্যঙ্গোক্তি,आँखों का काँटा,A person who is disliked or irritating.,HIGH,False,bn-hi
8384,সত্য সত্য সত্য,অতি সত্য; খুব ঠিক; নিঃসন্দেহ,थक कर चूर होना,To be extremely tired.,HIGH,False,bn-hi
8389,সনির্বন্ধ,"অতিশয় আগ্রহযুক্ত/মিনতিপূর্ণ, সানুনয়",थक कर चूर होना,To be extremely tired.,HIGH,False,bn-hi
8391,সন্দেশের খোসা ফেলে খাওয়া,খুঁতখুঁতানি,सांप भी मर जाए और लाठी भी न टूटे,Finding a solution that satisfies all parties without loss.,HIGH,False,bn-hi
8393,সন্ধ্যাপ্রদীপ,যা অল্পকালের জন্য থাকে বা সাময়িক,सांप भी मर जाए और लाठी भी न टूटे,Finding a solution that satisfies all parties without loss.,HIGH,False,bn-hi
8394,সন্নিপাতের তৃষ্ণা,যে তৃষ্ণা কিছুতেই মেটে না; যে তৃষ্ণা মৃত্যু ডেকে আনে,सांप भी मर जाए और लाठी भी न टूटे,Finding a solution that satisfies all parties without loss.,HIGH,False,bn-hi
8398,সপ্তমে চড়া,"উচ্চস্বরে, প্রচণ্ড উত্তেজনা",दिल पर पत्थर रखना,To control emotions with difficulty.,HIGH,False,bn-hi
8399,সফরীর ফরফরানি,অল্পজ্ঞানীর বিদ্যা জাহির,दिल पर पत्थर रखना,To control emotions with difficulty.,HIGH,False,bn-hi
8401,সব কাজের কেষ্টা,সব কাজ একটু একটু জানে,ऊँट के मुँह में जीरा,Too little for need.,HIGH,False,bn-hi
8402,সবজান্তা,ব্যঙ্গার্থে- কিছু জানে না তবু জানার ভান করে এমন; আসলে সব একটু একটু জানে কিন্তু কিছুই ভালোভাবে জানে না,आँखों का काँटा,A person who is disliked or irritating.,HIGH,False,bn-hi
8406,সব হাটের হেঁটো,সবজান্তা ধরনের লোক যে সব যায়গার খবর রাখে,आँखों का काँटा,A person who is disliked or irritating.,HIGH,False,bn-hi
8415,সব্যসাচী,উভয় হাতই সমানভাবে চলে এবং সমান দক্ষ,दिल पर पत्थर रखना,To control emotions with difficulty.,HIGH,False,bn-hi
8416,সব্বাই,ঝোঁকযুক্ত সবাই,दिल पर पत्थर रखना,To control emotions with difficulty.,HIGH,False,bn-hi
8417,সভ্যতাভিমানী,ভদ্র ও মার্জিত বলে গর্বকারী,आँखों का काँटा,A person who is disliked or irritating.,HIGH,False,bn-hi
8420,সময়ের একফোঁড় অসময়ের দশফোঁড়,সময়মত কাজ না করলে পরে কষ্টসাধ্য হয়,कान पकड़ना,To promise not to repeat a mistake.,HIGH,False,bn-hi
8422,সমুদ্রে পাদ্য অর্ঘ্য,"অকিঞ্চিতকর, গণনার মধ্যেই আসে না",कान पकड़ना,To promise not to repeat a mistake.,HIGH,False,bn-hi
8426,সরফরাজি,"ব্যঙ্গে অনাধিকার কর্তাগিরি, ফোঁপরদালালি, মাতব্বরি, মোড়লি",सांप भी मर जाए और लाठी भी न टूटे,Finding a solution that satisfies all parties without loss.,HIGH,False,bn-hi
8430,সরাসরি,কোনো মধ্যস্থের সাহায্য না নিয়ে সোজাসুজি,सांप भी मर जाए और लाठी भी न टूटे,Finding a solution that satisfies all parties without loss.,HIGH,False,bn-hi
8432,সরে পড়া,পলায়ন করা,बाल-बाल बचना,To narrowly escape danger.,HIGH,False,bn-hi
8433,সরে যাওয়া,সঙ্গছাড়া হওয়া,छोटा मुँह बड़ी बात,Talking beyond one's status.,HIGH,False,bn-hi
8439,সর্বভূত,বিশ্বব্রহ্মাণ্ডে যত জীব প্রাণী আছে সব প্রাণী,सांप भी मर जाए और लाठी भी न टूटे,Finding a solution that satisfies all parties without loss.,HIGH,False,bn-hi
8440,সর্বাত্যন্তং মঘর্হিতম্,অতিশয় কিছু ভালো নয়; বেশি বাড়াবাড়ি করা দোষনীয়,कान पकड़ना,To promise not to repeat a mistake.,HIGH,False,bn-hi
8441,সর্বেসর্বা,"সকলের ও সবকিছুর প্রধান, সর্বময় কর্তা",सांप भी मर जाए और लाठी भी न टूटे,Finding a solution that satisfies all parties without loss.,HIGH,False,bn-hi
8442,সর্ষে ফুল দেখা,অন্ধকার দেখা; বিপদে দিশেহারা হওয়া,कान खड़े होना,To become alert.,HIGH,False,bn-hi
8448,সশরীরে,স্বয়ং,आँखों का काँटा,A person who is disliked or irritating.,HIGH,False,bn-hi
8449,সসেমিরা,"প্রতিকারহীন অবস্থা; বাকস্ফূর্তিহীন অবস্থা, বাহ্যজ্ঞানশূন্য; সঙ্কটপূর্ণ অবস্থা",पानी सिर से गुजरना,Situation getting out of control.,HIGH,False,bn-hi
8451,সস্তার তিন অবস্থা,সস্তার জিনিস খেলো নকল ও নিরেস হয়; সস্তার জিনিস বেশিদিন টেকে না,पानी सिर से गुजरना,Situation getting out of control.,HIGH,False,bn-hi
8452,সহজসরল,জটিলতাশূন্য; সরল ও সহজবোধ্য,आसमान से गिरा खजूर में अटका,From bad to worse.,HIGH,False,bn-hi
8458,সাঁড়াশী আক্রমণ,উভয়দিক থেকে আক্রমণ,आसमान से गिरा खजूर में अटका,From bad to worse.,HIGH,False,bn-hi
8459,সাঁতার জল,গভীর জল; এত জল যে সাঁতরে পার হতে হয়,सांप भी मर जाए और लाठी भी न टूटे,Finding a solution that satisfies all parties without loss.,HIGH,False,bn-hi
8460,সাক্ষাৎ,মূর্তিমান,आँखों का काँटा,A person who is disliked or irritating.,HIGH,False,bn-hi
8461,সাক্ষীগোপাল,যে ব্যক্তি স্বয়ং নিষ্ক্রিয় থেকে অন্যের কার্যকলাপ লক্ষ করে; ঘটনা দেখে অথচ পুতুলের মতো নিষ্ক্রিয় ব্যক্তি; নিস্ক্রীয় দর্শক; ব্যক্তিত্বহীন পুরুষ,आँखों का काँटा,A person who is disliked or irritating.,HIGH,False,bn-hi
8463,সাগরসেঁচা মাণিক,অতি মূল্যবান জিনিস; বহুযত্নলব্ধ বস্তু; মহামূল্যবান রত্ন,थक कर चूर होना,To be extremely tired.,HIGH,False,bn-hi
8465,সাঙ্গোপাঙ্গ,অঙ্গপ্রত্যঙ্গ সহ বর্তমান,सांप भी मर जाए और लाठी भी न टूटे,Finding a solution that satisfies all parties without loss.,HIGH,False,bn-hi
8466,সাঙ্গপাঙ্গ,"অনুবর্তীগণ, স্বপক্ষীয় লোকজন",छोटा मुँह बड़ी बात,Talking beyond one's status.,HIGH,False,bn-hi
8470,সাজের লাঠি,দেখার বস্তু কাজের নয়,कान पकड़ना,To promise not to repeat a mistake.,HIGH,False,bn-hi
8471,সাজো সাজো রব,দ্রুত প্রস্তুত হওয়ার আহ্বান,दिमाग खराब होना,To get irritated.,HIGH,False,bn-hi
8473,সাড়ে চুয়াত্তোর,প্রাপক ভিন্ন অন্যের পত্র খোলার বিষয়ে নিষেধার্থক চিহ্ন বা সঙ্কেত,सांप भी मर जाए और लाठी भी न टूटे,Finding a solution that satisfies all parties without loss.,HIGH,False,bn-hi
8476,সাত কথা শোনানো,অনেক কটু কথা বলা,जुबान फिसलना,To say something unintentionally.,HIGH,False,bn-hi
8477,সাত কথার এক কথা,অনেক আজেবাজে কথার মধ্যে একটি কাজের কথা বা সার কথা,आसमान सिर पर उठाना,To create a lot of noise or chaos.,HIGH,False,bn-hi
8481,সাতখুন মাপ,"অত্যধিক প্রশ্রয়; বহু গুরুত্বপূর্ণ অপরাধের জন্য কোনো শাস্তি না দেওয়া, সমস্ত অপরাধ বরদাস্ত করা; সবদোষ থেকে অব্যাহতি",सांप भी मर जाए और लाठी भी न टूटे,Finding a solution that satisfies all parties without loss.,HIGH,False,bn-hi
8482,সাতগেঁয়ের কাছে মামদোবাজী,বেশী চালাকের কাছে অল্প চালাকের নিস্ফল চাতুরী,आँखों का काँटा,A person who is disliked or irritating.,HIGH,False,bn-hi
8483,সাতঘাটের কড়ি,অনেক অভিজ্ঞতাসম্পন্ন ব্যক্তি,दिल पर पत्थर रखना,To control emotions with difficulty.,HIGH,False,bn-hi
8488,সাত চড়ে রা কাড়ে না,"অত্যন্ত নিরীহ প্রকৃতির লোক, যে সমস্ত নির্যাতন নীরবে সহ্য করে",आँखों का काँटा,A person who is disliked or irritating.,HIGH,False,bn-hi
8495,সাত রাজার ধন মাণিক,অতি আদরের সন্তান,थक कर चूर होना,To be extremely tired.,HIGH,False,bn-hi
8497,সাত সতীনের ঘর,"কলহপূর্ণ সংসা; হিংসা, দ্বেষ, কলহের স্থান",दिल पर पत्थर रखना,To control emotions with difficulty.,HIGH,False,bn-hi
8500,সাতহাটের কানাকড়ি,"বিবিধ, নানাকথা",आसमान से गिरा खजूर में अटका,From bad to worse.,HIGH,False,bn-hi
8502,সাতেও না পাঁচেও না,"চরম উদাসীন, কোন কিছুতেই নেই, কোন ঝুটঝামেলায় নেই",पानी सिर से गुजरना,Situation getting out of control.,HIGH,False,bn-hi
8503,সাতেও হ্যাঁ পাঁচেও হ্যাঁ,পরম আগ্রহ; সববিষয়ে সম্মতি; সব কিছুতেই আছে,खून खौलना,To feel extreme anger.,HIGH,False,bn-hi
8504,"সাদাকে কালো, কালোকে সাদা করা",লাগামাছাড়া বা বেপরোয়া মিথ্যা কথা বলা; সত্যকে মিথ্যা বানানো; যা নয় তাই বলা বা করা,सांप भी मर जाए और लाठी भी न टूटे,Finding a solution that satisfies all parties without loss.,HIGH,False,bn-hi
8505,"সাদাকে সাদা, কালোকে কালো বলা",স্পষ্ট কথা স্পষ্টভাবে বলা; সহজ সরল সত্যকথা বলা,सांप भी मर जाए और लाठी भी न टूटे,Finding a solution that satisfies all parties without loss.,HIGH,False,bn-hi
8514,সাধুসঙ্গ,সৎলোকের সঙ্গতি,दिल पर पत्थर रखना,To control emotions with difficulty.,HIGH,False,bn-hi
8518,সানকির ওপর বজ্রাঘাত,"নগণ্যের ওপর বিরাট আঘাত, চরম সংকট, ভীষণ বিপদ, বিপদে দিশেহারা",खून खौलना,To feel extreme anger.,HIGH,False,bn-hi
8520,সাপও মরে লাঠিও না ভাঙে,বিনাক্ষতিতে কঠিন কার্যসিদ্ধি; দুইদিক বজায় থাকা বা রাখা; বিপদ এড়িয়ে কার্যসিদ্ধি করা,तिनके का सहारा,A small help in a difficult situation.,HIGH,False,bn-hi
8521,সাপকে পোষ মানানো,শত্রুকে নিয়ন্ত্রণে রাখা,दिल पर पत्थर रखना,To control emotions with difficulty.,HIGH,False,bn-hi
8526,সাপের পাঁচ-পা,"অস্তিত্বহীন বস্তু, যা হয় না",सांप भी मर जाए और लाठी भी न टूटे,Finding a solution that satisfies all parties without loss.,HIGH,False,bn-hi
8527,সাপের পাঁচ পা দেখা,অত্যধিক স্পর্ধায় অসম্ভবকে সম্ভব মনে করা; অসম্ভব বাড়াবাড়ি করা; প্রচণ্ড অহংকারী হওয়া,थक कर चूर होना,To be extremely tired.,HIGH,False,bn-hi
8529,সাপের হাঁচি,দুর্জনের অভিসন্ধি,आँखों का काँटा,A person who is disliked or irritating.,HIGH,False,bn-hi
8530,সাপের হাঁচি বেদেয় চেনে,অভিজ্ঞচোখকে ফাঁকি দেওয়া সম্ভব নয়; দুষ্টলোকের গতিবিধি বুদ্ধিমান ব্যক্তির বুঝতে অসুবিধা হয় না,आँखों में धूल झोंकना,To deceive someone.,HIGH,False,bn-hi
8531,সাপের হাঁচি বেদেয় চেনে,অভিজ্ঞচোখকে ফাঁকি দেওয়া সম্ভব নয়; দুষ্টলোকের গতিবিধি বুদ্ধিমান ব্যক্তির বুঝতে অসুবিধা হয় না,आँखों में धूल झोंकना,To deceive someone.,HIGH,False,bn-hi
8534,সাফাই গাওয়া,নির্দোষিতা প্রমাণের জন্য যুক্তি দেখানো,छोटा मुँह बड़ी बात,Talking beyond one's status.,HIGH,False,bn-hi
8537,সামনাসামনি,"সম্মুখবর্তী, সমক্ষে",मुँह की खाना,To face defeat.,HIGH,False,bn-hi
8541,সাষ্টাঙ্গ প্রণাম,সম্পূর্ণ সমর্পণ ও গভীর সম্মান প্রকাশকারী প্রণতি,नाक कटना,To lose respect or honor.,HIGH,False,bn-hi
8542,সিঁদুরে মেঘ,"রক্তবর্ণ বা রাঙা মেঘ, যা ঝড়ের ইঙ্গিত দেয়; বিপদের আশঙ্কা",सांप भी मर जाए और लाठी भी न टूटे,Finding a solution that satisfies all parties without loss.,HIGH,False,bn-hi
8543,সিংহচর্মাবৃত গর্ধভ,চালাকের বেশে আহাম্মক,आँखों का काँटा,A person who is disliked or irritating.,HIGH,False,bn-hi
8544,সিংহভাগ,বেশির ভাগ বা প্রায় সবটা,सांप भी मर जाए और लाठी भी न टूटे,Finding a solution that satisfies all parties without loss.,HIGH,False,bn-hi
8546,সিংহাবলোকন ন্যায়,কোনো কাজে এগিয়ে যাওয়ার আগে অগ্র-পশ্চাৎ বিবেচনা করার নীতি,दिल पर पत्थर रखना,To control emotions with difficulty.,HIGH,False,bn-hi
8548,সিদ্ধপুরুষ,ব্যঙ্গার্থে অতি চাতুরিতে দক্ষ ব্যক্তি,आँखों का काँटा,A person who is disliked or irritating.,HIGH,False,bn-hi
8549,সিদ্ধহস্ত,অতি কৌশলী; অত্যন্ত দক্ষ/নিপুণ,थक कर चूर होना,To be extremely tired.,HIGH,False,bn-hi
8552,সিন্ধুতে বিন্দু,"গণনার মধ্যেই আসে না, তিল পরিমাণ",कान पकड़ना,To promise not to repeat a mistake.,HIGH,False,bn-hi
8553,সীতার অগ্নিপরীক্ষা,কঠিন পরিস্থিতির সম্মুখীন,तिनके का सहारा,A small help in a difficult situation.,HIGH,False,bn-hi
8556,সুখে থাকতে ভূতে কিলায়,সুখের জীবনে দুঃখ ডেকে আনা; সুখের মর্যাদা না বুঝে স্বেচ্ছায় দুঃখ বরণ করা,सांप भी मर जाए और लाठी भी न टूटे,Finding a solution that satisfies all parties without loss.,HIGH,False,bn-hi
8557,সুখের কাঁটা,সুখের সংসারে কষ্টসঞ্চারকারী বা দুঃখ আনয়নকারী,सांप भी मर जाए और लाठी भी न टूटे,Finding a solution that satisfies all parties without loss.,HIGH,False,bn-hi
8560,সুড়সুড় করে স্থানত্যাগ,নিঃশব্দে লঘুপদে গমন,सांप भी मर जाए और लाठी भी न टूटे,Finding a solution that satisfies all parties without loss.,HIGH,False,bn-hi
8561,সুড়সুড়ি দেওয়া,কানভারি করা কথা বলা,कान में कहना,To speak secretly.,HIGH,False,bn-hi
8567,সুবর্ণ সুযোগ,দুর্লভ বা শ্রেষ্ঠ সুযোগ; সব দিক দিয়ে উপযুক্ত সুযোগ,सांप भी मर जाए और लाठी भी न टूटे,Finding a solution that satisfies all parties without loss.,HIGH,False,bn-hi
8570,সুর বদলানো,মতের পরিবর্তন করা; কথার মোড় ঘুরিয়ে দেওয়া,छोटा मुँह बड़ी बात,Talking beyond one's status.,HIGH,False,bn-hi
8571,সুর ভাঁজা,আস্ফালন করা,आसमान सिर पर उठाना,To create a lot of noise or chaos.,HIGH,False,bn-hi
8574,সুরাসুরবোধ,ভালমন্দের পার্থক্যবোধ,आसमान से गिरा खजूर में अटका,From bad to worse.,HIGH,False,bn-hi
8577,সুসংবাদ,ব্যঙ্গার্থে অবাঞ্ছিত সংবাদ,आसमान से गिरा खजूर में अटका,From bad to worse.,HIGH,False,bn-hi
8581,সেয়ানা পাগল,স্বার্থসম্পর্কে পূর্ণসচেতন ব্যক্তি,आँखों का काँटा,A person who is disliked or irritating.,HIGH,False,bn-hi
8582,সেয়ানা-বোকা,"অবুঝের ভান করে এমন লোক, কপট সাধু",आँखों का काँटा,A person who is disliked or irritating.,HIGH,False,bn-hi
8592,সোজা করে বলা,স্পষ্ট করে বলা,जुबान फिसलना,To say something unintentionally.,HIGH,False,bn-hi
8593,সোজা দাঁড়ানো,সমানেসমানে বা সামনাসামনি দাঁড়ানো,मुँह की खाना,To face defeat.,HIGH,False,bn-hi
8594,সোজা রাস্তা,গলিঘুঁজি নেই এমন রাস্তা,सांप भी मर जाए और लाठी भी न टूटे,Finding a solution that satisfies all parties without loss.,HIGH,False,bn-hi
8595,সোজা লোক,অকপট সরল লোক,आँखों का काँटा,A person who is disliked or irritating.,HIGH,False,bn-hi
8596,সোজা সাপটা,কোন মারপ্যাঁচ নেই এমন,सांप भी मर जाए और लाठी भी न टूटे,Finding a solution that satisfies all parties without loss.,HIGH,False,bn-hi
8597,সোজাসুজি,"অকপট সত্যভাষণ, সরাসরি, সোজাভাবে",सांप भी मर जाए और लाठी भी न टूटे,Finding a solution that satisfies all parties without loss.,HIGH,False,bn-hi
8598,সোজা হয়ে দাঁড়ানো,মাথা তুলে দাঁড়ানো,धरना देना,To stand firm on an issue.,HIGH,False,bn-hi
8604,সোনার ছেলে,পরম আদরের সন্তান,थक कर चूर होना,To be extremely tired.,HIGH,False,bn-hi
8609,সোনার লঙ্কা ছারখার,সোনার সংসারে চরম আর্থিক বিপর্যয়,खून खौलना,To feel extreme anger.,HIGH,False,bn-hi
8618,স্থানে-অস্থানে,"শরীরের কোন অনির্দিষ্ট স্থান, যেখানে আঘাত লাগলে প্রাণসংশয় হতে পারে",घर का भेदी लंका ढाए,An insider can cause downfall.,HIGH,False,bn-hi
8620,স্নেহের পাত্র,স্নেহাশীর্ণ বা প্রিয় ব্যক্তি,आँखों का काँटा,A person who is disliked or irritating.,HIGH,False,bn-hi
8621,স্নেহের পাত্র,স্নেহাশীর্ণ বা প্রিয় ব্যক্তি,आँखों का काँटा,A person who is disliked or irritating.,HIGH,False,bn-hi
8626,স্বখাত সলিল,নিজের ডাকা বিপদ; স্বীয়কৃত কর্মফল,छोटा मुँह बड़ी बात,Talking beyond one's status.,HIGH,False,bn-hi
8627,স্বগতোক্তি,"অন্যে যেন শুনতে না পায়, এমন উক্তি",कान पकड़ना,To promise not to repeat a mistake.,HIGH,False,bn-hi
8628,স্বতঃসিদ্ধ,এমনই স্পষ্ট যে সত্যতা উপলব্ধির জন্য প্রমাণ অনাবশ্যক,सांप भी मर जाए और लाठी भी न टूटे,Finding a solution that satisfies all parties without loss.,HIGH,False,bn-hi
8629,স্বতঃস্ফূর্ত,আপনা হতে; পরের চেষ্টা ছাড়াই,सांप भी मर जाए और लाठी भी न टूटे,Finding a solution that satisfies all parties without loss.,HIGH,False,bn-hi
8631,স্বপ্নেও না ভাবা,কোনপ্রকারে আশা না করা; কল্পনারও বাইরে,छोटा मुँह बड़ी बात,Talking beyond one's status.,HIGH,False,bn-hi
8632,স্বপ্নেরও অগোচর,অতি অসম্ভব ঘটনা,थक कर चूर होना,To be extremely tired.,HIGH,False,bn-hi
8638,স্বর্গে তুলে দেওয়া,অতিরিক্ত প্রশংসায় ভরে দেওয়া; মাত্রাতিরিক্ত প্রশংসায় অহঙ্কারী করা,दिल पर पत्थर रखना,To control emotions with difficulty.,HIGH,False,bn-hi
8640,স্বর্গের অপ্সরী,অতীব সুন্দরী নারী,थक कर चूर होना,To be extremely tired.,HIGH,False,bn-hi
8641,স্বর্গের সিঁড়ি করা,দীর্ঘসূত্রতায় যে কাজ আর কোনদিন হয় না,सांप भी मर जाए और लाठी भी न टूटे,Finding a solution that satisfies all parties without loss.,HIGH,False,bn-hi
8642,স্বর্ণগর্ভা,"গর্ভে সোনার চাঁদের মতো সন্তান ধারণ করেছে এমন, সুসন্তানপ্রসবিনী",दिल पर पत्थर रखना,To control emotions with difficulty.,HIGH,False,bn-hi
8643,স্বর্ণপ্রতিমা,অতীব সুন্দরী নারী,थक कर चूर होना,To be extremely tired.,HIGH,False,bn-hi
8644,স্বর্ণপ্রসূ,অতিশয় উর্বর,थक कर चूर होना,To be extremely tired.,HIGH,False,bn-hi
8646,স্বস্তির নিশ্বাস ফেলা,বিপদ কেটে যাওয়ার পর স্বস্তি অনুভব করা,कलेजा ठंडा होना,To feel satisfied after revenge.,HIGH,False,bn-hi
8648,স্রোতে গা ঢালা,যেমন চলছে তেমনই চলুক; নিশ্চেষ্ট হয়ে বসে থাকা,सांप भी मर जाए और लाठी भी न टूटे,Finding a solution that satisfies all parties without loss.,HIGH,False,bn-hi
8649,স্রোতের শ্যাওলা,অবলম্বনহীন বা আশ্রয়হীন ব্যক্তি,सांप भी मर जाए और लाठी भी न टूटे,Finding a solution that satisfies all parties without loss.,HIGH,False,bn-hi
8650,স্লথগতি,"অতি ধীর গতি, দীর্ঘসূত্রতা",थक कर चूर होना,To be extremely tired.,HIGH,False,bn-hi
8658,হট করে,কোন চিন্তাভাবনা না করে; তাড়াহুড়ো করে,सांप भी मर जाए और लाठी भी न टूटे,Finding a solution that satisfies all parties without loss.,HIGH,False,bn-hi
8662,হঠাৎ নবাব,আকস্মিক বড়লোক,आँखों का काँटा,A person who is disliked or irritating.,HIGH,False,bn-hi
8663,হড়বড় করা,অতি ব্যস্ততার ভাব প্রকাশ করা,खून खौलना,To feel extreme anger.,HIGH,False,bn-hi
8664,হতচ্ছাড়া,ভাগ্য খারাপ এমন ব্যক্তি- গালিবিশেষ,दिल पर पत्थर रखना,To control emotions with difficulty.,HIGH,False,bn-hi
8667,হতভাগা,ভাগ্য খারাপ এমন ব্যক্তি-গালিবিশেষ,दिल पर पत्थर रखना,To control emotions with difficulty.,HIGH,False,bn-hi
8668,হতোস্মি,"আমি মারা গেলাম, খেদোক্তি",हाथ मलना,To regret deeply.,HIGH,False,bn-hi
8669,হত্যে দেওয়া,অভীষ্টলাভের আশায় আমৃত্যু দেবমূর্তির সামনে পড়ে থাকা,छोटा मुँह बड़ी बात,Talking beyond one's status.,HIGH,False,bn-hi
8670,হাত্যে দেওয়া,দীর্ঘক্ষণ অপেক্ষা করা,तेल देखो तेल की धार देखो,Wait and observe carefully.,HIGH,False,bn-hi
8671,হাত্যে দেওয়া,দীর্ঘক্ষণ অপেক্ষা করা,तेल देखो तेल की धार देखो,Wait and observe carefully.,HIGH,False,bn-hi
8674,হদ্দ হওয়া,অত্যন্ত ক্লান্ত বা জেরবার হওয়া,आग बबूला होना,To become extremely angry.,HIGH,False,bn-hi
8675,হন্তদন্ত,অতি ব্যস্ত ও উৎকণ্ঠিত,थक कर चूर होना,To be extremely tired.,HIGH,False,bn-hi
8676,হন্নে হওয়া,কোনকিছুর জন্য ব্যাকুল হওয়া; ক্ষেপে যাওয়া,दिल पर पत्थर रखना,To control emotions with difficulty.,HIGH,False,bn-hi
8678,হবচন্দ্র রাজার গবচন্দ্র মন্ত্রী,অকর্মণ্য ব্যক্তির ততোধিক অযোগ্য পরামর্শদাতা,आँखों का काँटा,A person who is disliked or irritating.,HIGH,False,bn-hi
8680,হবু ছেলের অন্নপ্রাসন,কাজ জানা নেই কাজের জন্য প্রস্তুতি,सांप भी मर जाए और लाठी भी न टूटे,Finding a solution that satisfies all parties without loss.,HIGH,False,bn-hi
8681,হম্বিতম্বি করা,আস্ফালন করা বা চিৎকার-চেঁচামেচি করা; দুর্বলকে ভয় দেখানো,नाक ऊँची करना,To make proud.,HIGH,False,bn-hi
8683,হয়কে নয় করা,যা ঘটেছে তাকে ঘটেনি বলে প্রমাণ করা; সত্যকে মিথ্যা প্রতিপন্ন করা,सांप भी मर जाए और लाठी भी न टूटे,Finding a solution that satisfies all parties without loss.,HIGH,False,bn-hi
8686,হয়-হয়,একান্ত আসন্ন,थक कर चूर होना,To be extremely tired.,HIGH,False,bn-hi
8687,হয়রান পরেশান,নাকালের একশেষ,खून खौलना,To feel extreme anger.,HIGH,False,bn-hi
8690,হরকিসিম,নানাবিধ; হরেকরকম,सांप भी मर जाए और लाठी भी न टूटे,Finding a solution that satisfies all parties without loss.,HIGH,False,bn-hi
8691,হরদম,অনবরত; সর্বক্ষণ,सांप भी मर जाए और लाठी भी न टूटे,Finding a solution that satisfies all parties without loss.,HIGH,False,bn-hi
8692,হরহর ফুনমৌলা,সর্ববিদ্যাবিশারদ,सांप भी मर जाए और लाठी भी न टूटे,Finding a solution that satisfies all parties without loss.,HIGH,False,bn-hi
8693,হরফুনমৌলা,ব্যঙ্গার্থে সবজান্তা; সকল কাজের কাজি,दीवारों के कान होना,Confidential matters may be overheard.,HIGH,False,bn-hi
8694,হরবোলা,যে বহু বিভিন্ন বুলি বলতে পারে,घर का भेदी लंका ढाए,An insider can cause downfall.,HIGH,False,bn-hi
8696,হরিজন,উচ্চবর্ণ হিন্দুদ্বারা অস্পৃশ্য বলে অবহেলিত ভারতের হিন্দু সম্প্রদায় মেথরশ্রেণির লোক,आँखों का काँटा,A person who is disliked or irritating.,HIGH,False,bn-hi
8698,হরিণহৃদয়,ভীরুপ্রকৃতির লোক,आँखों का काँटा,A person who is disliked or irritating.,HIGH,False,bn-hi
8699,হরিদাস পাল,কর্তৃত্ব ফলানো ব্যক্তির প্রতি বক্রোক্তি; বিদ্রুপে নগণ্যব্যক্তি,आँखों का काँटा,A person who is disliked or irritating.,HIGH,False,bn-hi
8701,হরিভক্তি উবে যাওয়া,ব্যঙ্গে শ্রদ্ধা নষ্ট হওয়া,नाक कटना,To lose respect or honor.,HIGH,False,bn-hi
8703,হরির খুড়ো,সম্পর্কহীন বা দূরসম্পর্কীয় ব্যক্তি,दिल पर पत्थर रखना,To control emotions with difficulty.,HIGH,False,bn-hi
8705,হরিষে বিষাদ,আনন্দের মাঝে হঠাৎ দুঃখজনক ঘটনা; আনন্দমিশ্রিত বেদনা,दिल पर पत्थर रखना,To control emotions with difficulty.,HIGH,False,bn-hi
8706,হরিহর আত্মা,অভিন্ন হৃদয়ের বন্ধু,दिल पर पत्थर रखना,To control emotions with difficulty.,HIGH,False,bn-hi
8709,হর্তাকর্তা বিধাতা,সর্বোত্তম প্রভুত্বের অধিকারী ব্যক্তি,नाक कटना,To lose respect or honor.,HIGH,False,bn-hi
8710,হলদে চোখ,আবিল/ঈর্ষাপরায়ণ দৃষ্টি,दिल में आग लगना,To feel jealousy or anger.,HIGH,False,bn-hi
8711,হলদে মেরে যাওয়া,অত্যন্ত ভয় পেয়ে যাওয়া,थक कर चूर होना,To be extremely tired.,HIGH,False,bn-hi
8713,হলায় গলায়,"অন্তরঙ্গ বন্ধুত্ব, অতিশয় ঘনিষ্ঠতা",खून खौलना,To feel extreme anger.,HIGH,False,bn-hi
8714,হলুদ গুঁড়ো,সবকাজের কাজি; সব ব্যাপারে যে উপস্থিত,सांप भी मर जाए और लाठी भी न टूटे,Finding a solution that satisfies all parties without loss.,HIGH,False,bn-hi
8715,হস্তিনী,চতুর্বিধ নারীপ্রকৃতির চতুর্থপ্রকৃতি; এই প্রকৃতির নারীরা ভারী শরীরের অধিকারী হয়; জোরে কথা বলে; প্রচুর পরিমাণে খেতে ও ঘুমোতে ভালবাসে,कान में कहना,To speak secretly.,HIGH,False,bn-hi
8719,হাঁ করে,অবাক হয়ে,दिल पर पत्थर रखना,To control emotions with difficulty.,HIGH,False,bn-hi
8724,হাঁকডাক,ক্রমাগত ডাক বা চিৎকার,पानी सिर से गुजरना,Situation getting out of control.,HIGH,False,bn-hi
8725,হাঁকপাঁক করা,উদবেগে অস্থিরতা বা ব্যাকুলতা প্রকাশ করা,दिल का बोझ हल्का करना,To express feelings.,HIGH,False,bn-hi
8726,হাঁকাহাঁকি,সহচর শব্দ; চেঁচিয়ে ডাকাডাকি,पानी सिर से गुजरना,Situation getting out of control.,HIGH,False,bn-hi
8730,হাঁটু গাড়া,"অধীনতা স্বীকার করা; নত হওয়া, শ্রদ্ধাজ্ঞাপন করা",नाक कटना,To lose respect or honor.,HIGH,False,bn-hi
8732,হাঁটুজলে ডুবে মরা,সামান্য বিপদে নাজেহাল,मुँह की खाना,To face defeat.,HIGH,False,bn-hi
8733,হাঁটুর বয়স,বিদ্রুপে নিতান্ত শিশু; কারও তুলনায় বয়সে খুবই ছোটো,थक कर चूर होना,To be extremely tired.,HIGH,False,bn-hi
8734,হাঁড়িকুঁড়ি,কুমোরের গড়া হাঁড়ি কলসি ইত্যাদি মাটির যাবতীয় জিনিসপত্র,सांप भी मर जाए और लाठी भी न टूटे,Finding a solution that satisfies all parties without loss.,HIGH,False,bn-hi
8736,হাঁড়ি ভাঙা,অন্যের বাড়িতে প্রবেশ করে চুরি করে হাঁড়ি থেকে ভাত খাওয়া,आसमान से गिरा खजूर में अटका,From bad to worse.,HIGH,False,bn-hi
8738,হাঁড়িমুখ,"অভিমানে, ক্রোধে বা রাগে কালো, গোমড়া বা গম্ভীর মুখ",मुँह की खाना,To face defeat.,HIGH,False,bn-hi
8739,হাঁড়ির খবর,"একেবারে ভিতরের খবর, গোপন কথা",दीवारों के कान होना,Confidential matters may be overheard.,HIGH,False,bn-hi
8741,হাঁড়ির মুখের মত সরা,বিদ্রুপাত্মকভাবে খারাপ কনে এবং খারাপ বরের মতো দুটি খারাপ জিনিসের সমান মিল,आसमान से गिरा खजूर में अटका,From bad to worse.,HIGH,False,bn-hi
8745,হাঁপ ছাড়া,স্বস্তি পাওয়া,दिमाग खराब होना,To get irritated.,HIGH,False,bn-hi
8747,হাঁপা-হাঁপি,অতিরিক্ত তাড়াহুড়ো বা ব্যস্ততা না করে ধীরে সুস্থে কাজ করা,सांप भी मर जाए और लाठी भी न टूटे,Finding a solution that satisfies all parties without loss.,HIGH,False,bn-hi
8749,হাঁপাই ঝাঁপাই করা,অতিব্যস্ত হয়ে পড়া,आग बबूला होना,To become extremely angry.,HIGH,False,bn-hi
8752,হাঁসফাঁস করা,"অতি কষ্টে নিশ্বাস-প্রশ্বাস ত্যাগ ও গ্রহণ, অস্থির বা ব্যাকুল হওয়া",दिल पर पत्थर रखना,To control emotions with difficulty.,HIGH,False,bn-hi
8756,হাই-আমলা,বরকে কন্যার বশীভূত রাখবার জন্য প্রদত্ত আমলকী ও অন্যান্য বস্তুর মিশ্রিত পিণ্ড,दिल पर पत्थर रखना,To control emotions with difficulty.,HIGH,False,bn-hi
8758,হাইকোর্ট দেখানো,বোকা বানানোর চেষ্টা,आँखों में धूल झोंकना,To deceive someone.,HIGH,False,bn-hi
8759,হাই-জ্যাক,"ভয় দেখিয়ে বাস, ট্রাক বা বিমান ইত্যাদি ছিনতাই করা",दिल पर पत्थर रखना,To control emotions with difficulty.,HIGH,False,bn-hi
8761,হাওয়া খাওয়া,"অনাহারে থাকা, কিছু না খাওয়া",कान पकड़ना,To promise not to repeat a mistake.,HIGH,False,bn-hi
8764,হাওয়া ফেরা,জনসাধারণের মতিগতির অনুকূলে দেশের অবস্থার পরিবর্তন,दिल पर पत्थर रखना,To control emotions with difficulty.,HIGH,False,bn-hi
8765,হাওয়া বদল,স্বাস্থ্য উদ্ধারের জন্য স্থানপরিবর্তন,रंग बदलना,To change attitude quickly.,HIGH,False,bn-hi
8767,হায় কপাল,মন্দভাগ্যের প্রতি ইঙ্গিত,आसमान से गिरा खजूर में अटका,From bad to worse.,HIGH,False,bn-hi
8768,হাকিম নড়ো তো হুকুম নড়ে না,হুকুম বা আদেশ দিয়ে বিচারক অন্যত্র চলে গেলেও তার হুকুম জারি থাকে,नौ दो ग्यारह होना,To run away quickly.,HIGH,False,bn-hi
8769,হা-ঘরে,"আশ্রয়হীন, গৃহহীন, নিদারুণ দৈন্যের জন্য যার ঘরে হাহাকার, হীনবংশীয়",दिल पर पत्थर रखना,To control emotions with difficulty.,HIGH,False,bn-hi
8770,হাঙর,"পরের সম্পত্তি গ্রাসকারী, ছিনতাইকারী",आँखों का काँटा,A person who is disliked or irritating.,HIGH,False,bn-hi
8774,হাজারে বেজার,সবতাতেই বিরক্তি,दिल पर पत्थर रखना,To control emotions with difficulty.,HIGH,False,bn-hi
8779,হাটে কলা নৈবিদ্যায় নমঃ,প্রয়োজনীয় জিনিস না পেয়েও কোনরকমে কাজ শেষ করা,सांप भी मर जाए और लाठी भी न टूटे,Finding a solution that satisfies all parties without loss.,HIGH,False,bn-hi
8783,হাড্ডিসার,অতিশয় শীর্ণ,थक कर चूर होना,To be extremely tired.,HIGH,False,bn-hi
8784,হাড় এক ঠাঁই মাস এক ঠাঁই,প্রচণ্ড প্রহার করা হবে যাতে হাড় ও মাংস আলাদা হয়ে যায়,सांप भी मर जाए और लाठी भी न टूटे,Finding a solution that satisfies all parties without loss.,HIGH,False,bn-hi
8785,হাড় কাটে তো মাস কাটে না,অত্যন্ত ভোঁতা অথচ ভারী অস্ত্র; ভারহেতু হাড় ভাঙে কিন্তু ধার না থাকায় মাংস কাটে না,थक कर चूर होना,To be extremely tired.,HIGH,False,bn-hi
8786,হাড় কালি হওয়া,অত্যন্ত দুঃখকষ্ট ভোগ করা,खून खौलना,To feel extreme anger.,HIGH,False,bn-hi
8787,হাড় কিপটে,মাত্রাহীন কৃপণ,थक कर चूर होना,To be extremely tired.,HIGH,False,bn-hi
8788,হাড়গিলে,"লম্বাগলা, রোগা ও ঢ্যাঙা চেহারার লোক",दिल पर पत्थर रखना,To control emotions with difficulty.,HIGH,False,bn-hi
8790,হাড়গোড়,ছোটো-বড়ো সমস্ত হাড়-পাঁজরা,तिनके का सहारा,A small help in a difficult situation.,HIGH,False,bn-hi
8792,হাড় জিরজিরে,অত্যন্ত কৃশ,थक कर चूर होना,To be extremely tired.,HIGH,False,bn-hi
8793,হাড় জুড়ানো,স্বস্তিলাভ করা,खून खौलना,To feel extreme anger.,HIGH,False,bn-hi
8794,হাড় জ্বালানো,অত্যন্ত উত্ত্যক্ত বিরক্ত বা নির্যাতন করা,थक कर चूर होना,To be extremely tired.,HIGH,False,bn-hi
8795,হাড়জ্বালানো,অত্যন্ত উত্ত্যক্ত বিরক্ত বা নির্যাতন করে এমন,थक कर चूर होना,To be extremely tired.,HIGH,False,bn-hi
8798,হাড়পেকে,অতিশয় কৃশ,थक कर चूर होना,To be extremely tired.,HIGH,False,bn-hi
8800,হাড়বজ্জাত,"অতি দুষ্ট প্রকৃতির লোক, স্বভাব বজ্জাত",थक कर चूर होना,To be extremely tired.,HIGH,False,bn-hi
8801,হাড় ভাঙা,খুব মার দেওয়া বা কঠোর পরিশ্রম,पैर जमाना मुश्किल होना,Hard to establish oneself.,HIGH,False,bn-hi
8803,হাড় ভাজা ভাজা হওয়া,অত্যন্ত জ্বালাতনে পড়া,खून खौलना,To feel extreme anger.,HIGH,False,bn-hi
8804,হাড় মাটি করা,অত্যধিক শ্রমে জীবনপাত করা; কঠোর পরিশ্রম করা,खून पसीना एक करना,To work extremely hard.,HIGH,False,bn-hi
8805,হাড় মাটি করা,অত্যধিক শ্রমে জীবনপাত করা; কঠোর পরিশ্রম করা,खून पसीना एक करना,To work extremely hard.,HIGH,False,bn-hi
8806,হাড়মাস এক হওয়া,অত্যন্ত পরিশ্রমে কাতর হওয়া,खून खौलना,To feel extreme anger.,HIGH,False,bn-hi
8809,হাড়হদ্দ,নাড়িনক্ষত্র; সব তথ্য,सांप भी मर जाए और लाठी भी न टूटे,Finding a solution that satisfies all parties without loss.,HIGH,False,bn-hi
8811,হাড় হিম করা ঠাণ্ডা,ঠাণ্ডা আবহাওয়ার অত্যধিকতা,खून खौलना,To feel extreme anger.,HIGH,False,bn-hi
8813,হাড়ে চটা,অত্যন্ত ক্রুদ্ধ; অতিশয় চটা ভাবাপন্ন,थक कर चूर होना,To be extremely tired.,HIGH,False,bn-hi
8814,হাড়ে দূর্বা গজানো,অত্যন্ত অলসতা বা চরম আলসেমির লক্ষণ,खून खौलना,To feel extreme anger.,HIGH,False,bn-hi
8815,হাড়ে নাড়ে জ্বালানো,চারিদিক থেকে নানাপ্রকারে জ্বালানো,सांप भी मर जाए और लाठी भी न टूटे,Finding a solution that satisfies all parties without loss.,HIGH,False,bn-hi
8816,হাড়ে বাতাস লাগা,স্বস্তি পাওয়া,खून खौलना,To feel extreme anger.,HIGH,False,bn-hi
8818,হাড়েমাসে জ্বালানে,খুব বিরক্তকর,थक कर चूर होना,To be extremely tired.,HIGH,False,bn-hi
8821,হাড়ে হাড়ে টের পাওয়া,মর্মে মর্মে অনুভাব করা,छोटा मुँह बड़ी बात,Talking beyond one's status.,HIGH,False,bn-hi
8822,হাত আসা,অভ্যস্ত বা রপ্ত হওয়া,कान खड़े होना,To become alert.,HIGH,False,bn-hi
8823,হাত ওঠানো,নিরস্ত হওয়া,हाथ खड़े करना,To give up.,HIGH,False,bn-hi
8824,হাত এড়ানো,অধিকারের বাইরে চলে যাওয়া,छोटा मुँह बड़ी बात,Talking beyond one's status.,HIGH,False,bn-hi
8825,হাত এড়ানো,অধিকারের বাইরে চলে যাওয়া,छोटा मुँह बड़ी बात,Talking beyond one's status.,HIGH,False,bn-hi
8826,হাত কচলানো,অতি দীনভাবে মিনতি করা বা প্রার্থনা করা,नाक रगड़ना,To beg humbly.,HIGH,False,bn-hi
8828,হাত করা,"আয়ত্ব করা, বশ করা; বশে আনা/রাখা, স্বপক্ষে আনা",छोटा मुँह बड़ी बात,Talking beyond one's status.,HIGH,False,bn-hi
8831,হাত কাটা,ক্ষমতাচ্যুত করা; স্বাধীনভাবে কাজ করার অধিকার কেড়ে নেওয়া,आसमान से गिरा खजूर में अटका,From bad to worse.,HIGH,False,bn-hi
8832,হাত কাটা,ক্ষমতাচ্যুত করা; স্বাধীনভাবে কাজ করার অধিকার কেড়ে নেওয়া,आसमान से गिरा खजूर में अटका,From bad to worse.,HIGH,False,bn-hi
8837,হাত কালি করা,কলঙ্কিত করা,छोटा मुँह बड़ी बात,Talking beyond one's status.,HIGH,False,bn-hi
8838,হাত কালি করা,কলঙ্কিত করা,छोटा मुँह बड़ी बात,Talking beyond one's status.,HIGH,False,bn-hi
8839,হাত কেটে বসা,নিজেই প্রতিকারের উপায় নষ্ট করা,सांप भी मर जाए और लाठी भी न टूटे,Finding a solution that satisfies all parties without loss.,HIGH,False,bn-hi
8840,হাত কোমরে রাখা,দুর্বল হয়ে পড়া,कान खड़े होना,To become alert.,HIGH,False,bn-hi
8844,হাত গুটানো,নিবৃত্ত/নিরস্ত হওয়া; নিজেকে লিপ্ত না রাখা,आसमान से गिरा खजूर में अटका,From bad to worse.,HIGH,False,bn-hi
8845,হাত গোনা,হস্তরেখা দেখে ভাগ্যবিচার করা,छोटा मुँह बड़ी बात,Talking beyond one's status.,HIGH,False,bn-hi
8847,হাত চালানো,দ্রুত কাজ শেষ করা,खून पसीना एक करना,To work extremely hard.,HIGH,False,bn-hi
8848,হাত চিঠা,"ক্ষুদ্র চিঠি, রসিদ, প্রাপ্তিস্বীকারপত্র",तिनके का सहारा,A small help in a difficult situation.,HIGH,False,bn-hi
8850,হাতছাড়া,"অধিকারচ্যুত, বেদখল, বেহাত; হস্তচ্যুত, হাতের বাইরে",दिल पर पत्थर रखना,To control emotions with difficulty.,HIGH,False,bn-hi
8851,হাত ছাড়ালে সতের হাত,একবার গেলে অধিকার আবার ফিরে পাওয়া দুঃসাধ্য,तिनके का सहारा,A small help in a difficult situation.,HIGH,False,bn-hi
8854,হাত ছোট আম বড়,ধরতে অসুবিধা,पानी सिर से गुजरना,Situation getting out of control.,HIGH,False,bn-hi
8855,হাত জোড়া থাকা,অবসর না থাকা; কাজে লিপ্ত থাকা; হাতে কাজ থাকা,दिल में चिंगारी होना,To have passion.,HIGH,False,bn-hi
8856,হাত ঝাড়লে পর্বত,ধনাধিক্য; ধনীর অল্প দান গ্রহীতার কাছে প্রচুর মনে হয়,तिनके का सहारा,A small help in a difficult situation.,HIGH,False,bn-hi
8860,হাত তোলা,প্রহারের জন্য,छोटा मुँह बड़ी बात,Talking beyond one's status.,HIGH,False,bn-hi
8862,হাত দিয়ে হাতী ঠেলা,সামান্য উপায়ে বিরাট কাজ সম্পন্ন করে,दिल पर पत्थर रखना,To control emotions with difficulty.,HIGH,False,bn-hi
8865,হাত ধরা,অনুরোধ করা,हाथ जोड़ना,To request humbly.,HIGH,False,bn-hi
8866,হাত ধুয়ে বসা,প্রাপ্তির আশা ছেড়ে দেওয়া,हाथ खड़े करना,To give up.,HIGH,False,bn-hi
8868,হাত নিসপিস করা,কিছু করার জন্য ব্যগ্র হওয়া,कान खड़े होना,To become alert.,HIGH,False,bn-hi
8869,হাত নুড়কুৎ,কাজকর্মে সাহায্য করার মত ছেলে,दिल पर पत्थर रखना,To control emotions with difficulty.,HIGH,False,bn-hi
8873,হাত পা চলা,"একইসঙ্গে হাত ও পা দিয়ে মারা, চড় ঘুষি ও লাথি মারা",दिल पर पत्थर रखना,To control emotions with difficulty.,HIGH,False,bn-hi
8874,হাত পা ছেড়ে দেওয়া,নিশ্চেষ্ট হওয়া,कान खड़े होना,To become alert.,HIGH,False,bn-hi
8875,হাত পা ঠাণ্ডা হয়ে আসা,প্রচণ্ড ভীত হওয়া,आग बबूला होना,To become extremely angry.,HIGH,False,bn-hi
8876,হাত পাতা,ঘুষ নেওয়া,दिल पर लेना,To take something personally.,HIGH,False,bn-hi
8877,হাত পাতা,ঘুষ নেওয়া,दिल पर लेना,To take something personally.,HIGH,False,bn-hi
8878,হাত পা না ওঠা,খুব ভীত হয়ে অসহায় বোধ করা,थक कर चूर होना,To be extremely tired.,HIGH,False,bn-hi
8879,হাত-পা পেটের মধ্যে ঢোকা,অত্যন্ত আতঙ্কগ্রস্ত হওয়া,थक कर चूर होना,To be extremely tired.,HIGH,False,bn-hi
8881,হাত-পা বেঁধে জলে ফেলা,পরিত্রাণ লাভের পথ রুদ্ধ করে নিদারুণ বিপদে নিক্ষেপ করা,सांप भी मर जाए और लाठी भी न टूटे,Finding a solution that satisfies all parties without loss.,HIGH,False,bn-hi
8883,হাত ফসকানো,নিয়ন্ত্রণের বাইরে চলে যাওয়া,दिल पर पत्थर रखना,To control emotions with difficulty.,HIGH,False,bn-hi
8884,হাত ফসকানো,নিয়ন্ত্রণের বাইরে চলে যাওয়া,दिल पर पत्थर रखना,To control emotions with difficulty.,HIGH,False,bn-hi
8887,হাত বদল করা,ঠকানোর উদ্দেশ্যে ভালো মালের বদলে খারাপ মাল দেওয়া,आँखों में धूल झोंकना,To deceive someone.,HIGH,False,bn-hi
8888,হাত বদল হওয়া,একজনের কাছ থেকে অন্যের কাছে যাওয়া; অধিকার হস্তচ্যুত,आसमान से गिरा खजूर में अटका,From bad to worse.,HIGH,False,bn-hi
8889,হাত বসা,কাজে অভস্ত/দক্ষ হওয়া,कान खड़े होना,To become alert.,HIGH,False,bn-hi
8891,হাত বাক্স,ছোটো বাক্সবিশেষ,तिनके का सहारा,A small help in a difficult situation.,HIGH,False,bn-hi
8892,হাত বুলানো,আদর করা,आँखें तरेरना,To show anger.,HIGH,False,bn-hi
8893,হাতভারী,"কৃপণ, ব্যয়ে কুণ্ঠিত, ঋণ পরিশোধে অনিচ্ছুক, সহজে টাকা বের করতে বা দিতে অনিচ্ছুক",हाथ खड़े करना,To give up.,HIGH,False,bn-hi
8894,হাত মেলানো,সঙ্গী/একমত হওয়া,कान खड़े होना,To become alert.,HIGH,False,bn-hi
8895,হাত লম্বা,কিছুই নাগালের বাইরে নয়,छोटा मुँह बड़ी बात,Talking beyond one's status.,HIGH,False,bn-hi
8899,হাতসই,এক হাত মাপ বিশিষ্ট,सांप भी मर जाए और लाठी भी न टूटे,Finding a solution that satisfies all parties without loss.,HIGH,False,bn-hi
8900,হাতসাফা,নির্দোষ কলঙ্কমুক্ত,आसमान से गिरा खजूर में अटका,From bad to worse.,HIGH,False,bn-hi
8906,হাতী,স্থূলকায় ব্যক্তি,दिल पर पत्थर रखना,To control emotions with difficulty.,HIGH,False,bn-hi
8911,হাতীর গলায় ঘণ্টা,অসামঞ্জস্যজ্ঞাপক ব্যঙ্গ,दिल पर पत्थर रखना,To control emotions with difficulty.,HIGH,False,bn-hi
8915,হাতুড়ে ডাক্তার,চিকিৎসাশাস্ত্রে জ্ঞান ও দক্ষতা আছে বলে দাবি করে এমন আনাড়ি বৈদ্য,आँखों का काँटा,A person who is disliked or irritating.,HIGH,False,bn-hi
8917,হাতে আসা,অধিকারে বা আয়ত্তে আসা; কর্তৃত্ব হওয়া,छोटा मुँह बड़ी बात,Talking beyond one's status.,HIGH,False,bn-hi
8918,হাতে আসা,অধিকারে বা আয়ত্তে আসা; কর্তৃত্ব হওয়া,छोटा मुँह बड़ी बात,Talking beyond one's status.,HIGH,False,bn-hi
8919,হাতেকলমে,প্রত্যক্ষ বা ব্যবহারিকভাবে; স্বহস্তে কাজ করে এমন,दिल पर पत्थर रखना,To control emotions with difficulty.,HIGH,False,bn-hi
8922,হাতে গঙ্গাজল নেওয়া,শপথ করা,दिल पर लेना,To take something personally.,HIGH,False,bn-hi
8923,হাতে গড়া,স্বহস্তে বানানো,छोटा मुँह बड़ी बात,Talking beyond one's status.,HIGH,False,bn-hi
8924,হাতে গোনা,"অল্প সংখ্যক, খানকয়েক",तिनके का सहारा,A small help in a difficult situation.,HIGH,False,bn-hi
8925,হাতে জল না গলা,অত্যন্ত কৃপণতা করা,खून खौलना,To feel extreme anger.,HIGH,False,bn-hi
8927,হাতে থাকা,অনুকুল থাকা,छोटा मुँह बड़ी बात,Talking beyond one's status.,HIGH,False,bn-hi
8928,হাতে পায়ে ধরা,সনির্বন্ধ অনুরোধ করা বা মিনতি করা,नाक ऊँची करना,To make proud.,HIGH,False,bn-hi
8931,হাতে নেওয়া,গ্রহণ করা; হাত পেতে নেওয়া,दिल पर पत्थर रखना,To control emotions with difficulty.,HIGH,False,bn-hi
8934,হাতে পাঁজি মঙ্গলবার,প্রত্যক্ষ প্রমাণ থাকতে অনাবশ্যক দুশ্চিন্তা; বৃথা তর্ক না করে হাতে যা প্রত্যক্ষ প্রমাণ আছে তা দেখানো হোক,आँखें तरेरना,To show anger.,HIGH,False,bn-hi
8935,হাতে পাওয়া,অধিকারে বা নিয়ন্ত্রণে পাওয়া,दिल पर पत्थर रखना,To control emotions with difficulty.,HIGH,False,bn-hi
8936,হাতে পাওয়া,অধিকারে বা নিয়ন্ত্রণে পাওয়া,दिल पर पत्थर रखना,To control emotions with difficulty.,HIGH,False,bn-hi
8938,হাতে মাথা কাটা,এমন রাগ যে পারলে তৎক্ষনাৎ হাতে মাথা কেটে নেয়; যা খুশি তা করতে ইচ্ছা করা,सांप भी मर जाए और लाठी भी न टूटे,Finding a solution that satisfies all parties without loss.,HIGH,False,bn-hi
8939,হাতে রাখা,অধীনে/বশে রাখা,दिल पर पत्थर रखना,To control emotions with difficulty.,HIGH,False,bn-hi
8942,হাতে হাতে,"অবিলম্বে, অচিরাৎ, তৎক্ষণাৎ, সরসরি",सांप भी मर जाए और लाठी भी न टूटे,Finding a solution that satisfies all parties without loss.,HIGH,False,bn-hi
8945,হাতের তালুর মত চেনা,অতি পরিচিত,थक कर चूर होना,To be extremely tired.,HIGH,False,bn-hi
8946,হাতের জল না গলা,অতিশয় কৃপণ হওয়া,थक कर चूर होना,To be extremely tired.,HIGH,False,bn-hi
8950,হাতের পাখি ছেড় দিয়ে বনের পাখির পিছনে ছোটা,নিশ্চিত বিষয় ছেড়ে দিয়ে অনিশ্চিতের পিছনে ছোটা,कलेजा ठंडा होना,To feel satisfied after revenge.,HIGH,False,bn-hi
8952,হাতের পুতুল,যাকে দিয়ে ইচ্ছা মতো কাজ করানো যায়,छोटा मुँह बड़ी बात,Talking beyond one's status.,HIGH,False,bn-hi
8954,হাতের সুখ,মনের সুখে পেটানো,छोटा मुँह बड़ी बात,Talking beyond one's status.,HIGH,False,bn-hi
8956,হানাহানি,দুটি বিরুদ্ধ পক্ষের পরস্পর যুদ্ধ বা আক্রমণ,सांप भी मर जाए और लाठी भी न टूटे,Finding a solution that satisfies all parties without loss.,HIGH,False,bn-hi
8960,হাপুস নয়নে,ছলছল নেত্রে,दिल पर पत्थर रखना,To control emotions with difficulty.,HIGH,False,bn-hi
8961,হাপুস-হুপুস,তরল খাদ্য হাত দিয়ে তুলে সশব্দে খাওয়া,दिल पर पत्थर रखना,To control emotions with difficulty.,HIGH,False,bn-hi
8969,হাফহাতা সার্ট,কনুইপর্যন্ত হাতকাটা জামা,दिल पर पत्थर रखना,To control emotions with difficulty.,HIGH,False,bn-hi
8970,হাফ-হাফ,আধা-আধি বখরা,सांप भी मर जाए और लाठी भी न टूटे,Finding a solution that satisfies all parties without loss.,HIGH,False,bn-hi
8973,হাবড়া,অসার ও অকর্মণ্য ব্যক্তি,आँखों का काँटा,A person who is disliked or irritating.,HIGH,False,bn-hi
8979,হাভাতে,অত্যন্ত লোভী,थक कर चूर होना,To be extremely tired.,HIGH,False,bn-hi
8982,হামবড়াই ভাব,"আমিই প্রধান/সর্বেসর্বা এমন ভাব; অহঙ্কার, অহমিকা; আত্মম্ভরিতা, আত্মাভিমানী",रंग बदलना,To change attitude quickly.,HIGH,False,bn-hi
8986,হারামখোর,ঘুষ খাওয়ার জন্য লালায়িত,दिल पर लेना,To take something personally.,HIGH,False,bn-hi
8995,হাল ছাড়া,আশা ত্যাগ করা; বিরত থাকা; হতাশ হওয়া,कान खड़े होना,To become alert.,HIGH,False,bn-hi
8997,হাল ধরা,দায়িত্ব বা নেতৃত্ব গ্রহণ করা,दिल पर लेना,To take something personally.,HIGH,False,bn-hi
9003,হালুইকরের হাল,যথাসময়ে কাজ শেষ করার ব্যস্ততা,खून पसीना एक करना,To work extremely hard.,HIGH,False,bn-hi
9004,হালুচালু করা,উদবেগে অস্থির হওয়া; আকুলি-বিকুলি করা,कान खड़े होना,To become alert.,HIGH,False,bn-hi
9006,হাসি ধরে না,সারামুখ ছড়িয়ে হাসি,मुँह की खाना,To face defeat.,HIGH,False,bn-hi
9007,হাসি ফোটা,মুখমণ্ডলে হাসি প্রকাশ পাওয়া,मुँह की खाना,To face defeat.,HIGH,False,bn-hi
9012,হাহুতাশ,দুঃখে আক্ষেপ; অতিশয় আফসোস,हाथ मलना,To regret deeply.,HIGH,False,bn-hi
9014,হিং টিং ছট্,"সংস্কৃত না হলেও আপাতভাবে সংস্কৃতের মত, জ্ঞানীর কাছে অর্থহীন কিন্তু অজ্ঞের কাছে গুরুত্বপূর্ণ বলে প্রতীয়মান; না বুঝে সংস্কৃত মন্ত্রাদির প্রতি জন-সাধারণের ভয়-মিশ্রিত শ্রদ্ধার প্রতি বিদ্রূপ",सांप भी मर जाए और लाठी भी न टूटे,Finding a solution that satisfies all parties without loss.,HIGH,False,bn-hi
9015,হিকমত,ক্ষমতা; কর্মকুশলতা,खून पसीना एक करना,To work extremely hard.,HIGH,False,bn-hi
9018,হিতাহিত জ্ঞানশূন্য,ভালমন্দবোধহীন,आसमान से गिरा खजूर में अटका,From bad to worse.,HIGH,False,bn-hi
9019,হিতে বিপরীত,ভালো না হয়ে খারাপ হওয়া; উলটো বিপত্তি,पानी सिर से गुजरना,Situation getting out of control.,HIGH,False,bn-hi
9020,হিমশিলার চূড়ামাত্র,গোপন বিষয়ের অতি ক্ষুদ্রাংশ প্রকাশিত,तिनके का सहारा,A small help in a difficult situation.,HIGH,False,bn-hi
9021,হিমশীতল স্রোত বহা,বিভীষিকার আতিশয্য অনুভূতি,दिल बाग-बाग होना,Feeling extremely happy.,HIGH,False,bn-hi
9022,হিরো থেকে জিরো,সুনাম হারিয়ে দুর্নাম কেনা,छोटा मुँह बड़ी बात,Talking beyond one's status.,HIGH,False,bn-hi
9027,হীরের টুকরা,অতি মূল্যবান,थक कर चूर होना,To be extremely tired.,HIGH,False,bn-hi
9028,হীরের ধার,অতি তীক্ষ্ণবুদ্ধি,थक कर चूर होना,To be extremely tired.,HIGH,False,bn-hi
9029,হুঁকো নাপিত বন্ধ করা,সমাজচ্যুত করা,आसमान से गिरा खजूर में अटका,From bad to worse.,HIGH,False,bn-hi
9030,হুঁকো বরদার,হুঁকো নিয়ে প্রভুর সঙ্গে সঙ্গে ফেরে এরূপ ভৃত্য,आँखों का काँटा,A person who is disliked or irritating.,HIGH,False,bn-hi
9032,হুটহাট করে কথা বলা,অগ্রপশ্চাৎ বিবেচনা না করে কথা বলা,सांप भी मर जाए और लाठी भी न टूटे,Finding a solution that satisfies all parties without loss.,HIGH,False,bn-hi
9033,হুটোপাটি করা,লাফালাফি/গোলমাল করা; শিশুদের দুরন্তপনা,आसमान सिर पर उठाना,To create a lot of noise or chaos.,HIGH,False,bn-hi
9037,হুতোমপেঁচা,কদাকার ও অবাঞ্ছিত ব্যক্তি,आँखों का काँटा,A person who is disliked or irritating.,HIGH,False,bn-hi
9038,হুপ করে আসা,অকস্মাৎ আবির্ভাবের ভাবসূচক,रातों-रात बदल जाना,Sudden change.,HIGH,False,bn-hi
9039,হুমড়ি খেয়ে পড়া,পাওয়ার জন্য লোভাতুর হয়ে ঝুঁকে পড়া,पानी सिर से गुजरना,Situation getting out of control.,HIGH,False,bn-hi
9041,হুল্লোড় করা,দলবেঁধে হল্লা করা; হট্টগোল করা,आसमान सिर पर उठाना,To create a lot of noise or chaos.,HIGH,False,bn-hi
9044,হেরফের,"আদলবদল; অনৈক্য, এদিক-ওদিক, কম-বেশি, পরিবর্তন",रंग बदलना,To change attitude quickly.,HIGH,False,bn-hi
9048,হেসে কুটিকুটি,আমোদ এত বেশি যে শরীর কম্পনে টুকরো টুকরো হয়ে যাচ্ছে; হাসতে হাসতে আত্মহারা,छोटा मुँह बड़ी बात,Talking beyond one's status.,HIGH,False,bn-hi
9049,হেসেই খুন,হেসে লুটোপুটি খাওয়ার অবস্থা,सांप भी मर जाए और लाठी भी न टूटे,Finding a solution that satisfies all parties without loss.,HIGH,False,bn-hi
9052,হৈ-হুল্লোড়,ভিড় করে হল্লা করা; উদ্দাম নাচানাচি,दिल पर पत्थर रखना,To control emotions with difficulty.,HIGH,False,bn-hi
9054,হোঁচট খেয়ে প্রণাম,অনিচ্ছায় প্রণাম,पैर भारी होना,To feel reluctant to move.,HIGH,False,bn-hi
9055,হোঁদল কুঁৎকুৎ,"পেটমোটা ও ঘোর কৃষ্ণবর্ণ ব্যক্তি; মাংসল, স্থূলকায় এবং ছোটছোট দেখা যায় না এমন",थक कर चूर होना,To be extremely tired.,HIGH,False,bn-hi
9057,হোসেন শার আমল,বহুদিন আগের কথা,आसमान से गिरा खजूर में अटका,From bad to worse.,HIGH,False,bn-hi
